{
  "HVIGOR_OHOS_PLUGIN": {
    "MODULE_CONFIG": [
      {
        "MODULE_NAME": "entry",
        "API_TYPE": "stageMode",
        "TARGETS": [
          {
            "name": "default"
          },
          {
            "name": "ohosTest"
          }
        ],
        "DEVICE_TYPES": [
          "phone",
          "tablet",
          "2in1"
        ]
      }
    ],
    "PROJECT_CONFIG": {
      "PRODUCTS": [
        {
          "NAME": "default",
          "COMPILE_SDK_VERSION": "4.1.0(11)",
          "COMPATIBLE_SDK_VERSION": "4.1.0(11)",
          "RUNTIMEOS": "HarmonyOS"
        }
      ],
      "BUILD_MODE_SET": [
        {
          "NAME": "debug"
        },
        {
          "NAME": "release"
        }
      ],
      "MODULES": [
        {
          "TARGETS": [
            {
              "NAME": "default"
            }
          ]
        }
      ],
      "BUILD_MODE": "debug",
      "aotCompileMode": "type"
    }
  },
  "totalTime": 88748334,
  "moduleNum": 1,
  "taskTime": {
    "compileArkTS": 0,
    "buildArkTS": 0,
    "compileJS": 0,
    "buildJS": 670333,
    "compileResource": 0,
    "packageHap": 0,
    "signHap": 459292
  },
  "isIncremental": true,
  "hasIncremental": true,
  "isParallel": true,
  "IS_DAEMON": true,
  "LOG_LEVEL": "INFO",
  "IS_HVIGORFILE_TYPE_CHECK": false
}