{
  "version": "2.0",
  "ppid": 50250,
  "events": [
    {
      "head": {
        "id": "d1a87d01-c299-494f-861e-d1c2bcdcc1a0",
        "name": "watch worker: worker id should be larger than 0. Nothing will be sent to any worker thread.",
        "description": "",
        "type": "log"
      },
      "body": {
        "pid": 50251,
        "tid": "Main Thread",
        "startTime": 8901518821044416
      },
      "additional": {
        "logType": "debug",
        "children": []
      }
    },
    {
      "head": {
        "id": "623554b6-aef7-454d-a59a-139181dd9025",
        "name": "init",
        "description": "Initialize and build task graph.",
        "type": "duration"
      },
      "body": {
        "pid": 50251,
        "tid": "Main Thread",
        "startTime": 8901518824306291,
        "endTime": 8901519768942833
      },
      "additional": {
        "children": [
          "c339cb71-a122-4bb7-9738-607f232d7028",
          "16659219-2726-4681-89f0-0a9fa271acf7",
          "f0c267b5-36b3-4462-a985-a3fd3710fb0f",
          "f443036c-cb29-4b07-a30e-dbdcfa4c8578"
        ],
        "state": "success",
        "targetName": "",
        "moduleName": "",
        "category": "Init",
        "taskRunReasons": [],
        "logId": "5651b535-718e-45ac-909d-c9401a16f740"
      },
      "log": {
        "_logger": {
          "category": "DurationEvent",
          "context": {},
          "callStackSkipIndex": 0
        },
        "_filelogger": {
          "category": "debug-file",
          "context": {},
          "callStackSkipIndex": 0
        }
      }
    },
    {
      "head": {
        "id": "c339cb71-a122-4bb7-9738-607f232d7028",
        "name": "create hvigor project model",
        "description": "Initialize hvigor project model.",
        "type": "duration"
      },
      "body": {
        "pid": 50251,
        "tid": "Main Thread",
        "startTime": 8901518824307875,
        "endTime": 8901518829445125
      },
      "additional": {
        "children": [],
        "state": "success",
        "targetName": "",
        "moduleName": "",
        "category": "",
        "taskRunReasons": [],
        "parent": "623554b6-aef7-454d-a59a-139181dd9025",
        "logId": "012fb66d-3044-4294-a868-8359e885a570"
      },
      "log": {
        "_logger": {
          "category": "DurationEvent",
          "context": {},
          "callStackSkipIndex": 0
        },
        "_filelogger": {
          "category": "debug-file",
          "context": {},
          "callStackSkipIndex": 0
        }
      }
    },
    {
      "head": {
        "id": "16659219-2726-4681-89f0-0a9fa271acf7",
        "name": "configure hvigor plugin",
        "description": "Configure hvigor plugin.",
        "type": "duration"
      },
      "body": {
        "pid": 50251,
        "tid": "Main Thread",
        "startTime": 8901518829582833,
        "endTime": 8901519768215625
      },
      "additional": {
        "children": [
          "102fe17a-b45c-4337-a934-9c5d2570c5f6",
          "d0d2d0dc-5603-4fa2-b8a3-5e91257df86c",
          "feab8e5f-3fcb-453f-9daf-5f70193994c2",
          "c8dab6af-c55f-4e36-9294-eb4b8b2e3eb0",
          "94373694-6712-4f26-afb9-d52fe02051e8",
          "4f36304b-63db-47d3-ab22-cc3c7c33b1e9",
          "334ab3e8-e9ee-40e4-894f-772bd749680c",
          "3b7447df-909a-4ef4-99ad-00914b095b93"
        ],
        "state": "success",
        "targetName": "",
        "moduleName": "",
        "category": "",
        "taskRunReasons": [],
        "parent": "623554b6-aef7-454d-a59a-139181dd9025",
        "logId": "7d219d2a-ef5f-48ae-95ba-c5452f428a15"
      },
      "log": {
        "_logger": {
          "category": "DurationEvent",
          "context": {},
          "callStackSkipIndex": 0
        },
        "_filelogger": {
          "category": "debug-file",
          "context": {},
          "callStackSkipIndex": 0
        }
      }
    },
    {
      "head": {
        "id": "f0c267b5-36b3-4462-a985-a3fd3710fb0f",
        "name": "build task graph",
        "description": "Build task graph.",
        "type": "duration"
      },
      "body": {
        "pid": 50251,
        "tid": "Main Thread",
        "startTime": 8901519768227833,
        "endTime": 8901519768923750
      },
      "additional": {
        "children": [],
        "state": "success",
        "targetName": "",
        "moduleName": "",
        "category": "",
        "taskRunReasons": [],
        "parent": "623554b6-aef7-454d-a59a-139181dd9025",
        "logId": "63f9b45e-5182-4cab-b69b-d66fa3c3914a"
      },
      "log": {
        "_logger": {
          "category": "DurationEvent",
          "context": {},
          "callStackSkipIndex": 0
        },
        "_filelogger": {
          "category": "debug-file",
          "context": {},
          "callStackSkipIndex": 0
        }
      }
    },
    {
      "head": {
        "id": "f443036c-cb29-4b07-a30e-dbdcfa4c8578",
        "name": "init task execution option",
        "description": "Init task execution option.",
        "type": "duration"
      },
      "body": {
        "pid": 50251,
        "tid": "Main Thread",
        "startTime": 8901519768929750,
        "endTime": 8901519768939916
      },
      "additional": {
        "children": [],
        "state": "success",
        "targetName": "",
        "moduleName": "",
        "category": "",
        "taskRunReasons": [],
        "parent": "623554b6-aef7-454d-a59a-139181dd9025",
        "logId": "acd85904-e9bc-417c-981a-26bb7681829b"
      },
      "log": {
        "_logger": {
          "category": "DurationEvent",
          "context": {},
          "callStackSkipIndex": 0
        },
        "_filelogger": {
          "category": "debug-file",
          "context": {},
          "callStackSkipIndex": 0
        }
      }
    },
    {
      "head": {
        "id": "f21a68da-8031-4f1c-88cf-173c3bd179bf",
        "name": "Hvigor init with startParameters:{\n  hvigorfileTypeCheck: false,\n  parallelExecution: true,\n  incrementalExecution: true,\n  printStackTrace: false,\n  daemon: true,\n  analyze: 0,\n  logLevel: Level { level: 20000, levelStr: 'INFO', colour: 'green' }\n}",
        "description": "",
        "type": "log"
      },
      "body": {
        "pid": 50251,
        "tid": "Main Thread",
        "startTime": 8901518826083916
      },
      "additional": {
        "logType": "debug",
        "children": []
      }
    },
    {
      "head": {
        "id": "229459ab-90a0-4dec-a25c-0b02836fb7f1",
        "name": "Cache service initialization finished in 3 ms ",
        "description": "",
        "type": "log"
      },
      "body": {
        "pid": 50251,
        "tid": "Main Thread",
        "startTime": 8901518829331166
      },
      "additional": {
        "logType": "debug",
        "children": []
      }
    },
    {
      "head": {
        "id": "012fb66d-3044-4294-a868-8359e885a570",
        "name": "create hvigor project model",
        "description": "",
        "type": "log"
      },
      "body": {
        "pid": 50251,
        "tid": "Main Thread",
        "startTime": 8901518824307875,
        "endTime": 8901518829445125
      },
      "additional": {
        "logType": "info",
        "children": [],
        "durationId": "c339cb71-a122-4bb7-9738-607f232d7028",
        "parent": "5651b535-718e-45ac-909d-c9401a16f740"
      }
    },
    {
      "head": {
        "id": "102fe17a-b45c-4337-a934-9c5d2570c5f6",
        "name": "init configuration",
        "description": "Initialize configuration.",
        "type": "duration"
      },
      "body": {
        "pid": 50251,
        "tid": "Main Thread",
        "startTime": 8901518830429250,
        "endTime": 8901518830443833
      },
      "additional": {
        "children": [],
        "state": "success",
        "targetName": "",
        "moduleName": "",
        "category": "",
        "taskRunReasons": [],
        "parent": "16659219-2726-4681-89f0-0a9fa271acf7",
        "logId": "efd5c990-659a-4168-8108-b06738eda73a"
      },
      "log": {
        "_logger": {
          "category": "DurationEvent",
          "context": {},
          "callStackSkipIndex": 0
        },
        "_filelogger": {
          "category": "debug-file",
          "context": {},
          "callStackSkipIndex": 0
        }
      }
    },
    {
      "head": {
        "id": "d0d2d0dc-5603-4fa2-b8a3-5e91257df86c",
        "name": "configure project task",
        "description": "Configure project task.",
        "type": "duration"
      },
      "body": {
        "pid": 50251,
        "tid": "Main Thread",
        "startTime": 8901518830460125,
        "endTime": 8901518831162041
      },
      "additional": {
        "children": [],
        "state": "success",
        "targetName": "",
        "moduleName": "",
        "category": "",
        "taskRunReasons": [],
        "parent": "16659219-2726-4681-89f0-0a9fa271acf7",
        "logId": "3d3ad124-99a6-42ca-b0a2-c42a5dd5fed7"
      },
      "log": {
        "_logger": {
          "category": "DurationEvent",
          "context": {},
          "callStackSkipIndex": 0
        },
        "_filelogger": {
          "category": "debug-file",
          "context": {},
          "callStackSkipIndex": 0
        }
      }
    },
    {
      "head": {
        "id": "feab8e5f-3fcb-453f-9daf-5f70193994c2",
        "name": "eval project",
        "description": "Evaluate project.",
        "type": "duration"
      },
      "body": {
        "pid": 50251,
        "tid": "Main Thread",
        "startTime": 8901518831186375,
        "endTime": 8901519721532583
      },
      "additional": {
        "children": [
          "b4cb513e-13ee-459a-a355-72a29fef09cb"
        ],
        "state": "success",
        "targetName": "",
        "moduleName": "",
        "category": "",
        "taskRunReasons": [],
        "parent": "16659219-2726-4681-89f0-0a9fa271acf7",
        "logId": "b74d884f-e468-444f-843a-edf17c7e61c5"
      },
      "log": {
        "_logger": {
          "category": "DurationEvent",
          "context": {},
          "callStackSkipIndex": 0
        },
        "_filelogger": {
          "category": "debug-file",
          "context": {},
          "callStackSkipIndex": 0
        }
      }
    },
    {
      "head": {
        "id": "c8dab6af-c55f-4e36-9294-eb4b8b2e3eb0",
        "name": "eval modules",
        "description": "Evaluate modules.",
        "type": "duration"
      },
      "body": {
        "pid": 50251,
        "tid": "Main Thread",
        "startTime": 8901519721564458,
        "endTime": 8901519737784416
      },
      "additional": {
        "children": [
          "b8d91f31-f371-42ef-b097-d449e1c54548"
        ],
        "state": "success",
        "targetName": "",
        "moduleName": "",
        "category": "",
        "taskRunReasons": [],
        "parent": "16659219-2726-4681-89f0-0a9fa271acf7",
        "logId": "853c36d1-09b4-47af-b8f1-dc56535fa358"
      },
      "log": {
        "_logger": {
          "category": "DurationEvent",
          "context": {},
          "callStackSkipIndex": 0
        },
        "_filelogger": {
          "category": "debug-file",
          "context": {},
          "callStackSkipIndex": 0
        }
      }
    },
    {
      "head": {
        "id": "94373694-6712-4f26-afb9-d52fe02051e8",
        "name": "add config dependencies",
        "description": "Add configuration dependencies.",
        "type": "duration"
      },
      "body": {
        "pid": 50251,
        "tid": "Main Thread",
        "startTime": 8901519737807916,
        "endTime": 8901519750749458
      },
      "additional": {
        "children": [],
        "state": "success",
        "targetName": "",
        "moduleName": "",
        "category": "",
        "taskRunReasons": [],
        "parent": "16659219-2726-4681-89f0-0a9fa271acf7",
        "logId": "1168e13d-dce0-4759-ab86-32a8d1d8026c"
      },
      "log": {
        "_logger": {
          "category": "DurationEvent",
          "context": {},
          "callStackSkipIndex": 0
        },
        "_filelogger": {
          "category": "debug-file",
          "context": {},
          "callStackSkipIndex": 0
        }
      }
    },
    {
      "head": {
        "id": "4f36304b-63db-47d3-ab22-cc3c7c33b1e9",
        "name": "exec before all nodes",
        "description": "Execute before all nodes evaluated.",
        "type": "duration"
      },
      "body": {
        "pid": 50251,
        "tid": "Main Thread",
        "startTime": 8901519750847958,
        "endTime": 8901519767767625
      },
      "additional": {
        "children": [
          "a8464356-bc82-4d43-bfa4-b404792748cd",
          "3dc6005d-f71f-469f-a3f2-90899d04226f"
        ],
        "state": "success",
        "targetName": "",
        "moduleName": "",
        "category": "",
        "taskRunReasons": [],
        "parent": "16659219-2726-4681-89f0-0a9fa271acf7",
        "logId": "56176679-04a7-482d-b6c2-77108d04e5e4"
      },
      "log": {
        "_logger": {
          "category": "DurationEvent",
          "context": {},
          "callStackSkipIndex": 0
        },
        "_filelogger": {
          "category": "debug-file",
          "context": {},
          "callStackSkipIndex": 0
        }
      }
    },
    {
      "head": {
        "id": "334ab3e8-e9ee-40e4-894f-772bd749680c",
        "name": "exec after all nodes",
        "description": "Execute after all nodes evaluated.",
        "type": "duration"
      },
      "body": {
        "pid": 50251,
        "tid": "Main Thread",
        "startTime": 8901519767772208,
        "endTime": 8901519768155958
      },
      "additional": {
        "children": [],
        "state": "success",
        "targetName": "",
        "moduleName": "",
        "category": "",
        "taskRunReasons": [],
        "parent": "16659219-2726-4681-89f0-0a9fa271acf7",
        "logId": "f50defb0-3eac-4fb6-94ce-fcca3b13b683"
      },
      "log": {
        "_logger": {
          "category": "DurationEvent",
          "context": {},
          "callStackSkipIndex": 0
        },
        "_filelogger": {
          "category": "debug-file",
          "context": {},
          "callStackSkipIndex": 0
        }
      }
    },
    {
      "head": {
        "id": "3b7447df-909a-4ef4-99ad-00914b095b93",
        "name": "fin configuration",
        "description": "Finish configuration.",
        "type": "duration"
      },
      "body": {
        "pid": 50251,
        "tid": "Main Thread",
        "startTime": 8901519768160833,
        "endTime": 8901519768210333
      },
      "additional": {
        "children": [],
        "state": "success",
        "targetName": "",
        "moduleName": "",
        "category": "",
        "taskRunReasons": [],
        "parent": "16659219-2726-4681-89f0-0a9fa271acf7",
        "logId": "29eeb52d-5f8f-4fbd-ad30-dccfc9020eee"
      },
      "log": {
        "_logger": {
          "category": "DurationEvent",
          "context": {},
          "callStackSkipIndex": 0
        },
        "_filelogger": {
          "category": "debug-file",
          "context": {},
          "callStackSkipIndex": 0
        }
      }
    },
    {
      "head": {
        "id": "efd5c990-659a-4168-8108-b06738eda73a",
        "name": "init configuration",
        "description": "",
        "type": "log"
      },
      "body": {
        "pid": 50251,
        "tid": "Main Thread",
        "startTime": 8901518830429250,
        "endTime": 8901518830443833
      },
      "additional": {
        "logType": "info",
        "children": [],
        "durationId": "102fe17a-b45c-4337-a934-9c5d2570c5f6",
        "parent": "7d219d2a-ef5f-48ae-95ba-c5452f428a15"
      }
    },
    {
      "head": {
        "id": "3d3ad124-99a6-42ca-b0a2-c42a5dd5fed7",
        "name": "configure project task",
        "description": "",
        "type": "log"
      },
      "body": {
        "pid": 50251,
        "tid": "Main Thread",
        "startTime": 8901518830460125,
        "endTime": 8901518831162041
      },
      "additional": {
        "logType": "info",
        "children": [],
        "durationId": "d0d2d0dc-5603-4fa2-b8a3-5e91257df86c",
        "parent": "7d219d2a-ef5f-48ae-95ba-c5452f428a15"
      }
    },
    {
      "head": {
        "id": "b4cb513e-13ee-459a-a355-72a29fef09cb",
        "name": "eval hvigorfile",
        "description": "Evaluate hvigorfile.",
        "type": "duration"
      },
      "body": {
        "pid": 50251,
        "tid": "Main Thread",
        "startTime": 8901518831506125,
        "endTime": 8901519721467750
      },
      "additional": {
        "children": [
          "18b0c57c-ddb2-4896-8212-8d86fb5eae93",
          "12e53065-f45c-4ee1-9bd7-901e86f21637"
        ],
        "state": "success",
        "targetName": "",
        "moduleName": "",
        "category": "",
        "taskRunReasons": [],
        "parent": "feab8e5f-3fcb-453f-9daf-5f70193994c2",
        "logId": "89a0d841-a7ba-4356-8744-16ca5b4171f9"
      },
      "log": {
        "_logger": {
          "category": "DurationEvent",
          "context": {},
          "callStackSkipIndex": 0
        },
        "_filelogger": {
          "category": "debug-file",
          "context": {},
          "callStackSkipIndex": 0
        }
      }
    },
    {
      "head": {
        "id": "18b0c57c-ddb2-4896-8212-8d86fb5eae93",
        "name": "require hvigorfile",
        "description": "Require hvigorfile.",
        "type": "duration"
      },
      "body": {
        "pid": 50251,
        "tid": "Main Thread",
        "startTime": 8901518831506750,
        "endTime": 8901519626079000
      },
      "additional": {
        "children": [],
        "state": "success",
        "targetName": "",
        "moduleName": "",
        "category": "",
        "taskRunReasons": [],
        "parent": "b4cb513e-13ee-459a-a355-72a29fef09cb",
        "logId": "df5404fb-71e1-40a4-aed6-1367cf6a0e14"
      },
      "log": {
        "_logger": {
          "category": "DurationEvent",
          "context": {},
          "callStackSkipIndex": 0
        },
        "_filelogger": {
          "category": "debug-file",
          "context": {},
          "callStackSkipIndex": 0
        }
      }
    },
    {
      "head": {
        "id": "12e53065-f45c-4ee1-9bd7-901e86f21637",
        "name": "bind plugins",
        "description": "Bind plugins.",
        "type": "duration"
      },
      "body": {
        "pid": 50251,
        "tid": "Main Thread",
        "startTime": 8901519626095166,
        "endTime": 8901519721459333
      },
      "additional": {
        "children": [],
        "state": "success",
        "targetName": "",
        "moduleName": "",
        "category": "",
        "taskRunReasons": [],
        "parent": "b4cb513e-13ee-459a-a355-72a29fef09cb",
        "logId": "6b3cf40d-df47-42d5-a8ea-650375fb6aa4"
      },
      "log": {
        "_logger": {
          "category": "DurationEvent",
          "context": {},
          "callStackSkipIndex": 0
        },
        "_filelogger": {
          "category": "debug-file",
          "context": {},
          "callStackSkipIndex": 0
        }
      }
    },
    {
      "head": {
        "id": "92a79c67-e5be-4cb7-bf85-6d7c8a5d9bf2",
        "name": "hvigorfile, resolving /Users/jepson/Desktop/Harmony/projects/Part3Comment/hvigorfile.ts",
        "description": "",
        "type": "log"
      },
      "body": {
        "pid": 50251,
        "tid": "Main Thread",
        "startTime": 8901518831512458
      },
      "additional": {
        "logType": "debug",
        "children": []
      }
    },
    {
      "head": {
        "id": "18310b07-429f-497c-a8ed-9480c81cbe4d",
        "name": "hvigorfile, require result:  { default: { system: [Function: appTasks], plugins: [] } }",
        "description": "",
        "type": "log"
      },
      "body": {
        "pid": 50251,
        "tid": "Main Thread",
        "startTime": 8901519625982791
      },
      "additional": {
        "logType": "debug",
        "children": []
      }
    },
    {
      "head": {
        "id": "df5404fb-71e1-40a4-aed6-1367cf6a0e14",
        "name": "require hvigorfile",
        "description": "",
        "type": "log"
      },
      "body": {
        "pid": 50251,
        "tid": "Main Thread",
        "startTime": 8901518831506750,
        "endTime": 8901519626079000
      },
      "additional": {
        "logType": "info",
        "children": [],
        "durationId": "18b0c57c-ddb2-4896-8212-8d86fb5eae93",
        "parent": "89a0d841-a7ba-4356-8744-16ca5b4171f9"
      }
    },
    {
      "head": {
        "id": "c2d5cf7c-205e-4f0e-a3fd-10ebe736df65",
        "name": "hvigorfile, binding system plugins [Function: appTasks]",
        "description": "",
        "type": "log"
      },
      "body": {
        "pid": 50251,
        "tid": "Main Thread",
        "startTime": 8901519626154000
      },
      "additional": {
        "logType": "debug",
        "children": []
      }
    },
    {
      "head": {
        "id": "b8a85f4a-5c18-461b-9125-5b2983741887",
        "name": "hvigorfile, binding custom plugins []",
        "description": "",
        "type": "log"
      },
      "body": {
        "pid": 50251,
        "tid": "Main Thread",
        "startTime": 8901519721293500
      },
      "additional": {
        "logType": "debug",
        "children": []
      }
    },
    {
      "head": {
        "id": "2ff0aa16-105b-4e58-904a-e658bbedff7b",
        "name": "hvigorfile, no custom plugins were found in /Users/jepson/Desktop/Harmony/projects/Part3Comment/hvigorfile.ts",
        "description": "",
        "type": "log"
      },
      "body": {
        "pid": 50251,
        "tid": "Main Thread",
        "startTime": 8901519721380125
      },
      "additional": {
        "logType": "debug",
        "children": []
      }
    },
    {
      "head": {
        "id": "b1724484-ff8b-4b9f-bd56-9401399e681e",
        "name": "hvigorfile, resolve finished /Users/jepson/Desktop/Harmony/projects/Part3Comment/hvigorfile.ts",
        "description": "",
        "type": "log"
      },
      "body": {
        "pid": 50251,
        "tid": "Main Thread",
        "startTime": 8901519721412083
      },
      "additional": {
        "logType": "debug",
        "children": []
      }
    },
    {
      "head": {
        "id": "6b3cf40d-df47-42d5-a8ea-650375fb6aa4",
        "name": "bind plugins",
        "description": "",
        "type": "log"
      },
      "body": {
        "pid": 50251,
        "tid": "Main Thread",
        "startTime": 8901519626095166,
        "endTime": 8901519721459333
      },
      "additional": {
        "logType": "info",
        "children": [],
        "durationId": "12e53065-f45c-4ee1-9bd7-901e86f21637",
        "parent": "89a0d841-a7ba-4356-8744-16ca5b4171f9"
      }
    },
    {
      "head": {
        "id": "89a0d841-a7ba-4356-8744-16ca5b4171f9",
        "name": "eval hvigorfile",
        "description": "",
        "type": "log"
      },
      "body": {
        "pid": 50251,
        "tid": "Main Thread",
        "startTime": 8901518831506125,
        "endTime": 8901519721467750
      },
      "additional": {
        "logType": "info",
        "children": [
          "df5404fb-71e1-40a4-aed6-1367cf6a0e14",
          "6b3cf40d-df47-42d5-a8ea-650375fb6aa4"
        ],
        "durationId": "b4cb513e-13ee-459a-a355-72a29fef09cb",
        "parent": "b74d884f-e468-444f-843a-edf17c7e61c5"
      }
    },
    {
      "head": {
        "id": "b74d884f-e468-444f-843a-edf17c7e61c5",
        "name": "eval project",
        "description": "",
        "type": "log"
      },
      "body": {
        "pid": 50251,
        "tid": "Main Thread",
        "startTime": 8901518831186375,
        "endTime": 8901519721532583
      },
      "additional": {
        "logType": "info",
        "children": [
          "89a0d841-a7ba-4356-8744-16ca5b4171f9"
        ],
        "durationId": "feab8e5f-3fcb-453f-9daf-5f70193994c2",
        "parent": "7d219d2a-ef5f-48ae-95ba-c5452f428a15"
      }
    },
    {
      "head": {
        "id": "b8d91f31-f371-42ef-b097-d449e1c54548",
        "name": "eval submodule",
        "description": "Evaluate submodule.",
        "type": "duration"
      },
      "body": {
        "pid": 50251,
        "tid": "Main Thread",
        "startTime": 8901519721656666,
        "endTime": 8901519737711708
      },
      "additional": {
        "children": [
          "82f11375-8a86-4bf4-839c-23fb5e6e6f9f"
        ],
        "state": "success",
        "targetName": "",
        "moduleName": "",
        "category": "",
        "taskRunReasons": [],
        "parent": "c8dab6af-c55f-4e36-9294-eb4b8b2e3eb0",
        "logId": "dba04f68-0f9a-44cb-97db-c0dd28745916"
      },
      "log": {
        "_logger": {
          "category": "DurationEvent",
          "context": {},
          "callStackSkipIndex": 0
        },
        "_filelogger": {
          "category": "debug-file",
          "context": {},
          "callStackSkipIndex": 0
        }
      }
    },
    {
      "head": {
        "id": "82f11375-8a86-4bf4-839c-23fb5e6e6f9f",
        "name": "eval hvigorfile",
        "description": "Evaluate hvigorfile.",
        "type": "duration"
      },
      "body": {
        "pid": 50251,
        "tid": "Main Thread",
        "startTime": 8901519722203625,
        "endTime": 8901519737692458
      },
      "additional": {
        "children": [
          "05ac3a7a-9a41-4946-9cd8-f2fc4b98c858",
          "b56df74a-18df-4c6c-95e4-3296a057205e"
        ],
        "state": "success",
        "targetName": "",
        "moduleName": "",
        "category": "",
        "taskRunReasons": [],
        "parent": "b8d91f31-f371-42ef-b097-d449e1c54548",
        "logId": "0e11afae-e3e9-42f5-b80f-d927f80087e5"
      },
      "log": {
        "_logger": {
          "category": "DurationEvent",
          "context": {},
          "callStackSkipIndex": 0
        },
        "_filelogger": {
          "category": "debug-file",
          "context": {},
          "callStackSkipIndex": 0
        }
      }
    },
    {
      "head": {
        "id": "05ac3a7a-9a41-4946-9cd8-f2fc4b98c858",
        "name": "require hvigorfile",
        "description": "Require hvigorfile.",
        "type": "duration"
      },
      "body": {
        "pid": 50251,
        "tid": "Main Thread",
        "startTime": 8901519722203875,
        "endTime": 8901519726289166
      },
      "additional": {
        "children": [],
        "state": "success",
        "targetName": "",
        "moduleName": "",
        "category": "",
        "taskRunReasons": [],
        "parent": "82f11375-8a86-4bf4-839c-23fb5e6e6f9f",
        "logId": "9ef49be4-124d-476c-a717-788f3f8f1aab"
      },
      "log": {
        "_logger": {
          "category": "DurationEvent",
          "context": {},
          "callStackSkipIndex": 0
        },
        "_filelogger": {
          "category": "debug-file",
          "context": {},
          "callStackSkipIndex": 0
        }
      }
    },
    {
      "head": {
        "id": "b56df74a-18df-4c6c-95e4-3296a057205e",
        "name": "bind plugins",
        "description": "Bind plugins.",
        "type": "duration"
      },
      "body": {
        "pid": 50251,
        "tid": "Main Thread",
        "startTime": 8901519726300666,
        "endTime": 8901519737617333
      },
      "additional": {
        "children": [],
        "state": "success",
        "targetName": "",
        "moduleName": "",
        "category": "",
        "taskRunReasons": [],
        "parent": "82f11375-8a86-4bf4-839c-23fb5e6e6f9f",
        "logId": "761567a0-882f-4bd0-a487-4b4363bb67b1"
      },
      "log": {
        "_logger": {
          "category": "DurationEvent",
          "context": {},
          "callStackSkipIndex": 0
        },
        "_filelogger": {
          "category": "debug-file",
          "context": {},
          "callStackSkipIndex": 0
        }
      }
    },
    {
      "head": {
        "id": "176b773b-0b8c-4503-a67d-f20cd7ae2d62",
        "name": "hvigorfile, resolving /Users/jepson/Desktop/Harmony/projects/Part3Comment/entry/hvigorfile.ts",
        "description": "",
        "type": "log"
      },
      "body": {
        "pid": 50251,
        "tid": "Main Thread",
        "startTime": 8901519722206916
      },
      "additional": {
        "logType": "debug",
        "children": []
      }
    },
    {
      "head": {
        "id": "463350dc-db60-4c48-adf2-f39d52b42b84",
        "name": "hvigorfile, require result:  { default: { system: [Function: hapTasks], plugins: [] } }",
        "description": "",
        "type": "log"
      },
      "body": {
        "pid": 50251,
        "tid": "Main Thread",
        "startTime": 8901519726218666
      },
      "additional": {
        "logType": "debug",
        "children": []
      }
    },
    {
      "head": {
        "id": "9ef49be4-124d-476c-a717-788f3f8f1aab",
        "name": "require hvigorfile",
        "description": "",
        "type": "log"
      },
      "body": {
        "pid": 50251,
        "tid": "Main Thread",
        "startTime": 8901519722203875,
        "endTime": 8901519726289166
      },
      "additional": {
        "logType": "info",
        "children": [],
        "durationId": "05ac3a7a-9a41-4946-9cd8-f2fc4b98c858",
        "parent": "0e11afae-e3e9-42f5-b80f-d927f80087e5"
      }
    },
    {
      "head": {
        "id": "9ef82f56-9a0a-4989-a55f-b626eaea65fc",
        "name": "hvigorfile, binding system plugins [Function: hapTasks]",
        "description": "",
        "type": "log"
      },
      "body": {
        "pid": 50251,
        "tid": "Main Thread",
        "startTime": 8901519726365125
      },
      "additional": {
        "logType": "debug",
        "children": []
      }
    },
    {
      "head": {
        "id": "28316fc8-1322-47c2-9bf9-b68439ac0dcd",
        "name": "Module entry Collected Dependency: ",
        "description": "",
        "type": "log"
      },
      "body": {
        "pid": 50251,
        "tid": "Main Thread",
        "startTime": 8901519730379250
      },
      "additional": {
        "logType": "debug",
        "children": []
      }
    },
    {
      "head": {
        "id": "7175d33b-a557-48c4-8f50-8f5e67011d0e",
        "name": "Module entry's total dependency: 0",
        "description": "",
        "type": "log"
      },
      "body": {
        "pid": 50251,
        "tid": "Main Thread",
        "startTime": 8901519730523166
      },
      "additional": {
        "logType": "debug",
        "children": []
      }
    },
    {
      "head": {
        "id": "b1eb7864-f348-4bb5-9413-7a126095f3a5",
        "name": "Start initialize module-target build option map, moduleName=entry, buildMode=debug",
        "description": "",
        "type": "log"
      },
      "body": {
        "pid": 50251,
        "tid": "Main Thread",
        "startTime": 8901519732994458
      },
      "additional": {
        "logType": "debug",
        "children": []
      }
    },
    {
      "head": {
        "id": "866cbc4d-7dfc-4f2c-bdc2-b630fd664505",
        "name": "Target 'default' config: {}",
        "description": "",
        "type": "log"
      },
      "body": {
        "pid": 50251,
        "tid": "Main Thread",
        "startTime": 8901519733151958
      },
      "additional": {
        "logType": "debug",
        "children": []
      }
    },
    {
      "head": {
        "id": "207ce201-7bb6-4755-b5b4-ce14ee6fa6b2",
        "name": "Target 'ohosTest' config: {}",
        "description": "",
        "type": "log"
      },
      "body": {
        "pid": 50251,
        "tid": "Main Thread",
        "startTime": 8901519733422958
      },
      "additional": {
        "logType": "debug",
        "children": []
      }
    },
    {
      "head": {
        "id": "7dff8653-7004-4529-9234-7f155c2e2d79",
        "name": "Module 'entry' target 'default' build option: {\n  \"debuggable\": true,\n  \"copyFrom\": \"default\",\n  \"name\": \"debug\"\n}",
        "description": "",
        "type": "log"
      },
      "body": {
        "pid": 50251,
        "tid": "Main Thread",
        "startTime": 8901519733603416
      },
      "additional": {
        "logType": "debug",
        "children": []
      }
    },
    {
      "head": {
        "id": "75461207-15ff-4460-b7f7-3c3694d0e7c8",
        "name": "Module 'entry' target 'ohosTest' build option: {\n  \"debuggable\": true,\n  \"name\": \"default\"\n}",
        "description": "",
        "type": "log"
      },
      "body": {
        "pid": 50251,
        "tid": "Main Thread",
        "startTime": 8901519733632708
      },
      "additional": {
        "logType": "debug",
        "children": []
      }
    },
    {
      "head": {
        "id": "f2ebaf55-dd4e-4b18-be27-9821a74bc9a8",
        "name": "End initialize module-target build option map, moduleName=entry",
        "description": "",
        "type": "log"
      },
      "body": {
        "pid": 50251,
        "tid": "Main Thread",
        "startTime": 8901519733654750
      },
      "additional": {
        "logType": "debug",
        "children": []
      }
    },
    {
      "head": {
        "id": "45058ad0-ae79-4963-9c2c-45763e8825f1",
        "name": "Module 'entry' target 'default' using build option: {\n  \"debuggable\": true,\n  \"copyFrom\": \"default\",\n  \"name\": \"debug\"\n} in this build.",
        "description": "",
        "type": "log"
      },
      "body": {
        "pid": 50251,
        "tid": "Main Thread",
        "startTime": 8901519733755250
      },
      "additional": {
        "logType": "debug",
        "children": []
      }
    },
    {
      "head": {
        "id": "0bfbc6e5-5263-41c2-9eec-3730ee220c2a",
        "name": "Module entry task initialization takes 3 ms ",
        "description": "",
        "type": "log"
      },
      "body": {
        "pid": 50251,
        "tid": "Main Thread",
        "startTime": 8901519737464000
      },
      "additional": {
        "logType": "debug",
        "children": []
      }
    },
    {
      "head": {
        "id": "61372579-bd80-405c-be91-216f777091ce",
        "name": "hvigorfile, binding custom plugins []",
        "description": "",
        "type": "log"
      },
      "body": {
        "pid": 50251,
        "tid": "Main Thread",
        "startTime": 8901519737542500
      },
      "additional": {
        "logType": "debug",
        "children": []
      }
    },
    {
      "head": {
        "id": "b34a448c-95b3-489f-bc49-de0308c08653",
        "name": "hvigorfile, no custom plugins were found in /Users/jepson/Desktop/Harmony/projects/Part3Comment/entry/hvigorfile.ts",
        "description": "",
        "type": "log"
      },
      "body": {
        "pid": 50251,
        "tid": "Main Thread",
        "startTime": 8901519737571375
      },
      "additional": {
        "logType": "debug",
        "children": []
      }
    },
    {
      "head": {
        "id": "e82c7acb-d704-4c70-97f9-5e4b4a2e686c",
        "name": "hvigorfile, resolve finished /Users/jepson/Desktop/Harmony/projects/Part3Comment/entry/hvigorfile.ts",
        "description": "",
        "type": "log"
      },
      "body": {
        "pid": 50251,
        "tid": "Main Thread",
        "startTime": 8901519737592791
      },
      "additional": {
        "logType": "debug",
        "children": []
      }
    },
    {
      "head": {
        "id": "761567a0-882f-4bd0-a487-4b4363bb67b1",
        "name": "bind plugins",
        "description": "",
        "type": "log"
      },
      "body": {
        "pid": 50251,
        "tid": "Main Thread",
        "startTime": 8901519726300666,
        "endTime": 8901519737617333
      },
      "additional": {
        "logType": "info",
        "children": [],
        "durationId": "b56df74a-18df-4c6c-95e4-3296a057205e",
        "parent": "0e11afae-e3e9-42f5-b80f-d927f80087e5"
      }
    },
    {
      "head": {
        "id": "0e11afae-e3e9-42f5-b80f-d927f80087e5",
        "name": "eval hvigorfile",
        "description": "",
        "type": "log"
      },
      "body": {
        "pid": 50251,
        "tid": "Main Thread",
        "startTime": 8901519722203625,
        "endTime": 8901519737692458
      },
      "additional": {
        "logType": "info",
        "children": [
          "9ef49be4-124d-476c-a717-788f3f8f1aab",
          "761567a0-882f-4bd0-a487-4b4363bb67b1"
        ],
        "durationId": "82f11375-8a86-4bf4-839c-23fb5e6e6f9f",
        "parent": "dba04f68-0f9a-44cb-97db-c0dd28745916"
      }
    },
    {
      "head": {
        "id": "dba04f68-0f9a-44cb-97db-c0dd28745916",
        "name": "eval submodule",
        "description": "",
        "type": "log"
      },
      "body": {
        "pid": 50251,
        "tid": "Main Thread",
        "startTime": 8901519721656666,
        "endTime": 8901519737711708
      },
      "additional": {
        "logType": "info",
        "children": [
          "0e11afae-e3e9-42f5-b80f-d927f80087e5"
        ],
        "durationId": "b8d91f31-f371-42ef-b097-d449e1c54548",
        "parent": "853c36d1-09b4-47af-b8f1-dc56535fa358"
      }
    },
    {
      "head": {
        "id": "853c36d1-09b4-47af-b8f1-dc56535fa358",
        "name": "eval modules",
        "description": "",
        "type": "log"
      },
      "body": {
        "pid": 50251,
        "tid": "Main Thread",
        "startTime": 8901519721564458,
        "endTime": 8901519737784416
      },
      "additional": {
        "logType": "info",
        "children": [
          "dba04f68-0f9a-44cb-97db-c0dd28745916"
        ],
        "durationId": "c8dab6af-c55f-4e36-9294-eb4b8b2e3eb0",
        "parent": "7d219d2a-ef5f-48ae-95ba-c5452f428a15"
      }
    },
    {
      "head": {
        "id": "ef889a33-5d45-4f76-9c44-6cf28fed1072",
        "name": "hvigorfile, resolve hvigorfile dependencies in 13 ms ",
        "description": "",
        "type": "log"
      },
      "body": {
        "pid": 50251,
        "tid": "Main Thread",
        "startTime": 8901519750668958
      },
      "additional": {
        "logType": "debug",
        "children": []
      }
    },
    {
      "head": {
        "id": "1168e13d-dce0-4759-ab86-32a8d1d8026c",
        "name": "add config dependencies",
        "description": "",
        "type": "log"
      },
      "body": {
        "pid": 50251,
        "tid": "Main Thread",
        "startTime": 8901519737807916,
        "endTime": 8901519750749458
      },
      "additional": {
        "logType": "info",
        "children": [],
        "durationId": "94373694-6712-4f26-afb9-d52fe02051e8",
        "parent": "7d219d2a-ef5f-48ae-95ba-c5452f428a15"
      }
    },
    {
      "head": {
        "id": "a8464356-bc82-4d43-bfa4-b404792748cd",
        "name": "init app plugin",
        "description": "Initialize app plugin.",
        "type": "duration"
      },
      "body": {
        "pid": 50251,
        "tid": "Main Thread",
        "startTime": 8901519751601041,
        "endTime": 8901519766208041
      },
      "additional": {
        "children": [
          "42ec9385-b065-4126-a463-a15e2dbbffa6",
          "7be17035-ba43-4cf5-85e6-a3eecbbe03ae",
          "f0b91656-dcd4-4203-940d-ada8926c9bf2",
          "0a3d66b2-3d67-41ea-a587-7ae4a4b190bc",
          "f389e9fc-5138-427e-8e15-bd2d320b97f8",
          "55107742-f823-4f42-901f-446a315cd470",
          "65011085-3302-49fc-aa79-4c591a9b1483",
          "82e7a37c-88e2-4695-91a3-60d2d4d910e2"
        ],
        "state": "success",
        "targetName": "",
        "moduleName": "",
        "category": "",
        "taskRunReasons": [],
        "parent": "4f36304b-63db-47d3-ab22-cc3c7c33b1e9",
        "logId": "91fa1087-72e3-4b33-9e4c-2b0d86c627ac"
      },
      "log": {
        "_logger": {
          "category": "DurationEvent",
          "context": {},
          "callStackSkipIndex": 0
        },
        "_filelogger": {
          "category": "debug-file",
          "context": {},
          "callStackSkipIndex": 0
        }
      }
    },
    {
      "head": {
        "id": "42ec9385-b065-4126-a463-a15e2dbbffa6",
        "name": "inspect api",
        "description": "Inspect API.",
        "type": "duration"
      },
      "body": {
        "pid": 50251,
        "tid": "Main Thread",
        "startTime": 8901519751601333,
        "endTime": 8901519751965708
      },
      "additional": {
        "children": [],
        "state": "success",
        "targetName": "",
        "moduleName": "",
        "category": "",
        "taskRunReasons": [],
        "parent": "a8464356-bc82-4d43-bfa4-b404792748cd",
        "logId": "13bd1f95-c13f-4744-968b-50889658ed74"
      },
      "log": {
        "_logger": {
          "category": "DurationEvent",
          "context": {},
          "callStackSkipIndex": 0
        },
        "_filelogger": {
          "category": "debug-file",
          "context": {},
          "callStackSkipIndex": 0
        }
      }
    },
    {
      "head": {
        "id": "7be17035-ba43-4cf5-85e6-a3eecbbe03ae",
        "name": "init build option",
        "description": "Initialize build option.",
        "type": "duration"
      },
      "body": {
        "pid": 50251,
        "tid": "Main Thread",
        "startTime": 8901519751979791,
        "endTime": 8901519752186416
      },
      "additional": {
        "children": [],
        "state": "success",
        "targetName": "",
        "moduleName": "",
        "category": "",
        "taskRunReasons": [],
        "parent": "a8464356-bc82-4d43-bfa4-b404792748cd",
        "logId": "c7a2e9e7-ecbf-4495-9bae-af8adddec7a2"
      },
      "log": {
        "_logger": {
          "category": "DurationEvent",
          "context": {},
          "callStackSkipIndex": 0
        },
        "_filelogger": {
          "category": "debug-file",
          "context": {},
          "callStackSkipIndex": 0
        }
      }
    },
    {
      "head": {
        "id": "f0b91656-dcd4-4203-940d-ada8926c9bf2",
        "name": "init task service",
        "description": "Initialize task service.",
        "type": "duration"
      },
      "body": {
        "pid": 50251,
        "tid": "Main Thread",
        "startTime": 8901519752190125,
        "endTime": 8901519753793458
      },
      "additional": {
        "children": [],
        "state": "success",
        "targetName": "",
        "moduleName": "",
        "category": "",
        "taskRunReasons": [],
        "parent": "a8464356-bc82-4d43-bfa4-b404792748cd",
        "logId": "b7228b7c-7c65-4a94-89bf-a0d6492748e2"
      },
      "log": {
        "_logger": {
          "category": "DurationEvent",
          "context": {},
          "callStackSkipIndex": 0
        },
        "_filelogger": {
          "category": "debug-file",
          "context": {},
          "callStackSkipIndex": 0
        }
      }
    },
    {
      "head": {
        "id": "0a3d66b2-3d67-41ea-a587-7ae4a4b190bc",
        "name": "init context",
        "description": "Initialize task context.",
        "type": "duration"
      },
      "body": {
        "pid": 50251,
        "tid": "Main Thread",
        "startTime": 8901519753801875,
        "endTime": 8901519754186166
      },
      "additional": {
        "children": [],
        "state": "success",
        "targetName": "",
        "moduleName": "",
        "category": "",
        "taskRunReasons": [],
        "parent": "a8464356-bc82-4d43-bfa4-b404792748cd",
        "logId": "ebfd0f2b-4b06-4716-842b-f07aa9fffb5a"
      },
      "log": {
        "_logger": {
          "category": "DurationEvent",
          "context": {},
          "callStackSkipIndex": 0
        },
        "_filelogger": {
          "category": "debug-file",
          "context": {},
          "callStackSkipIndex": 0
        }
      }
    },
    {
      "head": {
        "id": "f389e9fc-5138-427e-8e15-bd2d320b97f8",
        "name": "setup task service",
        "description": "Setup task service.",
        "type": "duration"
      },
      "body": {
        "pid": 50251,
        "tid": "Main Thread",
        "startTime": 8901519754191625,
        "endTime": 8901519760196625
      },
      "additional": {
        "children": [],
        "state": "success",
        "targetName": "",
        "moduleName": "",
        "category": "",
        "taskRunReasons": [],
        "parent": "a8464356-bc82-4d43-bfa4-b404792748cd",
        "logId": "7ea68534-f0b6-4146-b832-ae6703003e88"
      },
      "log": {
        "_logger": {
          "category": "DurationEvent",
          "context": {},
          "callStackSkipIndex": 0
        },
        "_filelogger": {
          "category": "debug-file",
          "context": {},
          "callStackSkipIndex": 0
        }
      }
    },
    {
      "head": {
        "id": "55107742-f823-4f42-901f-446a315cd470",
        "name": "init project task",
        "description": "Initialize project task.",
        "type": "duration"
      },
      "body": {
        "pid": 50251,
        "tid": "Main Thread",
        "startTime": 8901519760212666,
        "endTime": 8901519766124208
      },
      "additional": {
        "children": [],
        "state": "success",
        "targetName": "",
        "moduleName": "",
        "category": "",
        "taskRunReasons": [],
        "parent": "a8464356-bc82-4d43-bfa4-b404792748cd",
        "logId": "fad5f69e-8cfc-4a92-88a0-c8cc7d96c1d3"
      },
      "log": {
        "_logger": {
          "category": "DurationEvent",
          "context": {},
          "callStackSkipIndex": 0
        },
        "_filelogger": {
          "category": "debug-file",
          "context": {},
          "callStackSkipIndex": 0
        }
      }
    },
    {
      "head": {
        "id": "65011085-3302-49fc-aa79-4c591a9b1483",
        "name": "init task dependencies",
        "description": "Initialize task dependencies.",
        "type": "duration"
      },
      "body": {
        "pid": 50251,
        "tid": "Main Thread",
        "startTime": 8901519766133500,
        "endTime": 8901519766164250
      },
      "additional": {
        "children": [],
        "state": "success",
        "targetName": "",
        "moduleName": "",
        "category": "",
        "taskRunReasons": [],
        "parent": "a8464356-bc82-4d43-bfa4-b404792748cd",
        "logId": "7e02544a-3e7f-4106-8d35-29cd61e96a34"
      },
      "log": {
        "_logger": {
          "category": "DurationEvent",
          "context": {},
          "callStackSkipIndex": 0
        },
        "_filelogger": {
          "category": "debug-file",
          "context": {},
          "callStackSkipIndex": 0
        }
      }
    },
    {
      "head": {
        "id": "82e7a37c-88e2-4695-91a3-60d2d4d910e2",
        "name": "init trace data",
        "description": "Initialize trace data.",
        "type": "duration"
      },
      "body": {
        "pid": 50251,
        "tid": "Main Thread",
        "startTime": 8901519766169500,
        "endTime": 8901519766205041
      },
      "additional": {
        "children": [],
        "state": "success",
        "targetName": "",
        "moduleName": "",
        "category": "",
        "taskRunReasons": [],
        "parent": "a8464356-bc82-4d43-bfa4-b404792748cd",
        "logId": "a280a575-15e3-42b1-8051-a956369684cc"
      },
      "log": {
        "_logger": {
          "category": "DurationEvent",
          "context": {},
          "callStackSkipIndex": 0
        },
        "_filelogger": {
          "category": "debug-file",
          "context": {},
          "callStackSkipIndex": 0
        }
      }
    },
    {
      "head": {
        "id": "13bd1f95-c13f-4744-968b-50889658ed74",
        "name": "inspect api",
        "description": "",
        "type": "log"
      },
      "body": {
        "pid": 50251,
        "tid": "Main Thread",
        "startTime": 8901519751601333,
        "endTime": 8901519751965708
      },
      "additional": {
        "logType": "info",
        "children": [],
        "durationId": "42ec9385-b065-4126-a463-a15e2dbbffa6",
        "parent": "91fa1087-72e3-4b33-9e4c-2b0d86c627ac"
      }
    },
    {
      "head": {
        "id": "6742245f-ae70-40f1-8817-3922712bd719",
        "name": "Start initialize project's product build option map with build mode debug.",
        "description": "",
        "type": "log"
      },
      "body": {
        "pid": 50251,
        "tid": "Main Thread",
        "startTime": 8901519752038666
      },
      "additional": {
        "logType": "debug",
        "children": []
      }
    },
    {
      "head": {
        "id": "623980da-88b9-40f6-be12-096190e16874",
        "name": "Picking option from product 'default' with build mode 'debug'.",
        "description": "",
        "type": "log"
      },
      "body": {
        "pid": 50251,
        "tid": "Main Thread",
        "startTime": 8901519752103750
      },
      "additional": {
        "logType": "debug",
        "children": []
      }
    },
    {
      "head": {
        "id": "0bbf22b0-ec27-4b50-810d-fa36dee74871",
        "name": "Product 'default' build option: {}",
        "description": "",
        "type": "log"
      },
      "body": {
        "pid": 50251,
        "tid": "Main Thread",
        "startTime": 8901519752146208
      },
      "additional": {
        "logType": "debug",
        "children": []
      }
    },
    {
      "head": {
        "id": "f0a03976-37a8-48d5-9ec3-dfa0c36cf32b",
        "name": "End initialize project's product build option map with build mode 'debug'.",
        "description": "",
        "type": "log"
      },
      "body": {
        "pid": 50251,
        "tid": "Main Thread",
        "startTime": 8901519752167750
      },
      "additional": {
        "logType": "debug",
        "children": []
      }
    },
    {
      "head": {
        "id": "c7a2e9e7-ecbf-4495-9bae-af8adddec7a2",
        "name": "init build option",
        "description": "",
        "type": "log"
      },
      "body": {
        "pid": 50251,
        "tid": "Main Thread",
        "startTime": 8901519751979791,
        "endTime": 8901519752186416
      },
      "additional": {
        "logType": "info",
        "children": [],
        "durationId": "7be17035-ba43-4cf5-85e6-a3eecbbe03ae",
        "parent": "91fa1087-72e3-4b33-9e4c-2b0d86c627ac"
      }
    },
    {
      "head": {
        "id": "23fa20bd-cb51-4e13-81aa-e4f69778df2e",
        "name": "Module Part3Comment Collected Dependency: ",
        "description": "",
        "type": "log"
      },
      "body": {
        "pid": 50251,
        "tid": "Main Thread",
        "startTime": 8901519752279166
      },
      "additional": {
        "logType": "debug",
        "children": []
      }
    },
    {
      "head": {
        "id": "f9695dcd-0b22-4f68-b333-d88443c4265a",
        "name": "Module Part3Comment's total dependency: 0",
        "description": "",
        "type": "log"
      },
      "body": {
        "pid": 50251,
        "tid": "Main Thread",
        "startTime": 8901519752302916
      },
      "additional": {
        "logType": "debug",
        "children": []
      }
    },
    {
      "head": {
        "id": "87d919c0-7458-41e5-a1b8-3d395c2d9b44",
        "name": "Product 'default' using build option: {\n  \"debuggable\": true\n} in this build.",
        "description": "",
        "type": "log"
      },
      "body": {
        "pid": 50251,
        "tid": "Main Thread",
        "startTime": 8901519752513166
      },
      "additional": {
        "logType": "debug",
        "children": []
      }
    },
    {
      "head": {
        "id": "b7228b7c-7c65-4a94-89bf-a0d6492748e2",
        "name": "init task service",
        "description": "",
        "type": "log"
      },
      "body": {
        "pid": 50251,
        "tid": "Main Thread",
        "startTime": 8901519752190125,
        "endTime": 8901519753793458
      },
      "additional": {
        "logType": "info",
        "children": [],
        "durationId": "f0b91656-dcd4-4203-940d-ada8926c9bf2",
        "parent": "91fa1087-72e3-4b33-9e4c-2b0d86c627ac"
      }
    },
    {
      "head": {
        "id": "ebfd0f2b-4b06-4716-842b-f07aa9fffb5a",
        "name": "init context",
        "description": "",
        "type": "log"
      },
      "body": {
        "pid": 50251,
        "tid": "Main Thread",
        "startTime": 8901519753801875,
        "endTime": 8901519754186166
      },
      "additional": {
        "logType": "info",
        "children": [],
        "durationId": "0a3d66b2-3d67-41ea-a587-7ae4a4b190bc",
        "parent": "91fa1087-72e3-4b33-9e4c-2b0d86c627ac"
      }
    },
    {
      "head": {
        "id": "002a1b93-2d72-4fd7-9fd8-01b0cb79564c",
        "name": "harmonyOS sdk scan",
        "description": "HarmonyOS sdk scan",
        "type": "duration"
      },
      "body": {
        "pid": 50251,
        "tid": "Main Thread",
        "startTime": 8901519755148083,
        "endTime": 8901519757101500
      },
      "additional": {
        "children": [],
        "state": "success",
        "targetName": "",
        "moduleName": "",
        "category": "Other",
        "taskRunReasons": []
      },
      "log": {
        "_logger": {
          "category": "DurationEvent",
          "context": {},
          "callStackSkipIndex": 0
        },
        "_filelogger": {
          "category": "debug-file",
          "context": {},
          "callStackSkipIndex": 0
        }
      }
    },
    {
      "head": {
        "id": "a4ecd65c-6eb9-4169-9e03-719b46637712",
        "name": "Local scan or download HarmonyOS sdk components toolchains,ets,js,native",
        "description": "",
        "type": "log"
      },
      "body": {
        "pid": 50251,
        "tid": "Main Thread",
        "startTime": 8901519755247833
      },
      "additional": {
        "logType": "debug",
        "children": []
      }
    },
    {
      "head": {
        "id": "697906e9-fd84-45b6-8616-df3da80612e7",
        "name": "Component System-image-phone Developer Beta1 has been placed in the wrong place,\n             expect /Users/jepson/Desktop/Harmony/harmony_sdk/system-image/HarmonyOS-NEXT-DB1,phone_arm, actual /Users/jepson/Desktop/Harmony/harmony_sdk/system-image/HarmonyOS-NEXT-DB1/phone_arm",
        "description": "",
        "type": "log"
      },
      "body": {
        "pid": 50251,
        "tid": "Main Thread",
        "startTime": 8901519756840375
      },
      "additional": {
        "logType": "debug",
        "children": []
      }
    },
    {
      "head": {
        "id": "a945375e-767a-4db2-a4ca-2df4fa67686e",
        "name": "hmscore sdk scan",
        "description": "Hmscore sdk scan",
        "type": "duration"
      },
      "body": {
        "pid": 50251,
        "tid": "Main Thread",
        "startTime": 8901519757335333,
        "endTime": 8901519758083500
      },
      "additional": {
        "children": [],
        "state": "success",
        "targetName": "",
        "moduleName": "",
        "category": "Other",
        "taskRunReasons": []
      },
      "log": {
        "_logger": {
          "category": "DurationEvent",
          "context": {},
          "callStackSkipIndex": 0
        },
        "_filelogger": {
          "category": "debug-file",
          "context": {},
          "callStackSkipIndex": 0
        }
      }
    },
    {
      "head": {
        "id": "36187fb9-44ed-4616-9767-9ea26a5a6f6f",
        "name": "Local scan or download hmscore sdk components toolchains,ets,native",
        "description": "",
        "type": "log"
      },
      "body": {
        "pid": 50251,
        "tid": "Main Thread",
        "startTime": 8901519757412458
      },
      "additional": {
        "logType": "debug",
        "children": []
      }
    },
    {
      "head": {
        "id": "db29e1a4-0e24-4dd4-b449-57bbc5b64b99",
        "name": "Component System-image-phone Developer Beta1 has been placed in the wrong place,\n             expect /Users/jepson/Desktop/Harmony/harmony_sdk/system-image/HarmonyOS-NEXT-DB1,phone_arm, actual /Users/jepson/Desktop/Harmony/harmony_sdk/system-image/HarmonyOS-NEXT-DB1/phone_arm",
        "description": "",
        "type": "log"
      },
      "body": {
        "pid": 50251,
        "tid": "Main Thread",
        "startTime": 8901519758021541
      },
      "additional": {
        "logType": "debug",
        "children": []
      }
    },
    {
      "head": {
        "id": "2e5f42cc-af06-4090-852f-010521e937a6",
        "name": "Sdk init in 6 ms ",
        "description": "",
        "type": "log"
      },
      "body": {
        "pid": 50251,
        "tid": "Main Thread",
        "startTime": 8901519759475541
      },
      "additional": {
        "logType": "debug",
        "children": []
      }
    },
    {
      "head": {
        "id": "395c1227-3a18-48a1-a12b-f0000c0f595d",
        "name": "sdkVersion",
        "description": "4.1.0.71",
        "type": "mark"
      },
      "body": {
        "pid": 50251,
        "tid": "Main Thread",
        "startTime": 8901519759554791
      },
      "additional": {
        "time": {
          "year": 2024,
          "month": 5,
          "day": 17,
          "hour": 11,
          "minute": 54
        },
        "markType": "other"
      }
    },
    {
      "head": {
        "id": "7ea68534-f0b6-4146-b832-ae6703003e88",
        "name": "setup task service",
        "description": "",
        "type": "log"
      },
      "body": {
        "pid": 50251,
        "tid": "Main Thread",
        "startTime": 8901519754191625,
        "endTime": 8901519760196625
      },
      "additional": {
        "logType": "info",
        "children": [],
        "durationId": "f389e9fc-5138-427e-8e15-bd2d320b97f8",
        "parent": "91fa1087-72e3-4b33-9e4c-2b0d86c627ac"
      }
    },
    {
      "head": {
        "id": "f7bdedf2-2019-4a51-b24a-1ec63a20358f",
        "name": "Project task initialization takes 6 ms ",
        "description": "",
        "type": "log"
      },
      "body": {
        "pid": 50251,
        "tid": "Main Thread",
        "startTime": 8901519766051250
      },
      "additional": {
        "logType": "debug",
        "children": []
      }
    },
    {
      "head": {
        "id": "fad5f69e-8cfc-4a92-88a0-c8cc7d96c1d3",
        "name": "init project task",
        "description": "",
        "type": "log"
      },
      "body": {
        "pid": 50251,
        "tid": "Main Thread",
        "startTime": 8901519760212666,
        "endTime": 8901519766124208
      },
      "additional": {
        "logType": "info",
        "children": [],
        "durationId": "55107742-f823-4f42-901f-446a315cd470",
        "parent": "91fa1087-72e3-4b33-9e4c-2b0d86c627ac"
      }
    },
    {
      "head": {
        "id": "7e02544a-3e7f-4106-8d35-29cd61e96a34",
        "name": "init task dependencies",
        "description": "",
        "type": "log"
      },
      "body": {
        "pid": 50251,
        "tid": "Main Thread",
        "startTime": 8901519766133500,
        "endTime": 8901519766164250
      },
      "additional": {
        "logType": "info",
        "children": [],
        "durationId": "65011085-3302-49fc-aa79-4c591a9b1483",
        "parent": "91fa1087-72e3-4b33-9e4c-2b0d86c627ac"
      }
    },
    {
      "head": {
        "id": "a280a575-15e3-42b1-8051-a956369684cc",
        "name": "init trace data",
        "description": "",
        "type": "log"
      },
      "body": {
        "pid": 50251,
        "tid": "Main Thread",
        "startTime": 8901519766169500,
        "endTime": 8901519766205041
      },
      "additional": {
        "logType": "info",
        "children": [],
        "durationId": "82e7a37c-88e2-4695-91a3-60d2d4d910e2",
        "parent": "91fa1087-72e3-4b33-9e4c-2b0d86c627ac"
      }
    },
    {
      "head": {
        "id": "91fa1087-72e3-4b33-9e4c-2b0d86c627ac",
        "name": "init app plugin",
        "description": "",
        "type": "log"
      },
      "body": {
        "pid": 50251,
        "tid": "Main Thread",
        "startTime": 8901519751601041,
        "endTime": 8901519766208041
      },
      "additional": {
        "logType": "info",
        "children": [
          "13bd1f95-c13f-4744-968b-50889658ed74",
          "c7a2e9e7-ecbf-4495-9bae-af8adddec7a2",
          "b7228b7c-7c65-4a94-89bf-a0d6492748e2",
          "ebfd0f2b-4b06-4716-842b-f07aa9fffb5a",
          "7ea68534-f0b6-4146-b832-ae6703003e88",
          "fad5f69e-8cfc-4a92-88a0-c8cc7d96c1d3",
          "7e02544a-3e7f-4106-8d35-29cd61e96a34",
          "a280a575-15e3-42b1-8051-a956369684cc"
        ],
        "durationId": "a8464356-bc82-4d43-bfa4-b404792748cd",
        "parent": "56176679-04a7-482d-b6c2-77108d04e5e4"
      }
    },
    {
      "head": {
        "id": "3dc6005d-f71f-469f-a3f2-90899d04226f",
        "name": "init hap plugin",
        "description": "Initialize hap plugin.",
        "type": "duration"
      },
      "body": {
        "pid": 50251,
        "tid": "Main Thread",
        "startTime": 8901519766658166,
        "endTime": 8901519767757541
      },
      "additional": {
        "children": [
          "b37aae85-77da-4301-b09a-d8f88ef7a364",
          "56daeb7e-4cb9-4ae8-9058-19dfbb14bccb",
          "83e67d69-d2f5-473a-9447-d6f25299a372"
        ],
        "state": "success",
        "targetName": "",
        "moduleName": "",
        "category": "",
        "taskRunReasons": [],
        "parent": "4f36304b-63db-47d3-ab22-cc3c7c33b1e9",
        "logId": "fa210d36-e2c6-4801-8aa6-3b51337595d3"
      },
      "log": {
        "_logger": {
          "category": "DurationEvent",
          "context": {},
          "callStackSkipIndex": 0
        },
        "_filelogger": {
          "category": "debug-file",
          "context": {},
          "callStackSkipIndex": 0
        }
      }
    },
    {
      "head": {
        "id": "b37aae85-77da-4301-b09a-d8f88ef7a364",
        "name": "init task dependencies",
        "description": "Initialize task dependencies.",
        "type": "duration"
      },
      "body": {
        "pid": 50251,
        "tid": "Main Thread",
        "startTime": 8901519766658458,
        "endTime": 8901519767550833
      },
      "additional": {
        "children": [],
        "state": "success",
        "targetName": "",
        "moduleName": "",
        "category": "",
        "taskRunReasons": [],
        "parent": "3dc6005d-f71f-469f-a3f2-90899d04226f",
        "logId": "d088074d-3de0-4ce7-b3be-71314c93114c"
      },
      "log": {
        "_logger": {
          "category": "DurationEvent",
          "context": {},
          "callStackSkipIndex": 0
        },
        "_filelogger": {
          "category": "debug-file",
          "context": {},
          "callStackSkipIndex": 0
        }
      }
    },
    {
      "head": {
        "id": "56daeb7e-4cb9-4ae8-9058-19dfbb14bccb",
        "name": "check entry modules",
        "description": "Check entry modules for feature.",
        "type": "duration"
      },
      "body": {
        "pid": 50251,
        "tid": "Main Thread",
        "startTime": 8901519767556958,
        "endTime": 8901519767698750
      },
      "additional": {
        "children": [],
        "state": "success",
        "targetName": "",
        "moduleName": "",
        "category": "",
        "taskRunReasons": [],
        "parent": "3dc6005d-f71f-469f-a3f2-90899d04226f",
        "logId": "6527d077-b246-4742-a1d1-96201ab94fc2"
      },
      "log": {
        "_logger": {
          "category": "DurationEvent",
          "context": {},
          "callStackSkipIndex": 0
        },
        "_filelogger": {
          "category": "debug-file",
          "context": {},
          "callStackSkipIndex": 0
        }
      }
    },
    {
      "head": {
        "id": "83e67d69-d2f5-473a-9447-d6f25299a372",
        "name": "init context",
        "description": "Initialize plugin context.",
        "type": "duration"
      },
      "body": {
        "pid": 50251,
        "tid": "Main Thread",
        "startTime": 8901519767727375,
        "endTime": 8901519767754291
      },
      "additional": {
        "children": [],
        "state": "success",
        "targetName": "",
        "moduleName": "",
        "category": "",
        "taskRunReasons": [],
        "parent": "3dc6005d-f71f-469f-a3f2-90899d04226f",
        "logId": "b969df65-6a30-4d04-a8fa-0f35a945c4e2"
      },
      "log": {
        "_logger": {
          "category": "DurationEvent",
          "context": {},
          "callStackSkipIndex": 0
        },
        "_filelogger": {
          "category": "debug-file",
          "context": {},
          "callStackSkipIndex": 0
        }
      }
    },
    {
      "head": {
        "id": "d088074d-3de0-4ce7-b3be-71314c93114c",
        "name": "init task dependencies",
        "description": "",
        "type": "log"
      },
      "body": {
        "pid": 50251,
        "tid": "Main Thread",
        "startTime": 8901519766658458,
        "endTime": 8901519767550833
      },
      "additional": {
        "logType": "info",
        "children": [],
        "durationId": "b37aae85-77da-4301-b09a-d8f88ef7a364",
        "parent": "fa210d36-e2c6-4801-8aa6-3b51337595d3"
      }
    },
    {
      "head": {
        "id": "6527d077-b246-4742-a1d1-96201ab94fc2",
        "name": "check entry modules",
        "description": "",
        "type": "log"
      },
      "body": {
        "pid": 50251,
        "tid": "Main Thread",
        "startTime": 8901519767556958,
        "endTime": 8901519767698750
      },
      "additional": {
        "logType": "info",
        "children": [],
        "durationId": "56daeb7e-4cb9-4ae8-9058-19dfbb14bccb",
        "parent": "fa210d36-e2c6-4801-8aa6-3b51337595d3"
      }
    },
    {
      "head": {
        "id": "b969df65-6a30-4d04-a8fa-0f35a945c4e2",
        "name": "init context",
        "description": "",
        "type": "log"
      },
      "body": {
        "pid": 50251,
        "tid": "Main Thread",
        "startTime": 8901519767727375,
        "endTime": 8901519767754291
      },
      "additional": {
        "logType": "info",
        "children": [],
        "durationId": "83e67d69-d2f5-473a-9447-d6f25299a372",
        "parent": "fa210d36-e2c6-4801-8aa6-3b51337595d3"
      }
    },
    {
      "head": {
        "id": "fa210d36-e2c6-4801-8aa6-3b51337595d3",
        "name": "init hap plugin",
        "description": "",
        "type": "log"
      },
      "body": {
        "pid": 50251,
        "tid": "Main Thread",
        "startTime": 8901519766658166,
        "endTime": 8901519767757541
      },
      "additional": {
        "logType": "info",
        "children": [
          "d088074d-3de0-4ce7-b3be-71314c93114c",
          "6527d077-b246-4742-a1d1-96201ab94fc2",
          "b969df65-6a30-4d04-a8fa-0f35a945c4e2"
        ],
        "durationId": "3dc6005d-f71f-469f-a3f2-90899d04226f",
        "parent": "56176679-04a7-482d-b6c2-77108d04e5e4"
      }
    },
    {
      "head": {
        "id": "56176679-04a7-482d-b6c2-77108d04e5e4",
        "name": "exec before all nodes",
        "description": "",
        "type": "log"
      },
      "body": {
        "pid": 50251,
        "tid": "Main Thread",
        "startTime": 8901519750847958,
        "endTime": 8901519767767625
      },
      "additional": {
        "logType": "info",
        "children": [
          "91fa1087-72e3-4b33-9e4c-2b0d86c627ac",
          "fa210d36-e2c6-4801-8aa6-3b51337595d3"
        ],
        "durationId": "4f36304b-63db-47d3-ab22-cc3c7c33b1e9",
        "parent": "7d219d2a-ef5f-48ae-95ba-c5452f428a15"
      }
    },
    {
      "head": {
        "id": "c995e95a-0482-4aec-9006-9217ea2f8dd5",
        "name": "project has submodules:entry",
        "description": "",
        "type": "log"
      },
      "body": {
        "pid": 50251,
        "tid": "Main Thread",
        "startTime": 8901519767816666
      },
      "additional": {
        "logType": "debug",
        "children": []
      }
    },
    {
      "head": {
        "id": "f50defb0-3eac-4fb6-94ce-fcca3b13b683",
        "name": "exec after all nodes",
        "description": "",
        "type": "log"
      },
      "body": {
        "pid": 50251,
        "tid": "Main Thread",
        "startTime": 8901519767772208,
        "endTime": 8901519768155958
      },
      "additional": {
        "logType": "info",
        "children": [],
        "durationId": "334ab3e8-e9ee-40e4-894f-772bd749680c",
        "parent": "7d219d2a-ef5f-48ae-95ba-c5452f428a15"
      }
    },
    {
      "head": {
        "id": "4e35efd1-e6d8-4aa7-a35a-5a809637b6f0",
        "name": "Configuration phase cost:938 ms ",
        "description": "",
        "type": "log"
      },
      "body": {
        "pid": 50251,
        "tid": "Main Thread",
        "startTime": 8901519768177708
      },
      "additional": {
        "logType": "debug",
        "children": []
      }
    },
    {
      "head": {
        "id": "29eeb52d-5f8f-4fbd-ad30-dccfc9020eee",
        "name": "fin configuration",
        "description": "",
        "type": "log"
      },
      "body": {
        "pid": 50251,
        "tid": "Main Thread",
        "startTime": 8901519768160833,
        "endTime": 8901519768210333
      },
      "additional": {
        "logType": "info",
        "children": [],
        "durationId": "3b7447df-909a-4ef4-99ad-00914b095b93",
        "parent": "7d219d2a-ef5f-48ae-95ba-c5452f428a15"
      }
    },
    {
      "head": {
        "id": "7d219d2a-ef5f-48ae-95ba-c5452f428a15",
        "name": "configure hvigor plugin",
        "description": "",
        "type": "log"
      },
      "body": {
        "pid": 50251,
        "tid": "Main Thread",
        "startTime": 8901518829582833,
        "endTime": 8901519768215625
      },
      "additional": {
        "logType": "info",
        "children": [
          "efd5c990-659a-4168-8108-b06738eda73a",
          "3d3ad124-99a6-42ca-b0a2-c42a5dd5fed7",
          "b74d884f-e468-444f-843a-edf17c7e61c5",
          "853c36d1-09b4-47af-b8f1-dc56535fa358",
          "1168e13d-dce0-4759-ab86-32a8d1d8026c",
          "56176679-04a7-482d-b6c2-77108d04e5e4",
          "f50defb0-3eac-4fb6-94ce-fcca3b13b683",
          "29eeb52d-5f8f-4fbd-ad30-dccfc9020eee"
        ],
        "durationId": "16659219-2726-4681-89f0-0a9fa271acf7",
        "parent": "5651b535-718e-45ac-909d-c9401a16f740"
      }
    },
    {
      "head": {
        "id": "63f9b45e-5182-4cab-b69b-d66fa3c3914a",
        "name": "build task graph",
        "description": "",
        "type": "log"
      },
      "body": {
        "pid": 50251,
        "tid": "Main Thread",
        "startTime": 8901519768227833,
        "endTime": 8901519768923750
      },
      "additional": {
        "logType": "info",
        "children": [],
        "durationId": "f0c267b5-36b3-4462-a985-a3fd3710fb0f",
        "parent": "5651b535-718e-45ac-909d-c9401a16f740"
      }
    },
    {
      "head": {
        "id": "acd85904-e9bc-417c-981a-26bb7681829b",
        "name": "init task execution option",
        "description": "",
        "type": "log"
      },
      "body": {
        "pid": 50251,
        "tid": "Main Thread",
        "startTime": 8901519768929750,
        "endTime": 8901519768939916
      },
      "additional": {
        "logType": "info",
        "children": [],
        "durationId": "f443036c-cb29-4b07-a30e-dbdcfa4c8578",
        "parent": "5651b535-718e-45ac-909d-c9401a16f740"
      }
    },
    {
      "head": {
        "id": "5651b535-718e-45ac-909d-c9401a16f740",
        "name": "init",
        "description": "",
        "type": "log"
      },
      "body": {
        "pid": 50251,
        "tid": "Main Thread",
        "startTime": 8901518824306291,
        "endTime": 8901519768942833
      },
      "additional": {
        "logType": "info",
        "children": [
          "012fb66d-3044-4294-a868-8359e885a570",
          "7d219d2a-ef5f-48ae-95ba-c5452f428a15",
          "63f9b45e-5182-4cab-b69b-d66fa3c3914a",
          "acd85904-e9bc-417c-981a-26bb7681829b"
        ],
        "durationId": "623554b6-aef7-454d-a59a-139181dd9025"
      }
    },
    {
      "head": {
        "id": "a89cc6e1-cb23-426f-a07e-d0116a853ba9",
        "name": "Configuration task cost before running: 946 ms ",
        "description": "",
        "type": "log"
      },
      "body": {
        "pid": 50251,
        "tid": "Main Thread",
        "startTime": 8901519769169041
      },
      "additional": {
        "logType": "debug",
        "children": []
      }
    },
    {
      "head": {
        "id": "e1f9e141-a20e-4eb6-8a95-64a9421e773b",
        "name": "Task '' not found in root project 'Part3Comment'. Invalid command to execute the build task, please verify the parameters in the command and try again.",
        "description": "",
        "type": "log"
      },
      "body": {
        "pid": 50251,
        "tid": "Main Thread",
        "startTime": 8901519769510666
      },
      "additional": {
        "logType": "error",
        "children": []
      }
    },
    {
      "head": {
        "id": "281672b2-d53a-406f-8e1e-ac981d7da8ed",
        "name": "* Try the following:\n> Run 'hvigorw --help' to learn more about hvigor command.\n> Run 'hvigorw tasks' to get a list of available tasks.\n> Run the command with '--info' or '--debug' option to get more log output.\n",
        "description": "",
        "type": "log"
      },
      "body": {
        "pid": 50251,
        "tid": "Main Thread",
        "startTime": 8901519769587000
      },
      "additional": {
        "logType": "info",
        "children": []
      }
    },
    {
      "head": {
        "id": "8201957e-cf7d-4819-901e-7ab31a4c0877",
        "name": "BUILD FAILED in 946 ms ",
        "description": "",
        "type": "log"
      },
      "body": {
        "pid": 50251,
        "tid": "Main Thread",
        "startTime": 8901519769624291
      },
      "additional": {
        "logType": "error",
        "children": []
      }
    },
    {
      "head": {
        "id": "6c97452f-500b-4962-9dd7-0849a6f50f1e",
        "name": "",
        "description": "",
        "type": "mark"
      },
      "body": {
        "pid": 50251,
        "tid": "Main Thread",
        "startTime": 8901518823747500,
        "endTime": 8901519769746875
      },
      "additional": {
        "time": {
          "year": 2024,
          "month": 5,
          "day": 17,
          "hour": 11,
          "minute": 54
        },
        "completeCommand": "{\"prop\":[],\"analyze\":true,\"parallel\":true,\"incremental\":true,\"daemon\":true,\"_\":[]};",
        "hvigorVersion": "4.2.0",
        "markType": "history",
        "category": "build",
        "state": "failed"
      }
    }
  ]
}