{
  "entry/src/main/ets/entryability/EntryAbility.ets": {
    "version": 3,
    "file": "EntryAbility.ets",
    "sourceRoot": "",
    "sources": [
      "entry/src/main/ets/entryability/EntryAbility.ets"
    ],
    "names": [],
    "mappings": ";;;;;AAIA,MAAM,CAAC,OAAO,OAAO,YAAa,SAAQ,SAAS;IACjD,QAAQ,CAAC,IAAI,EAAE,IAAI,EAAE,WAAW,EAAE,eAAe,CAAC,WAAW,GAAG,IAAI;QAClE,KAAK,CAAC,IAAI,CAAC,MAAM,EAAE,SAAS,EAAE,YAAY,EAAE,kBAAkB,CAAC,CAAC;IAClE,CAAC;IAED,SAAS,IAAI,IAAI;QACf,KAAK,CAAC,IAAI,CAAC,MAAM,EAAE,SAAS,EAAE,YAAY,EAAE,mBAAmB,CAAC,CAAC;IACnE,CAAC;IAED,mBAAmB,CAAC,WAAW,EAAE,MAAM,CAAC,WAAW,GAAG,IAAI;QACxD,yDAAyD;QACzD,KAAK,CAAC,IAAI,CAAC,MAAM,EAAE,SAAS,EAAE,YAAY,EAAE,6BAA6B,CAAC,CAAC;QAE3E,WAAW,CAAC,WAAW,CAAC,aAAa,EAAE,CAAC,GAAG,EAAE,EAAE;YAC7C,IAAI,GAAG,CAAC,IAAI,EAAE;gBACZ,KAAK,CAAC,KAAK,CAAC,MAAM,EAAE,SAAS,EAAE,+CAA+C,EAAE,IAAI,CAAC,SAAS,CAAC,GAAG,CAAC,IAAI,EAAE,CAAC,CAAC;gBAC3G,OAAO;aACR;YACD,KAAK,CAAC,IAAI,CAAC,MAAM,EAAE,SAAS,EAAE,mCAAmC,CAAC,CAAC;QACrE,CAAC,CAAC,CAAC;IACL,CAAC;IAED,oBAAoB,IAAI,IAAI;QAC1B,yDAAyD;QACzD,KAAK,CAAC,IAAI,CAAC,MAAM,EAAE,SAAS,EAAE,YAAY,EAAE,8BAA8B,CAAC,CAAC;IAC9E,CAAC;IAED,YAAY,IAAI,IAAI;QAClB,oCAAoC;QACpC,KAAK,CAAC,IAAI,CAAC,MAAM,EAAE,SAAS,EAAE,YAAY,EAAE,sBAAsB,CAAC,CAAC;IACtE,CAAC;IAED,YAAY,IAAI,IAAI;QAClB,iCAAiC;QACjC,KAAK,CAAC,IAAI,CAAC,MAAM,EAAE,SAAS,EAAE,YAAY,EAAE,sBAAsB,CAAC,CAAC;IACtE,CAAC;CACF"
  },
  "entry/src/main/ets/pages/Index.ets": {
    "version": 3,
    "file": "Index.ets",
    "sourceRoot": "",
    "sources": [
      "entry/src/main/ets/pages/Index.ets"
    ],
    "names": [],
    "mappings": ";IAqBS,WAAW,GAAE,WAAW,EAAE;;OArB5B,OAAO;OACP,QAAQ;OACR,UAAU;OACV,IAAI;OACJ,EAAE,WAAW,EAAE,eAAe,EAAE;MAgBhC,KAAK;IAFZ;;;;;0DAGsC,eAAe,EAAE;QAErD,sBAAsB;QACtB,2CAA2C;;;KApBsB;;;;;;;;;;;;;;;;IAiBjE,gDAAoB,WAAW,EAAE,EAAoB;QAA9C,WAAW;;;QAAX,WAAW,WAAE,WAAW,EAAE;;;IAEjC,sBAAsB;IACtB,2CAA2C;IAC3C,aAAa,IAAI,IAAI;QACnB,UAAU;QACV,IAAI,CAAC,YAAY,CAAC;YAChB,UAAU,EAAE,QAAQ;YACpB,SAAS,EAAE,qBAAqB;SACjC,CAAC,CAAA;QAEF,IAAI,CAAC,UAAU,CAAC,CAAC,CAAC,CAAA;IACpB,CAAC;IAED,OAAO;IACP,UAAU,CAAE,KAAK,EAAE,MAAM;QACvB,oBAAoB;QACpB,gCAAgC;QAChC,mCAAmC;QACnC,wBAAwB;QACxB,qBAAqB;QACrB,8BAA8B;QAC9B,KAAK;QAEL,gCAAgC;QAChC,kCAAkC;QAClC,qCAAqC;QACrC,6CAA6C;QAE7C,sCAAsC;QACtC,IAAI,QAAQ,GAAG,IAAI,CAAC,WAAW,CAAC,KAAK,CAAC,CAAA;QACtC,IAAI,QAAQ,CAAC,MAAM,EAAE;YACnB,QAAQ,CAAC,OAAO,IAAI,CAAC,CAAA;SACtB;aACI;YACH,QAAQ,CAAC,OAAO,IAAI,CAAC,CAAA;SACtB;QACD,QAAQ,CAAC,MAAM,GAAG,CAAC,QAAQ,CAAC,MAAM,CAAA;QAElC,0CAA0C;QAC1C,6CAA6C;QAC7C,8CAA8C;IAChD,CAAC;IAED,OAAO;IACP,YAAY,CAAE,OAAO,EAAE,MAAM;QAC3B,gBAAgB;QAChB,MAAM,OAAO,EAAE,WAAW,GAAG,IAAI,WAAW,CAC1C,kJAAkJ,EAClJ,GAAG,EAAE,IAAI,IAAI,EAAE,CAAC,OAAO,EAAE,EAAE,CAAC,EAAE,CAAC,EAAE,OAAO,EAAE,KAAK,CAAC,CAAA;QAClD,IAAI,CAAC,WAAW,GAAG,CAAC,OAAO,EAAE,GAAG,IAAI,CAAC,WAAW,CAAC,CAAA;IACnD,CAAC;IAED,yCAAyC;IACzC,UAAU,CAAE,IAAI,EAAE,MAAM;QACtB,IAAI,IAAI,KAAK,CAAC,EAAE;YACd,cAAc;YACd,IAAI,CAAC,WAAW,CAAC,IAAI,CAAC,CAAC,CAAC,EAAE,CAAC,EAAE,EAAE;gBAC7B,eAAe;gBACf,OAAO,CAAC,CAAC,IAAI,GAAG,CAAC,CAAC,IAAI,CAAA,CAAC,kBAAkB;YAC3C,CAAC,CAAC,CAAA;SACH;aACI;YACH,cAAc;YACd,IAAI,CAAC,WAAW,CAAC,IAAI,CAAC,CAAC,CAAC,EAAE,CAAC,EAAE,EAAE;gBAC7B,OAAO,CAAC,CAAC,OAAO,GAAG,CAAC,CAAC,OAAO,CAAA;YAC9B,CAAC,CAAC,CAAA;SACH;IACH,CAAC;IACD;;YACE,MAAM;;YAAN,MAAM,CAuCL,KAAK,CAAC,MAAM;YAvCb,MAAM,CAwCL,MAAM,CAAC,MAAM;;;;;;oBAvCZ,YAAY;oBACZ,iBAAiB;oBACjB,0BAA0B;oBAC1B,kBAAkB;oBAClB,0BAA0B;oBAC1B,SAAS;oBACT,OAAO,OAAC;wBACN,MAAM,EAAE,CAAC,IAAI,EAAE,MAAM,EAAE,EAAE;4BACvB,IAAI,CAAC,UAAU,CAAC,IAAI,CAAC,CAAA;wBACvB,CAAC;qBACF;;;;4BAHC,MAAM,EAAE,CAAC,IAAI,EAAE,MAAM,EAAE,EAAE;gCACvB,IAAI,CAAC,UAAU,CAAC,IAAI,CAAC,CAAA;4BACvB,CAAC;;;;;;;;;;;YAGH,KAAK;YACL,IAAI;;YADJ,KAAK;YACL,IAAI,CAeH,YAAY,CAAC,CAAC;YAhBf,KAAK;YACL,IAAI,CAgBH,OAAO,CAAC,EAAE,MAAM,EAAE,EAAE,EAAE;;;YAfrB,OAAO;mDAAuC,KAAK,EAAE,MAAM;;;;;;;4BACzD,QAAQ;;;;;;;;;;;;;;oCACN,kCAAkC;oCAClC,QAAQ,OAAC;wCACP,KAAK,EAAE,KAAK;wCACZ,OAAO,EAAE,IAAI;wCACb,WAAW,EAAE,CAAC,KAAK,EAAE,MAAM,EAAE,EAAE;4CAC7B,mCAAmC;4CACnC,IAAI,CAAC,UAAU,CAAC,KAAK,CAAC,CAAA;wCACxB,CAAC;qCACF;;;;4CANC,KAAK,EAAE,KAAK;4CACZ,OAAO,EAAE,IAAI;4CACb,WAAW,EAAE,CAAC,KAAK,EAAE,MAAM,EAAE,EAAE;gDAC7B,mCAAmC;gDACnC,IAAI,CAAC,UAAU,CAAC,KAAK,CAAC,CAAA;4CACxB,CAAC;;;;;;;wCALD,KAAK,EAAE,KAAK;wCACZ,OAAO,EAAE,IAAI;;;;;wBAJjB,QAAQ;;;oBAAR,QAAQ;;;+CADF,IAAI,CAAC,WAAW;;QAAxB,OAAO;QAFT,KAAK;QACL,IAAI;;;;;oBAkBJ,KAAK;oBACL,UAAU,OAAC;wBACT,eAAe,EAAE,CAAC,OAAO,EAAE,MAAM,EAAE,EAAE;4BACnC,IAAI,CAAC,YAAY,CAAC,OAAO,CAAC,CAAA;wBAC5B,CAAC;qBACF;;;;4BAHC,eAAe,EAAE,CAAC,OAAO,EAAE,MAAM,EAAE,EAAE;gCACnC,IAAI,CAAC,YAAY,CAAC,OAAO,CAAC,CAAA;4BAC5B,CAAC;;;;;;;;;;QApCL,MAAM;KAyCP"
  },
  "entry/src/main/ets/components/InfoTop.ets": {
    "version": 3,
    "file": "InfoTop.ets",
    "sourceRoot": "",
    "sources": [
      "entry/src/main/ets/components/InfoTop.ets"
    ],
    "names": [],
    "mappings": ";IAaS,IAAI,GAAE,OAAO;IACpB,MAAM;;AAdR,+BACsB,IAAI,EAAE,OAAO;WAChC,KAAK,CAAC,EAAE;WACR,MAAM,CAAC,EAAE;WACT,QAAQ,CAAC,EAAE;WACX,OAAO,CAAC,EAAE,IAAI,EAAE,CAAC,EAAE,KAAK,EAAE,CAAC,EAAE;WAC7B,eAAe,CAAC,IAAI,CAAC,CAAC,CAAC,MAAM,CAAC,CAAC,CAAC,SAAS;WACzC,SAAS,CAAC,IAAI,CAAC,CAAC,CAAC,SAAS,CAAC,CAAC,CAAC,SAAS;WACtC,MAAM,CAAC,EAAE,KAAK,EAAE,CAAC,EAAE,KAAK,EAAE,IAAI,CAAC,CAAC,CAAC,SAAS,CAAC,CAAC,CAAC,SAAS,EAAE;CAC1D;MAGM,OAAO;IADd;;;;;mDAEyB,IAAI;sBAClB,CAAC,IAAI,EAAE,MAAM,EAAE,EAAE,GAAE,CAAC;;KAL9B;;;;;;;;;;;;;;;;;;;IAIC,yCAAa,OAAO,EAAO;QAApB,IAAI;;;QAAJ,IAAI,WAAE,OAAO;;;IACpB,eAA6B;IAC7B;;YACE,GAAG;;YAAH,GAAG,CAsBF,KAAK,CAAC,MAAM;YAtBb,GAAG,CAuBF,cAAc,CAAC,SAAS,CAAC,YAAY;YAvBtC,GAAG,CAwBF,OAAO,CAAC,EAAE;;;YAvBT,IAAI,QAAC,MAAM;;YAAX,IAAI,CACD,SAAS,CAAC,MAAM;YADnB,IAAI,CAED,QAAQ,CAAC,EAAE;YAFd,IAAI,CAGD,UAAU,CAAC,UAAU,CAAC,IAAI;;QAH7B,IAAI;;YAIJ,GAAG;;YAAH,GAAG,CAcF,eAAe,CAAC,SAAS;YAd1B,GAAG,CAeF,YAAY,CAAC,EAAE;;;YAdd,MAAM,iBAAC,IAAI,EAAE,EAAE,WAAW,EAAE,KAAK,EAAE;;kCACpB,IAAI,CAAC,IAAI;YADxB,MAAM,CAEH,OAAO,CAAC,GAAG,EAAE;gBACZ,IAAI,CAAC,IAAI,GAAG,IAAI,CAAA;gBAChB,IAAI,CAAC,MAAM,CAAC,CAAC,CAAC,CAAA;YAChB,CAAC;;QALH,MAAM;;YAMN,MAAM,iBAAC,IAAI,EAAE,EAAE,WAAW,EAAE,KAAK,EAAE;;kCACpB,CAAC,IAAI,CAAC,IAAI;YADzB,MAAM,CAEH,OAAO,CAAC,GAAG,EAAE;gBACZ,IAAI,CAAC,IAAI,GAAG,KAAK,CAAA;gBACjB,IAAI,CAAC,MAAM,CAAC,CAAC,CAAC,CAAA;YAChB,CAAC;;QALH,MAAM;QAPR,GAAG;QALL,GAAG;KAyBJ;;;;;AAGH,eAAe,OAAO,CAAA"
  },
  "entry/src/main/ets/components/InfoItem.ets": {
    "version": 3,
    "file": "InfoItem.ets",
    "sourceRoot": "",
    "sources": [
      "entry/src/main/ets/components/InfoItem.ets"
    ],
    "names": [],
    "mappings": ";IAIc,OAAO,GAAE,WAAW;IAC1B,KAAK,GAAE,MAAM;IACnB,WAAW;;cANJ,WAAW,QAAQ,sBAAsB;MAG3C,QAAQ;IADf;;;;;;;2BAIgB,CAAC,KAAK,EAAE,MAAM,EAAE,EAAE,GAAE,CAAC;;KANa;;;;;;;;;kCAK1C,KAAK;;;;;;;;;;;;IADX,gDAAqB,WAAW,EAAA;QAApB,OAAO;;;IACnB,+CAAa,MAAM,EAAA;QAAb,KAAK;;;QAAL,KAAK,WAAE,MAAM;;;IACnB,oBAAmC;IAEnC;;YACE,MAAM;;YAAN,MAAM,CA4CL,OAAO,CAAC,EAAE,IAAI,EAAE,EAAE,EAAE,KAAK,EAAE,EAAE,EAAE;YA5ChC,MAAM,CA6CL,UAAU,CAAC,eAAe,CAAC,KAAK;;;YA5C/B,gBAAgB;YAChB,GAAG;;;;YACD,KAAK,QAAC,IAAI,CAAC,OAAO,CAAC,MAAM;;YAAzB,KAAK,CACF,KAAK,CAAC,EAAE;YADX,KAAK,CACQ,WAAW,CAAC,CAAC;YAD1B,KAAK,CAEF,MAAM,CAAC,EAAE,GAAG,EAAE,EAAE,EAAE;YAFrB,KAAK,CAGF,YAAY,CAAC,EAAE;;;YAClB,IAAI,QAAC,IAAI,CAAC,OAAO,CAAC,IAAI;;YAAtB,IAAI,CACD,QAAQ,CAAC,EAAE;YADd,IAAI,CAED,SAAS,CAAC,KAAK,CAAC,IAAI;YAFvB,IAAI,CAGD,MAAM,CAAC,EAAE,GAAG,EAAE,EAAE,EAAE,IAAI,EAAE,CAAC,EAAE;;QAH9B,IAAI;;YAIJ,KAAK,QAAC,IAAI,CAAC,OAAO,CAAC,SAAS;;YAA5B,KAAK,CACF,KAAK,CAAC,EAAE;YADX,KAAK,CACQ,WAAW,CAAC,CAAC;YAD1B,KAAK,CAEF,MAAM,CAAC,EAAE,GAAG,EAAE,EAAE,EAAE,IAAI,EAAE,CAAC,EAAE;YAF9B,KAAK,CAGF,YAAY,CAAC,EAAE;;QAbpB,gBAAgB;QAChB,GAAG;;YAcH,UAAU;YACV,IAAI,QAAC,IAAI,CAAC,OAAO,CAAC,UAAU;;YAD5B,UAAU;YACV,IAAI,CACD,QAAQ,CAAC,EAAE;YAFd,UAAU;YACV,IAAI,CAED,SAAS,CAAC,KAAK,CAAC,KAAK;YAHxB,UAAU;YACV,IAAI,CAGD,MAAM,CAAC,EAAE,IAAI,EAAE,EAAE,EAAE,GAAG,EAAE,CAAC,EAAE,MAAM,EAAE,CAAC,EAAE;;QAJzC,UAAU;QACV,IAAI;;YAKJ,iBAAiB;YACjB,GAAG;;YADH,iBAAiB;YACjB,GAAG,CAiBF,OAAO,CAAC,EAAE,IAAI,EAAE,EAAE,EAAE,GAAG,EAAE,CAAC,EAAE;YAlB7B,iBAAiB;YACjB,GAAG,CAkBF,KAAK,CAAC,MAAM;YAnBb,iBAAiB;YACjB,GAAG,CAmBF,cAAc,CAAC,SAAS,CAAC,YAAY;;;YAlBpC,IAAI,QAAC,IAAI,CAAC,OAAO,CAAC,WAAW,CAAC,IAAI,CAAC,OAAO,CAAC,IAAI,CAAC;;YAAhD,IAAI,CACD,QAAQ,CAAC,EAAE;YADd,IAAI,CAED,SAAS,CAAC,KAAK,CAAC,IAAI;;QAFvB,IAAI;;YAGJ,GAAG;;YAAH,GAAG,CAOF,OAAO,CAAC,GAAG,EAAE;gBACZ,cAAc;gBACd,yCAAyC;gBACzC,IAAI,CAAC,WAAW,CAAC,IAAI,CAAC,KAAK,CAAC,CAAA;YAC9B,CAAC;;;YAVC,KAAK,QAAC,IAAI,CAAC,OAAO,CAAC,MAAM,CAAC,CAAC,gHAA6B,CAAC,+GAA8B;;YAAvF,KAAK,CACF,KAAK,CAAC,EAAE;YADX,KAAK,CACQ,WAAW,CAAC,CAAC;;;YAC1B,IAAI,QAAC,IAAI,CAAC,OAAO,CAAC,OAAO,CAAC,QAAQ,EAAE;;YAApC,IAAI,CACD,QAAQ,CAAC,EAAE;YADd,IAAI,CAED,SAAS,CAAC,IAAI,CAAC,OAAO,CAAC,MAAM,CAAC,CAAC,CAAC,KAAK,CAAC,IAAI,CAAC,CAAC,CAAC,KAAK,CAAC,IAAI;;QAF1D,IAAI;QAHN,GAAG;QALL,iBAAiB;QACjB,GAAG;QAvBL,MAAM;KA8CP;;;;;AAGH,eAAe,QAAQ,CAAA"
  },
  "entry/src/main/ets/components/InfoBottom.ets": {
    "version": 3,
    "file": "InfoBottom.ets",
    "sourceRoot": "",
    "sources": [
      "entry/src/main/ets/components/InfoBottom.ets"
    ],
    "names": [],
    "mappings": ";IAES,GAAG,GAAE,MAAM;IAClB,eAAe;;MAFV,UAAU;IADjB;;;;;kDAEuB,EAAE;+BACL,CAAC,OAAO,EAAE,MAAM,EAAE,EAAE,GAAE,CAAC;;KAH3C;;;;;;;;;;;;;;;;;;;IAEE,wCAAY,MAAM,EAAK;QAAhB,GAAG;;;QAAH,GAAG,WAAE,MAAM;;;IAClB,wBAAyC;IAEzC;;YACE,GAAG;;YAAH,GAAG,CAiCF,MAAM,CAAC,EAAE;YAjCV,GAAG,CAkCF,KAAK,CAAC,MAAM;;;YAjCX,GAAG;;YAAH,GAAG,CAgBF,MAAM,CAAC,EAAE;YAhBV,GAAG,CAiBF,eAAe,CAAC,SAAS;YAjB1B,GAAG,CAkBF,YAAY,CAAC,EAAE;YAlBhB,GAAG,CAmBF,MAAM,CAAC,EAAE,IAAI,EAAE,EAAE,EAAE,KAAK,EAAE,EAAE,EAAE,GAAG,EAAE,EAAE,EAAE,MAAM,EAAE,EAAE,EAAE;YAnBpD,GAAG,CAoBF,YAAY,CAAC,CAAC;;;YAnBb,IAAI,QAAC,QAAQ;;YAAb,IAAI,CACD,UAAU,CAAC,QAAQ;YADtB,IAAI,CAED,QAAQ,CAAC,EAAE;YAFd,IAAI,CAGD,MAAM,CAAC,EAAE,IAAI,EAAE,EAAE,EAAE;;QAHtB,IAAI;;YAIJ,SAAS,QAAC;gBACR,WAAW,EAAE,QAAQ;gBACrB,IAAI,WAAE,KAAO,GAAG,6BAAV,KAAO,GAAG,gBAAA;aACjB;;YAHD,SAAS,CAIN,eAAe,CAAC,KAAK,CAAC,WAAW;YAJpC,SAAS,CAKN,QAAQ,CAAC,EAAE;YALd,SAAS,CAMN,QAAQ,CAAC,GAAG,EAAE;gBACZ,2BAA2B;gBAC3B,IAAI,CAAC,eAAe,CAAC,IAAI,CAAC,GAAG,CAAC,CAAA;YACjC,CAAC;;QAdL,GAAG;;YAsBH,IAAI,QAAC,QAAQ;;YAAb,IAAI,CACD,UAAU,CAAC,QAAQ;YADtB,IAAI,CAED,QAAQ,CAAC,EAAE;YAFd,IAAI,CAGD,MAAM,CAAC,EAAE,IAAI,EAAE,CAAC,EAAE,KAAK,EAAE,CAAC,EAAE;;QAH/B,IAAI;;YAKJ,IAAI,QAAC,QAAQ;;YAAb,IAAI,CACD,UAAU,CAAC,QAAQ;YADtB,IAAI,CAED,QAAQ,CAAC,EAAE;YAFd,IAAI,CAGD,MAAM,CAAC,EAAE,IAAI,EAAE,CAAC,EAAE,KAAK,EAAE,CAAC,EAAE;;QAH/B,IAAI;QA5BN,GAAG;KAmCJ;;;;;AAGH,eAAe,UAAU,CAAA"
  },
  "entry/src/main/ets/model/CommentData.ets": {
    "version": 3,
    "file": "CommentData.ets",
    "sourceRoot": "",
    "sources": [
      "entry/src/main/ets/model/CommentData.ets"
    ],
    "names": [],
    "mappings": "AAAA,WAAW;AACX,CAAC,QAAQ;AACT,MAAM,OAAO,WAAW;IACtB,MAAM,EAAE,MAAM,CAAC,CAAC,KAAK;IACrB,IAAI,EAAE,MAAM,CAAC,CAAC,KAAK;IACnB,KAAK,EAAE,MAAM,CAAC,CAAC,MAAM;IACrB,OAAO,EAAE,MAAM,CAAC,CAAC,MAAM;IACvB,UAAU,EAAE,MAAM,CAAC,CAAC,MAAM;IAC1B,MAAM,EAAE,OAAO,CAAC,CAAC,MAAM;IACvB,SAAS,EAAE,QAAQ,CAAA,CAAC,UAAU;IAC9B,UAAU,EAAE,MAAM,CAAA,CAAC,+BAA+B;IAClD,IAAI,EAAE,MAAM,CAAA,CAAC,cAAc;IAE3B,YAAY,MAAM,EAAE,MAAM,EAAE,IAAI,EAAE,MAAM,EAAE,IAAI,EAAE,MAAM,EAAE,KAAK,EAAE,MAAM,EAAE,OAAO,EAAE,MAAM,EAAE,UAAU,EAAE,MAAM,EAAE,MAAM,EAAE,OAAO;QACzH,IAAI,CAAC,MAAM,GAAG,MAAM,CAAA;QACpB,IAAI,CAAC,IAAI,GAAG,IAAI,CAAA;QAChB,IAAI,CAAC,UAAU,GAAG,IAAI,CAAC,WAAW,CAAC,IAAI,CAAC,CAAA,CAAC,oCAAoC;QAC7E,IAAI,CAAC,IAAI,GAAG,IAAI,CAAA;QAChB,IAAI,CAAC,KAAK,GAAG,KAAK,CAAA;QAClB,IAAI,CAAC,OAAO,GAAG,OAAO,CAAA;QACtB,IAAI,CAAC,UAAU,GAAG,UAAU,CAAA;QAC5B,IAAI,CAAC,MAAM,GAAG,MAAM,CAAA;QACpB,IAAI,CAAC,SAAS,GAAG,IAAI,CAAC,YAAY,CAAC,IAAI,CAAC,KAAK,CAAC,CAAA,CAAC,kBAAkB;IACnE,CAAC;IAED,WAAW,CAAC,SAAS,EAAE,MAAM;QAC3B,WAAW;QACX,MAAM,gBAAgB,GAAG,IAAI,IAAI,EAAE,CAAC,OAAO,EAAE,CAAC;QAC9C,MAAM,cAAc,GAAG,CAAC,gBAAgB,GAAG,SAAS,CAAC,GAAG,IAAI,CAAC,CAAC,OAAO;QAErE,IAAI,cAAc,GAAG,CAAC,IAAI,cAAc,IAAI,CAAC,EAAE;YAC7C,OAAO,IAAI,CAAC;SACb;aAAM,IAAI,cAAc,GAAG,EAAE,EAAE;YAC9B,OAAO,GAAG,IAAI,CAAC,KAAK,CAAC,cAAc,CAAC,IAAI,CAAC;SAC1C;aAAM,IAAI,cAAc,GAAG,IAAI,EAAE;YAChC,OAAO,GAAG,IAAI,CAAC,KAAK,CAAC,cAAc,GAAG,EAAE,CAAC,KAAK,CAAC;SAChD;aAAM,IAAI,cAAc,GAAG,KAAK,EAAE;YACjC,OAAO,GAAG,IAAI,CAAC,KAAK,CAAC,cAAc,GAAG,IAAI,CAAC,KAAK,CAAC;SAClD;aAAM,IAAI,cAAc,GAAG,MAAM,EAAE;YAClC,OAAO,GAAG,IAAI,CAAC,KAAK,CAAC,cAAc,GAAG,KAAK,CAAC,IAAI,CAAC;SAClD;aAAM,IAAI,cAAc,GAAG,OAAO,EAAE;YACnC,OAAO,GAAG,IAAI,CAAC,KAAK,CAAC,cAAc,GAAG,MAAM,CAAC,IAAI,CAAC;SACnD;aAAM,IAAI,cAAc,GAAG,QAAQ,EAAE;YACpC,OAAO,GAAG,IAAI,CAAC,KAAK,CAAC,cAAc,GAAG,OAAO,CAAC,KAAK,CAAC;SACrD;aAAM;YACL,OAAO,GAAG,IAAI,CAAC,KAAK,CAAC,cAAc,GAAG,QAAQ,CAAC,IAAI,CAAC;SACrD;IACH,CAAC;IAED,qBAAqB;IACrB,YAAY,CAAC,KAAK,EAAE,MAAM;QACxB,MAAM,QAAQ,GAAG;;;;;;;SAOhB,CAAA;QACD,OAAO,QAAQ,CAAC,KAAK,CAAC,CAAA;IACxB,CAAC;CACF;AAED,gBAAgB;AAChB,MAAM,CAAC,MAAM,eAAe,GAAG,IAAI,WAAW,EAAE,CAAC,EAAE;IACjD,IAAI,MAAM,EAAE,WAAW,EAAE,GAAG,IAAI,KAAK,EAAE,CAAA;IACvC,MAAM,GAAG;QACP,IAAI,WAAW,CAAC,kGAAkG,EAAE,MAAM,EAAE,aAAa,EAAE,IAAI,CAAC,KAAK,CAAC,IAAI,CAAC,MAAM,EAAE,GAAC,CAAC,CAAC,EAAG,IAAI,CAAC,KAAK,CAAC,IAAI,CAAC,MAAM,EAAE,GAAC,GAAG,CAAC,EAAE,uBAAuB,EAAE,KAAK,CAAC;QACvO,IAAI,WAAW,CAAC,kGAAkG,EAAE,KAAK,EAAE,aAAa,EAAE,IAAI,CAAC,KAAK,CAAC,IAAI,CAAC,MAAM,EAAE,GAAC,CAAC,CAAC,EAAG,IAAI,CAAC,KAAK,CAAC,IAAI,CAAC,MAAM,EAAE,GAAC,GAAG,CAAC,EAAE,kCAAkC,EAAE,KAAK,CAAC;QACjP,IAAI,WAAW,CAAC,kGAAkG,EAAE,MAAM,EAAE,aAAa,EAAE,IAAI,CAAC,KAAK,CAAC,IAAI,CAAC,MAAM,EAAE,GAAC,CAAC,CAAC,EAAG,IAAI,CAAC,KAAK,CAAC,IAAI,CAAC,MAAM,EAAE,GAAC,GAAG,CAAC,EAAE,2DAA2D,EAAE,KAAK,CAAC;QAC3Q,IAAI,WAAW,CAAC,kGAAkG,EAAE,OAAO,EAAE,aAAa,EAAE,IAAI,CAAC,KAAK,CAAC,IAAI,CAAC,MAAM,EAAE,GAAC,CAAC,CAAC,EAAG,IAAI,CAAC,KAAK,CAAC,IAAI,CAAC,MAAM,EAAE,GAAC,GAAG,CAAC,EAAE,qCAAqC,EAAE,KAAK,CAAC;QACtP,IAAI,WAAW,CAAC,kGAAkG,EAAE,KAAK,EAAE,aAAa,EAAE,IAAI,CAAC,KAAK,CAAC,IAAI,CAAC,MAAM,EAAE,GAAC,CAAC,CAAC,EAAG,IAAI,CAAC,KAAK,CAAC,IAAI,CAAC,MAAM,EAAE,GAAC,GAAG,CAAC,EAAE,iBAAiB,EAAE,KAAK,CAAC;QAChO,IAAI,WAAW,CAAC,kGAAkG,EAAE,MAAM,EAAE,aAAa,EAAE,IAAI,CAAC,KAAK,CAAC,IAAI,CAAC,MAAM,EAAE,GAAC,CAAC,CAAC,EAAG,IAAI,CAAC,KAAK,CAAC,IAAI,CAAC,MAAM,EAAE,GAAC,GAAG,CAAC,EAAE,yFAAyF,EAAE,KAAK,CAAC;QACzS,IAAI,WAAW,CAAC,kGAAkG,EAAE,MAAM,EAAE,aAAa,EAAE,IAAI,CAAC,KAAK,CAAC,IAAI,CAAC,MAAM,EAAE,GAAC,CAAC,CAAC,EAAG,IAAI,CAAC,KAAK,CAAC,IAAI,CAAC,MAAM,EAAE,GAAC,GAAG,CAAC,EAAE,qCAAqC,EAAE,KAAK,CAAC;QACrP,IAAI,WAAW,CAAC,iGAAiG,EAAE,MAAM,EAAE,aAAa,EAAE,IAAI,CAAC,KAAK,CAAC,IAAI,CAAC,MAAM,EAAE,GAAC,CAAC,CAAC,EAAG,IAAI,CAAC,KAAK,CAAC,IAAI,CAAC,MAAM,EAAE,GAAC,GAAG,CAAC,EAAE,wCAAwC,EAAE,KAAK,CAAC;QACvP,IAAI,WAAW,CAAC,kGAAkG,EAAE,MAAM,EAAE,aAAa,EAAE,IAAI,CAAC,KAAK,CAAC,IAAI,CAAC,MAAM,EAAE,GAAC,CAAC,CAAC,EAAG,IAAI,CAAC,KAAK,CAAC,IAAI,CAAC,MAAM,EAAE,GAAC,GAAG,CAAC,EAAE,YAAY,EAAE,KAAK,CAAC;KAC7N,CAAA;IACD,OAAO,MAAM,CAAA;AACf,CAAC,CAAA"
  }
}