{
  "entry/src/main/ets/entryability/EntryAbility.ets": {
    "version": 3,
    "file": "EntryAbility.ets",
    "sourceRoot": "",
    "sources": [
      "entry/src/main/ets/entryability/EntryAbility.ets"
    ],
    "names": [],
    "mappings": ";;;;;AAIA,MAAM,CAAC,OAAO,OAAO,YAAa,SAAQ,SAAS;IACjD,QAAQ,CAAC,IAAI,EAAE,IAAI,EAAE,WAAW,EAAE,eAAe,CAAC,WAAW,GAAG,IAAI;QAClE,KAAK,CAAC,IAAI,CAAC,MAAM,EAAE,SAAS,EAAE,YAAY,EAAE,kBAAkB,CAAC,CAAC;IAClE,CAAC;IAED,SAAS,IAAI,IAAI;QACf,KAAK,CAAC,IAAI,CAAC,MAAM,EAAE,SAAS,EAAE,YAAY,EAAE,mBAAmB,CAAC,CAAC;IACnE,CAAC;IAED,mBAAmB,CAAC,WAAW,EAAE,MAAM,CAAC,WAAW,GAAG,IAAI;QACxD,yDAAyD;QACzD,KAAK,CAAC,IAAI,CAAC,MAAM,EAAE,SAAS,EAAE,YAAY,EAAE,6BAA6B,CAAC,CAAC;QAE3E,WAAW,CAAC,WAAW,CAAC,aAAa,EAAE,CAAC,GAAG,EAAE,IAAI,EAAE,EAAE;YACnD,IAAI,GAAG,CAAC,IAAI,EAAE;gBACZ,KAAK,CAAC,KAAK,CAAC,MAAM,EAAE,SAAS,EAAE,+CAA+C,EAAE,IAAI,CAAC,SAAS,CAAC,GAAG,CAAC,IAAI,EAAE,CAAC,CAAC;gBAC3G,OAAO;aACR;YACD,KAAK,CAAC,IAAI,CAAC,MAAM,EAAE,SAAS,EAAE,oDAAoD,EAAE,IAAI,CAAC,SAAS,CAAC,IAAI,CAAC,IAAI,EAAE,CAAC,CAAC;QAClH,CAAC,CAAC,CAAC;IACL,CAAC;IAED,oBAAoB,IAAI,IAAI;QAC1B,yDAAyD;QACzD,KAAK,CAAC,IAAI,CAAC,MAAM,EAAE,SAAS,EAAE,YAAY,EAAE,8BAA8B,CAAC,CAAC;IAC9E,CAAC;IAED,YAAY,IAAI,IAAI;QAClB,oCAAoC;QACpC,KAAK,CAAC,IAAI,CAAC,MAAM,EAAE,SAAS,EAAE,YAAY,EAAE,sBAAsB,CAAC,CAAC;IACtE,CAAC;IAED,YAAY,IAAI,IAAI;QAClB,iCAAiC;QACjC,KAAK,CAAC,IAAI,CAAC,MAAM,EAAE,SAAS,EAAE,YAAY,EAAE,sBAAsB,CAAC,CAAC;IACtE,CAAC;CACF"
  },
  "entry/src/main/ets/pages/Index.ets": {
    "version": 3,
    "file": "Index.ets",
    "sourceRoot": "",
    "sources": [
      "entry/src/main/ets/pages/Index.ets"
    ],
    "names": [],
    "mappings": ";IAgBS,WAAW,GAAE,MAAM;IAGnB,MAAM,GAAE,UAAU,EAAE;IAUpB,WAAW,GAAE,MAAM;IACnB,UAAU,GAAE,MAAM;IAGlB,QAAQ,GAAE,MAAM;IAChB,QAAQ,GAAE,MAAM;IAGhB,KAAK,GAAE,OAAO;IAEd,GAAG,GAAE,MAAM,EAAE;IACb,KAAK,GAAE,MAAM;;AAxCtB,oBAAoB;AACpB,UAAU,UAAU;IAClB,GAAG,EAAE,MAAM,CAAA;IACX,KAAK,EAAE,MAAM,CAAA;CACd;MAUM,KAAK;IAFZ;;;;;0DAI+B,CAAC,CAAC,CAAC,UAAU;QAE1C,aAAa;;qDACiB;YAC5B,EAAE,GAAG,EAAE,iBAAiB,EAAE,KAAK,EAAE,CAAC,EAAE;YACpC,EAAE,GAAG,EAAE,iBAAiB,EAAE,KAAK,EAAE,CAAC,EAAE;YACpC,EAAE,GAAG,EAAE,iBAAiB,EAAE,KAAK,EAAE,CAAC,EAAE;YACpC,EAAE,GAAG,EAAE,iBAAiB,EAAE,KAAK,EAAE,CAAC,EAAE;YACpC,EAAE,GAAG,EAAE,iBAAiB,EAAE,KAAK,EAAE,CAAC,EAAE;YACpC,EAAE,GAAG,EAAE,iBAAiB,EAAE,KAAK,EAAE,CAAC,EAAE;SACrC;QAED,UAAU;;0DACmB,CAAC,CAAC,MAAM;;yDACT,CAAC,CAAC,CAAC,OAAO;QAEtC,UAAU;;uDACgB,CAAC,CAAC,QAAQ;;uDACV,CAAC,CAAC,QAAQ;QAEpC,aAAa;;oDACW,KAAK;kDAEN,CAAC,IAAI,EAAE,IAAI,EAAE,IAAI,CAAC,CAAC,KAAK;;oDACxB,EAAE,CAAC,QAAQ;;;KApCnC;;;;;;;;;;;;;;;;;;;;;;;;;;;;;;;;;;;;;;;;;;;;;;;;;;;;;;;;IAWC,eAAe;IACf,gDAAoB,MAAM,EAAK,CAAC,UAAU;QAAnC,WAAW;;;QAAX,WAAW,WAAE,MAAM;;;IAE1B,aAAa;IACb,2CAAe,UAAU,EAAE,EAO1B;QAPM,MAAM;;;QAAN,MAAM,WAAE,UAAU,EAAE;;;IAS3B,UAAU;IACV,gDAAoB,MAAM,EAAI,CAAC,MAAM;QAA9B,WAAW;;;QAAX,WAAW,WAAE,MAAM;;;IAC1B,+CAAmB,MAAM,EAAK,CAAC,OAAO;QAA/B,UAAU;;;QAAV,UAAU,WAAE,MAAM;;;IAEzB,UAAU;IACV,6CAAiB,MAAM,EAAI,CAAC,QAAQ;QAA7B,QAAQ;;;QAAR,QAAQ,WAAE,MAAM;;;IACvB,6CAAiB,MAAM,EAAI,CAAC,QAAQ;QAA7B,QAAQ;;;QAAR,QAAQ,WAAE,MAAM;;;IAEvB,aAAa;IACb,0CAAc,OAAO,EAAQ;QAAtB,KAAK;;;QAAL,KAAK,WAAE,OAAO;;;IAErB,wCAAY,MAAM,EAAE,EAAqB,CAAC,KAAK;QAAxC,GAAG;;;QAAH,GAAG,WAAE,MAAM,EAAE;;;IACpB,0CAAc,MAAM,EAAK,CAAC,QAAQ;QAA3B,KAAK;;;QAAL,KAAK,WAAE,MAAM;;;IAEpB;;YACE,KAAK;;;;YACH,WAAW;YACX,MAAM;;YADN,WAAW;YACX,MAAM,CAyCL,KAAK,CAAC,MAAM;YA1Cb,WAAW;YACX,MAAM,CA0CL,MAAM,CAAC,MAAM;;;YAzCZ,IAAI;;YAAJ,IAAI,CAkBH,eAAe,CAAC,aAAa;YAlB9B,IAAI,CAmBH,YAAY,CAAC,SAAS;YAnBvB,IAAI,CAoBH,KAAK,CAAC,MAAM;YApBb,IAAI,CAqBH,MAAM,CAAC,GAAG;YArBX,IAAI,CAsBH,MAAM,CAAC,EAAE,GAAG,EAAE,GAAG,EAAE;;;YArBlB,OAAO;mDAAiC,KAAK,EAAE,MAAM;;;;;;;;;;4BAEjD,KAAK,QAAC;gCACJ,KAAK,EAAE,IAAI,CAAC,KAAK;gCACjB,QAAQ,EAAE,aAAa,CAAC,QAAQ;gCAChC,KAAK,EAAE;oCACL,QAAQ,EAAE,EAAE;oCACZ,SAAS,EAAE,EAAE;oCACb,UAAU,EAAE,SAAS;iCACtB;6BACF;;;;4BACC,KAAK,gBAAI,IAAI,CAAC,GAAG;;4BAAjB,KAAK,CACF,KAAK,CAAC,EAAE;;wBAVb,KAAK;wBADP,QAAQ;;;;;+CADF,IAAI,CAAC,MAAM;;QAAnB,OAAO;QADT,IAAI;;YAwBJ,MAAM,iBAAC,MAAM;;YAAb,MAAM,CACH,KAAK,CAAC,GAAG;YADZ,MAAM,CAEH,eAAe,CAAC,SAAS;YAF5B,MAAM,CAGH,MAAM,CAAC,EAAE,GAAG,EAAE,EAAE,EAAE;YAHrB,MAAM,CAIH,OAAO,CAAC,GAAG,EAAE;gBACZ,qBAAqB;gBACrB,IAAI,CAAC,WAAW,GAAG,CAAC,CAAA;gBACpB,IAAI,CAAC,UAAU,GAAG,EAAE,CAAA;gBACpB,cAAc;gBACd,IAAI,CAAC,QAAQ,GAAG,CAAC,CAAA;gBACjB,IAAI,CAAC,QAAQ,GAAG,CAAC,CAAA;gBAEjB,uCAAuC;gBACvC,IAAI,CAAC,WAAW,GAAG,IAAI,CAAC,KAAK,CAAC,IAAI,CAAC,MAAM,EAAE,GAAG,CAAC,CAAC,CAAA;YAClD,CAAC;;QAdH,MAAM;QA1BR,WAAW;QACX,MAAM;;YA4CN,aAAa;YACb,MAAM,QAAC,EAAE,KAAK,EAAE,EAAE,EAAE;;oBAkEnB,SAAS,CAAC;gBACT,QAAQ,EAAE,GAAG;aACd;YArED,aAAa;YACb,MAAM,CAyDL,cAAc,CAAC,SAAS,CAAC,MAAM;YA1DhC,aAAa;YACb,MAAM,CA0DL,KAAK,CAAC,MAAM;YA3Db,aAAa;YACb,MAAM,CA2DL,MAAM,CAAC,MAAM;YA5Dd,aAAa;YACb,MAAM,CA6DL,eAAe,CAAC,WAAW;YA9D5B,aAAa;YACb,MAAM,CA+DL,OAAO,CAAC,IAAI,CAAC,WAAW;YAhEzB,aAAa;YACb,MAAM,CAgEL,MAAM,CAAC,IAAI,CAAC,UAAU;oBAEtB,SAAS;;;YAjER,IAAI,QAAC,OAAO;;YAAZ,IAAI,CACD,SAAS,CAAC,SAAS;YADtB,IAAI,CAED,QAAQ,CAAC,EAAE;YAFd,IAAI,CAGD,UAAU,CAAC,UAAU,CAAC,IAAI;;QAH7B,IAAI;;YAIJ,KAAK,gBAAI,kBAAkB,IAAI,CAAC,WAAW,EAAE;;oBAO1C,SAAS,CAAC;gBACT,QAAQ,EAAE,GAAG;aACd;YATH,KAAK,CACF,KAAK,CAAC,GAAG;YADZ,KAAK,CAGF,KAAK,CAAC;gBACL,CAAC,EAAE,IAAI,CAAC,QAAQ;gBAChB,CAAC,EAAE,IAAI,CAAC,QAAQ;aACjB;oBACA,SAAS;;;YAGZ,MAAM,iBAAC,MAAM;;YAAb,MAAM,CACH,KAAK,CAAC,GAAG;YADZ,MAAM,CAEH,MAAM,CAAC,EAAE;YAFZ,MAAM,CAGH,eAAe,CAAC,KAAK,CAAC,WAAW;YAHpC,MAAM,CAIH,MAAM,CAAC,EAAE,KAAK,EAAE,CAAC,EAAE,KAAK,EAAE,SAAS,EAAE;YAJxC,MAAM,CAKH,OAAO,CAAC,GAAG,EAAE;gBACZ,SAAS;gBACT,IAAI,CAAC,WAAW,GAAG,CAAC,CAAA;gBACpB,IAAI,CAAC,UAAU,GAAG,CAAC,CAAC,CAAA;gBAEpB,aAAa;gBACb,IAAI,CAAC,QAAQ,GAAG,CAAC,CAAA;gBACjB,IAAI,CAAC,QAAQ,GAAG,CAAC,CAAA;gBAEjB,gCAAgC;gBAChC,wCAAwC;gBACxC,IAAI,CAAC,MAAM,CAAC,IAAI,CAAC,WAAW,CAAC,GAAG;oBAC9B,GAAG,EAAE,kBAAkB,IAAI,CAAC,WAAW,EAAE;oBACzC,KAAK,EAAE,IAAI,CAAC,MAAM,CAAC,IAAI,CAAC,WAAW,CAAC,CAAC,KAAK,GAAG,CAAC;iBAC/C,CAAA;gBAED,4BAA4B;gBAC5B,4CAA4C;gBAC5C,IAAI,IAAI,EAAE,OAAO,GAAG,IAAI,CAAA,CAAC,OAAO;gBAEhC,SAAS;gBACT,KAAK,IAAI,IAAI,IAAI,IAAI,CAAC,MAAM,EAAE;oBAC5B,IAAI,IAAI,CAAC,KAAK,IAAI,CAAC,EAAE;wBACnB,IAAI,GAAG,KAAK,CAAA,CAAC,MAAM;wBACnB,MAAK,CAAC,YAAY;qBACnB;iBACF;gBAED,IAAI,CAAC,KAAK,GAAG,IAAI,CAAA;gBAEjB,oBAAoB;gBACpB,IAAI,IAAI,EAAE;oBACR,IAAI,WAAW,EAAE,MAAM,GAAG,IAAI,CAAC,KAAK,CAAC,IAAI,CAAC,MAAM,EAAE,GAAG,CAAC,CAAC,CAAA;oBACvD,IAAI,CAAC,KAAK,GAAG,IAAI,CAAC,GAAG,CAAC,WAAW,CAAC,CAAA;iBACnC;YACH,CAAC;;QAxCH,MAAM;QAhBR,aAAa;QACb,MAAM;;;YAsEN,UAAU;YACV,IAAI,IAAI,CAAC,KAAK,EAAE;;;wBACd,MAAM,QAAC,EAAE,KAAK,EAAE,EAAE,EAAE;;wBAApB,MAAM,CAyBL,cAAc,CAAC,SAAS,CAAC,MAAM;wBAzBhC,MAAM,CA0BL,KAAK,CAAC,MAAM;wBA1Bb,MAAM,CA2BL,MAAM,CAAC,MAAM;wBA3Bd,MAAM,CA4BL,eAAe,CAAC,WAAW;;;wBA3B1B,IAAI,QAAC,UAAU;;wBAAf,IAAI,CACD,SAAS,CAAC,SAAS;wBADtB,IAAI,CAED,QAAQ,CAAC,EAAE;wBAFd,IAAI,CAGD,UAAU,CAAC,GAAG;;oBAHjB,IAAI;;wBAIJ,KAAK,gBAAI,aAAa,IAAI,CAAC,KAAK,EAAE;;wBAAlC,KAAK,CACF,KAAK,CAAC,GAAG;;;wBACZ,MAAM,iBAAC,MAAM;;wBAAb,MAAM,CACH,KAAK,CAAC,GAAG;wBADZ,MAAM,CAEH,MAAM,CAAC,EAAE;wBAFZ,MAAM,CAGH,eAAe,CAAC,KAAK,CAAC,WAAW;wBAHpC,MAAM,CAIH,MAAM,CAAC,EAAE,KAAK,EAAE,CAAC,EAAE,KAAK,EAAE,SAAS,EAAE;wBAJxC,MAAM,CAKH,OAAO,CAAC,GAAG,EAAE;4BACZ,IAAI,CAAC,KAAK,GAAG,KAAK,CAAA;4BAClB,IAAI,CAAC,KAAK,GAAG,EAAE,CAAA;4BACf,IAAI,CAAC,MAAM,GAAG;gCACZ,EAAE,GAAG,EAAE,iBAAiB,EAAE,KAAK,EAAE,CAAC,EAAE;gCACpC,EAAE,GAAG,EAAE,iBAAiB,EAAE,KAAK,EAAE,CAAC,EAAE;gCACpC,EAAE,GAAG,EAAE,iBAAiB,EAAE,KAAK,EAAE,CAAC,EAAE;gCACpC,EAAE,GAAG,EAAE,iBAAiB,EAAE,KAAK,EAAE,CAAC,EAAE;gCACpC,EAAE,GAAG,EAAE,iBAAiB,EAAE,KAAK,EAAE,CAAC,EAAE;gCACpC,EAAE,GAAG,EAAE,iBAAiB,EAAE,KAAK,EAAE,CAAC,EAAE;6BACrC,CAAA;wBACH,CAAC;;oBAhBH,MAAM;oBAPR,MAAM;;aA6BP;;;;aAAA;;;QApJH,KAAK;KAuJN"
  }
}