{
  "entry/src/main/ets/entryability/EntryAbility.ets": {
    "version": 3,
    "file": "EntryAbility.ets",
    "sourceRoot": "",
    "sources": [
      "entry/src/main/ets/entryability/EntryAbility.ets"
    ],
    "names": [],
    "mappings": ";;;;;AAIA,MAAM,CAAC,OAAO,OAAO,YAAa,SAAQ,SAAS;IACjD,QAAQ,CAAC,IAAI,EAAE,IAAI,EAAE,WAAW,EAAE,eAAe,CAAC,WAAW,GAAG,IAAI;QAClE,KAAK,CAAC,IAAI,CAAC,MAAM,EAAE,SAAS,EAAE,YAAY,EAAE,kBAAkB,CAAC,CAAC;IAClE,CAAC;IACD,SAAS,IAAI,IAAI;QACf,KAAK,CAAC,IAAI,CAAC,MAAM,EAAE,SAAS,EAAE,YAAY,EAAE,mBAAmB,CAAC,CAAC;IACnE,CAAC;IAED,aAAa;IACb,mBAAmB,CAAC,WAAW,EAAE,MAAM,CAAC,WAAW,GAAG,IAAI;QACxD,yDAAyD;QACzD,KAAK,CAAC,IAAI,CAAC,MAAM,EAAE,SAAS,EAAE,YAAY,EAAE,6BAA6B,CAAC,CAAC;QAE3E,sCAAsC;QACtC,WAAW,CAAC,WAAW,CAAC,aAAa,EAAE,CAAC,GAAG,EAAE,EAAE;YAC7C,IAAI,GAAG,CAAC,IAAI,EAAE;gBACZ,KAAK,CAAC,KAAK,CAAC,MAAM,EAAE,SAAS,EAAE,+CAA+C,EAAE,IAAI,CAAC,SAAS,CAAC,GAAG,CAAC,IAAI,EAAE,CAAC,CAAC;gBAC3G,OAAO;aACR;YACD,KAAK,CAAC,IAAI,CAAC,MAAM,EAAE,SAAS,EAAE,mCAAmC,CAAC,CAAC;QACrE,CAAC,CAAC,CAAC;IACL,CAAC;IACD,oBAAoB,IAAI,IAAI;QAC1B,yDAAyD;QACzD,KAAK,CAAC,IAAI,CAAC,MAAM,EAAE,SAAS,EAAE,YAAY,EAAE,8BAA8B,CAAC,CAAC;IAC9E,CAAC;IAGD,YAAY,IAAI,IAAI;QAClB,oCAAoC;QACpC,KAAK,CAAC,IAAI,CAAC,MAAM,EAAE,SAAS,EAAE,YAAY,EAAE,sBAAsB,CAAC,CAAC;IACtE,CAAC;IACD,YAAY,IAAI,IAAI;QAClB,iCAAiC;QACjC,KAAK,CAAC,IAAI,CAAC,MAAM,EAAE,SAAS,EAAE,YAAY,EAAE,sBAAsB,CAAC,CAAC;IACtE,CAAC;CACF"
  },
  "entry/src/main/ets/pages/Index.ets": {
    "version": 3,
    "file": "Index.ets",
    "sourceRoot": "",
    "sources": [
      "entry/src/main/ets/pages/Index.ets"
    ],
    "names": [],
    "mappings": ";;;MAIO,KAAK;IAFZ;;;;;;KAFmC;;;;;;;;;;;IAKjC;;YACE,MAAM;;YAAN,MAAM,CAaL,KAAK,CAAC,MAAM;YAbb,MAAM,CAcL,MAAM,CAAC,MAAM;;;YAbZ,GAAG;;YAAH,GAAG,CAUF,MAAM,CAAC,MAAM;;;YATZ,IAAI,QAAC,eAAe;;YAApB,IAAI,CACD,QAAQ,CAAC,EAAE;YADd,IAAI,CAED,UAAU,CAAC,UAAU,CAAC,IAAI;YAF7B,IAAI,CAGD,OAAO,CAAC,GAAG,EAAE;gBACZ,MAAM,CAAC,OAAO,CAAC;oBACb,GAAG,EAAE,iBAAiB;iBACvB,CAAC,CAAA;YACJ,CAAC;;QAPH,IAAI;QADN,GAAG;QADL,MAAM;KAeP"
  },
  "entry/src/main/ets/pages/LoginPage.ets": {
    "version": 3,
    "file": "LoginPage.ets",
    "sourceRoot": "",
    "sources": [
      "entry/src/main/ets/pages/LoginPage.ets"
    ],
    "names": [],
    "mappings": ";IAKS,OAAO,GAAE,MAAM;;;MADjB,SAAS;IAFhB;;;;;sDAG2B,KAAK;;KALI;;;;;;;;;;;;;;;;IAKlC,4CAAgB,MAAM,EAAS;QAAxB,OAAO;;;QAAP,OAAO,WAAE,MAAM;;;IAEtB;;YACE,GAAG;;YAAH,GAAG,CAaF,MAAM,CAAC,MAAM;;;YAZZ,MAAM;;YAAN,MAAM,CAUL,KAAK,CAAC,MAAM;;;YATX,IAAI,QAAC,IAAI,CAAC,OAAO;;YAAjB,IAAI,CACD,QAAQ,CAAC,EAAE;YADd,IAAI,CAED,UAAU,CAAC,UAAU,CAAC,IAAI;YAF7B,IAAI,CAGD,OAAO,CAAC,GAAG,EAAE;gBACZ,MAAM,CAAC,OAAO,CAAC;oBACb,GAAG,EAAE,aAAa;iBACnB,CAAC,CAAA;YACJ,CAAC;;QAPH,IAAI;QADN,MAAM;QADR,GAAG;KAcJ"
  },
  "entry/src/main/ets/pages/TwoPage.ets": {
    "version": 3,
    "file": "TwoPage.ets",
    "sourceRoot": "",
    "sources": [
      "entry/src/main/ets/pages/TwoPage.ets"
    ],
    "names": [],
    "mappings": ";IAGS,OAAO,GAAE,MAAM;;MADjB,OAAO;IAFd;;;;;sDAG2B,mBAAmB;;KAH9C;;;;;;;;;;;;;;;;IAGE,4CAAgB,MAAM,EAAuB;QAAtC,OAAO;;;QAAP,OAAO,WAAE,MAAM;;;IAEtB;;YACE,GAAG;;YAAH,GAAG,CAQF,MAAM,CAAC,MAAM;;;YAPZ,MAAM;;YAAN,MAAM,CAKL,KAAK,CAAC,MAAM;;;YAJX,IAAI,QAAC,IAAI,CAAC,OAAO;;YAAjB,IAAI,CACD,QAAQ,CAAC,EAAE;YADd,IAAI,CAED,UAAU,CAAC,UAAU,CAAC,IAAI;;QAF7B,IAAI;QADN,MAAM;QADR,GAAG;KASJ"
  },
  "entry/src/main/ets/twoability/TwoAbility.ets": {
    "version": 3,
    "file": "TwoAbility.ets",
    "sourceRoot": "",
    "sources": [
      "entry/src/main/ets/twoability/TwoAbility.ets"
    ],
    "names": [],
    "mappings": ";;;;;AAIA,MAAM,CAAC,OAAO,OAAO,UAAW,SAAQ,SAAS;IAC/C,QAAQ,CAAC,IAAI,EAAE,IAAI,EAAE,WAAW,EAAE,eAAe,CAAC,WAAW,GAAG,IAAI;QAClE,KAAK,CAAC,IAAI,CAAC,MAAM,EAAE,SAAS,EAAE,YAAY,EAAE,kBAAkB,CAAC,CAAC;IAClE,CAAC;IAED,SAAS,IAAI,IAAI;QACf,KAAK,CAAC,IAAI,CAAC,MAAM,EAAE,SAAS,EAAE,YAAY,EAAE,mBAAmB,CAAC,CAAC;IACnE,CAAC;IAED,mBAAmB,CAAC,WAAW,EAAE,MAAM,CAAC,WAAW,GAAG,IAAI;QACxD,yDAAyD;QACzD,KAAK,CAAC,IAAI,CAAC,MAAM,EAAE,SAAS,EAAE,YAAY,EAAE,6BAA6B,CAAC,CAAC;QAE3E,WAAW,CAAC,WAAW,CAAC,eAAe,EAAE,CAAC,GAAG,EAAE,EAAE;YAC/C,IAAI,GAAG,CAAC,IAAI,EAAE;gBACZ,KAAK,CAAC,KAAK,CAAC,MAAM,EAAE,SAAS,EAAE,+CAA+C,EAAE,IAAI,CAAC,SAAS,CAAC,GAAG,CAAC,IAAI,EAAE,CAAC,CAAC;gBAC3G,OAAO;aACR;YACD,KAAK,CAAC,IAAI,CAAC,MAAM,EAAE,SAAS,EAAE,mCAAmC,CAAC,CAAC;QACrE,CAAC,CAAC,CAAC;IACL,CAAC;IAED,oBAAoB,IAAI,IAAI;QAC1B,yDAAyD;QACzD,KAAK,CAAC,IAAI,CAAC,MAAM,EAAE,SAAS,EAAE,YAAY,EAAE,8BAA8B,CAAC,CAAC;IAC9E,CAAC;IAED,YAAY,IAAI,IAAI;QAClB,oCAAoC;QACpC,KAAK,CAAC,IAAI,CAAC,MAAM,EAAE,SAAS,EAAE,YAAY,EAAE,sBAAsB,CAAC,CAAC;IACtE,CAAC;IAED,YAAY,IAAI,IAAI;QAClB,iCAAiC;QACjC,KAAK,CAAC,IAAI,CAAC,MAAM,EAAE,SAAS,EAAE,YAAY,EAAE,sBAAsB,CAAC,CAAC;IACtE,CAAC;CACF"
  }
}