{"/Users/jepson/Desktop/Harmony/projects/Part3Comment/AppScope/app.json5":{"hashValue":"4dcf1e25c6df13d68b86a6e7fc38457d","name":"app.json5","path":"/Users/jepson/Desktop/Harmony/projects/Part3Comment/AppScope/app.json5","type":"file","isSymbolicLink":false,"fileMetaData":{"size":209,"lastModifiedTime":1715738021582}},"/Users/jepson/Desktop/Harmony/projects/Part3Comment/entry/src/main/module.json5":{"hashValue":"074dceda53712d0858e38d8d3b1d8b81","name":"module.json5","path":"/Users/jepson/Desktop/Harmony/projects/Part3Comment/entry/src/main/module.json5","type":"file","isSymbolicLink":false,"fileMetaData":{"size":927,"lastModifiedTime":1715738021586}},"/Users/jepson/Desktop/Harmony/projects/Part3Comment/build-profile.json5":{"hashValue":"e7e050353d82bdf38464c6f71c3bdf64","name":"build-profile.json5","path":"/Users/jepson/Desktop/Harmony/projects/Part3Comment/build-profile.json5","type":"file","isSymbolicLink":false,"fileMetaData":{"size":605,"lastModifiedTime":1715738021591}},"/Users/jepson/Desktop/Harmony/projects/Part3Comment/entry/build-profile.json5":{"hashValue":"65d631311849957996be47f998ea0bc6","name":"build-profile.json5","path":"/Users/jepson/Desktop/Harmony/projects/Part3Comment/entry/build-profile.json5","type":"file","isSymbolicLink":false,"fileMetaData":{"size":421,"lastModifiedTime":1715738021589}},"/Users/jepson/Desktop/Harmony/projects/Part3Comment/entry/src/main/resources/base/profile/main_pages.json":{"hashValue":"9225d20316e723889485d20e083f5e27","name":"main_pages.json","path":"/Users/jepson/Desktop/Harmony/projects/Part3Comment/entry/src/main/resources/base/profile/main_pages.json","type":"file","isSymbolicLink":false,"fileMetaData":{"size":37,"lastModifiedTime":1715738016908}},"/Users/jepson/Desktop/Harmony/projects/Part3Comment/entry/oh-package.json5":{"hashValue":"8db73836d6b79b45939af5a5163f1776","name":"oh-package.json5","path":"/Users/jepson/Desktop/Harmony/projects/Part3Comment/entry/oh-package.json5","type":"file","isSymbolicLink":false,"fileMetaData":{"size":173,"lastModifiedTime":1715738016701}},"/Users/jepson/Desktop/Harmony/projects/Part3Comment/entry/.preview/default/generated/profile/default/BuildProfile.ets":{"hashValue":"9ac0cd11b51f3c2d11828e0c3c4a9b5b","name":"BuildProfile.ets","path":"/Users/jepson/Desktop/Harmony/projects/Part3Comment/entry/.preview/default/generated/profile/default/BuildProfile.ets","type":"file","isSymbolicLink":false,"fileMetaData":{"size":377,"lastModifiedTime":1716276023836}},"/Users/jepson/Desktop/Harmony/projects/Part3Comment/entry/.preview/default/intermediates/merge_profile/default/module.json":{"hashValue":"0fd5a7d0d717b97087c211ccf35414b8","name":"module.json","path":"/Users/jepson/Desktop/Harmony/projects/Part3Comment/entry/.preview/default/intermediates/merge_profile/default/module.json","type":"file","isSymbolicLink":false,"fileMetaData":{"size":1193,"lastModifiedTime":1716276023839}},"/Users/jepson/Desktop/Harmony/projects/Part3Comment/oh-package.json5":{"hashValue":"476fd1f057d7e74d51e4914e1d49d2dc","name":"oh-package.json5","path":"/Users/jepson/Desktop/Harmony/projects/Part3Comment/oh-package.json5","type":"file","isSymbolicLink":false,"fileMetaData":{"size":268,"lastModifiedTime":1715738021580}},"/Users/jepson/Desktop/Harmony/projects/Part3Comment/entry/.preview/default/intermediates/loader/default/loader.json":{"hashValue":"af2d40dd9b631c2a46db6bf637e8d081","name":"loader.json","path":"/Users/jepson/Desktop/Harmony/projects/Part3Comment/entry/.preview/default/intermediates/loader/default/loader.json","type":"file","isSymbolicLink":false,"fileMetaData":{"size":598,"lastModifiedTime":1716276023888}},"/Users/jepson/Desktop/Harmony/projects/Part3Comment/entry/.preview/default/intermediates/process_profile/default/module.json":{"hashValue":"2a1234bcf313281084383446b241cb91","name":"module.json","path":"/Users/jepson/Desktop/Harmony/projects/Part3Comment/entry/.preview/default/intermediates/process_profile/default/module.json","type":"file","isSymbolicLink":false,"fileMetaData":{"size":1279,"lastModifiedTime":1716276023883}},"/Users/jepson/Desktop/Harmony/projects/Part3Comment/entry/src/mock/mock-config.json5":{"hashValue":"849fcd0101b332e03a361dacc89e156b","name":"mock-config.json5","path":"/Users/jepson/Desktop/Harmony/projects/Part3Comment/entry/src/mock/mock-config.json5","type":"file","isSymbolicLink":false,"fileMetaData":{"size":3,"lastModifiedTime":1715738016857}},"/Users/jepson/Desktop/Harmony/projects/Part3Comment/entry/src/main/resources":{"hashValue":"e251adc85e81b8cfc5ac3fbc260b11f0","name":"resources","path":"/Users/jepson/Desktop/Harmony/projects/Part3Comment/entry/src/main/resources","type":"directory","isSymbolicLink":false,"children":[{"hashValue":"7c0af7a7c7fa1b15fa561319ce3a6821","name":"base","path":"/Users/jepson/Desktop/Harmony/projects/Part3Comment/entry/src/main/resources/base","type":"directory","isSymbolicLink":false,"children":[{"hashValue":"c3d30c403dad4eb1a721debebd190bdf","name":"element","path":"/Users/jepson/Desktop/Harmony/projects/Part3Comment/entry/src/main/resources/base/element","type":"directory","isSymbolicLink":false,"children":[{"hashValue":"6d1c728b0e62d048e74bf89157a31a5e","name":"color.json","path":"/Users/jepson/Desktop/Harmony/projects/Part3Comment/entry/src/main/resources/base/element/color.json","type":"file","isSymbolicLink":false,"fileMetaData":{"size":98,"lastModifiedTime":1715738016881}},{"hashValue":"ef686911d1fd44e9c1ec77e5c4b16344","name":"string.json","path":"/Users/jepson/Desktop/Harmony/projects/Part3Comment/entry/src/main/resources/base/element/string.json","type":"file","isSymbolicLink":false,"fileMetaData":{"size":247,"lastModifiedTime":1715738021576}}]},{"hashValue":"04c02b879cf54cac6d6acb6372f0319f","name":"media","path":"/Users/jepson/Desktop/Harmony/projects/Part3Comment/entry/src/main/resources/base/media","type":"directory","isSymbolicLink":false,"children":[{"hashValue":"34b6cfc87c99662e85b75f4db64a69e5","name":"background.png","path":"/Users/jepson/Desktop/Harmony/projects/Part3Comment/entry/src/main/resources/base/media/background.png","type":"file","isSymbolicLink":false,"fileMetaData":{"size":57364,"lastModifiedTime":1715409125648}},{"hashValue":"ba745c3fbcec1a447c30005c32fc4496","name":"collect_select.png","path":"/Users/jepson/Desktop/Harmony/projects/Part3Comment/entry/src/main/resources/base/media/collect_select.png","type":"file","isSymbolicLink":false,"fileMetaData":{"size":1137,"lastModifiedTime":1709000749000}},{"hashValue":"8631051174efd75ed46f8387bf8891f6","name":"collect_unselect.png","path":"/Users/jepson/Desktop/Harmony/projects/Part3Comment/entry/src/main/resources/base/media/collect_unselect.png","type":"file","isSymbolicLink":false,"fileMetaData":{"size":1612,"lastModifiedTime":1709000749000}},{"hashValue":"4b6292e70b30e9b43cc7e6e2f0364066","name":"foreground.png","path":"/Users/jepson/Desktop/Harmony/projects/Part3Comment/entry/src/main/resources/base/media/foreground.png","type":"file","isSymbolicLink":false,"fileMetaData":{"size":12430,"lastModifiedTime":1715409125650}},{"hashValue":"3fce20f6561c49f2cafb4b12d51bbfee","name":"icon.png","path":"/Users/jepson/Desktop/Harmony/projects/Part3Comment/entry/src/main/resources/base/media/icon.png","type":"file","isSymbolicLink":false,"fileMetaData":{"size":2041,"lastModifiedTime":1709000749000}},{"hashValue":"4ddeec02623f6e84aaf5d54b7b74a54c","name":"layered_image.json","path":"/Users/jepson/Desktop/Harmony/projects/Part3Comment/entry/src/main/resources/base/media/layered_image.json","type":"file","isSymbolicLink":false,"fileMetaData":{"size":109,"lastModifiedTime":1715409125654}},{"hashValue":"0af077e09e058cb12e72b718cdc63179","name":"level_1.png","path":"/Users/jepson/Desktop/Harmony/projects/Part3Comment/entry/src/main/resources/base/media/level_1.png","type":"file","isSymbolicLink":false,"fileMetaData":{"size":3415,"lastModifiedTime":1709000749000}},{"hashValue":"49c98e574946ab3a8a347d4234650832","name":"level_2.png","path":"/Users/jepson/Desktop/Harmony/projects/Part3Comment/entry/src/main/resources/base/media/level_2.png","type":"file","isSymbolicLink":false,"fileMetaData":{"size":3647,"lastModifiedTime":1709000749000}},{"hashValue":"5e37d38a99d03ed249e8b4531c017e19","name":"level_3.png","path":"/Users/jepson/Desktop/Harmony/projects/Part3Comment/entry/src/main/resources/base/media/level_3.png","type":"file","isSymbolicLink":false,"fileMetaData":{"size":3516,"lastModifiedTime":1709000749000}},{"hashValue":"6186565918c5178a6567d0aed75d0c5e","name":"level_4.png","path":"/Users/jepson/Desktop/Harmony/projects/Part3Comment/entry/src/main/resources/base/media/level_4.png","type":"file","isSymbolicLink":false,"fileMetaData":{"size":3389,"lastModifiedTime":1709000749000}},{"hashValue":"78d25d7e0e6fe0cd052fe3acf17c4ce6","name":"level_5.png","path":"/Users/jepson/Desktop/Harmony/projects/Part3Comment/entry/src/main/resources/base/media/level_5.png","type":"file","isSymbolicLink":false,"fileMetaData":{"size":3315,"lastModifiedTime":1709000749000}},{"hashValue":"70b7f92e724446b3bfff01ab271aacb9","name":"level_6.png","path":"/Users/jepson/Desktop/Harmony/projects/Part3Comment/entry/src/main/resources/base/media/level_6.png","type":"file","isSymbolicLink":false,"fileMetaData":{"size":3156,"lastModifiedTime":1709000749000}},{"hashValue":"c110a0380edfe74c341e6b3dec6b49e9","name":"like_bottom_select.png","path":"/Users/jepson/Desktop/Harmony/projects/Part3Comment/entry/src/main/resources/base/media/like_bottom_select.png","type":"file","isSymbolicLink":false,"fileMetaData":{"size":867,"lastModifiedTime":1709000749000}},{"hashValue":"99421fd472c3b40f8bb4fe282cb44d34","name":"like_bottom_unselect.png","path":"/Users/jepson/Desktop/Harmony/projects/Part3Comment/entry/src/main/resources/base/media/like_bottom_unselect.png","type":"file","isSymbolicLink":false,"fileMetaData":{"size":1173,"lastModifiedTime":1709000749000}},{"hashValue":"aba318f546f6cbdb543b395660cae06b","name":"like_select.png","path":"/Users/jepson/Desktop/Harmony/projects/Part3Comment/entry/src/main/resources/base/media/like_select.png","type":"file","isSymbolicLink":false,"fileMetaData":{"size":695,"lastModifiedTime":1709000749000}},{"hashValue":"568cc965aa1eadbab238dc358bf96d45","name":"like_unselect.png","path":"/Users/jepson/Desktop/Harmony/projects/Part3Comment/entry/src/main/resources/base/media/like_unselect.png","type":"file","isSymbolicLink":false,"fileMetaData":{"size":956,"lastModifiedTime":1709000749000}},{"hashValue":"3dd6656e4c5e22c79e58f9d3f3d230ac","name":"startIcon.png","path":"/Users/jepson/Desktop/Harmony/projects/Part3Comment/entry/src/main/resources/base/media/startIcon.png","type":"file","isSymbolicLink":false,"fileMetaData":{"size":20093,"lastModifiedTime":1715409125661}}]},{"hashValue":"e4bf1b37d06f12861327465eac2eb70b","name":"profile","path":"/Users/jepson/Desktop/Harmony/projects/Part3Comment/entry/src/main/resources/base/profile","type":"directory","isSymbolicLink":false,"children":[{"hashValue":"9225d20316e723889485d20e083f5e27","name":"main_pages.json","path":"/Users/jepson/Desktop/Harmony/projects/Part3Comment/entry/src/main/resources/base/profile/main_pages.json","type":"file","isSymbolicLink":false,"fileMetaData":{"size":37,"lastModifiedTime":1715738016908}}]}]},{"hashValue":"24ba22e0c14dc6f09cf4e16fc7bb37c3","name":"en_US","path":"/Users/jepson/Desktop/Harmony/projects/Part3Comment/entry/src/main/resources/en_US","type":"directory","isSymbolicLink":false,"children":[{"hashValue":"f903b45af4c9a3cc46819b3ea640cf83","name":"element","path":"/Users/jepson/Desktop/Harmony/projects/Part3Comment/entry/src/main/resources/en_US/element","type":"directory","isSymbolicLink":false,"children":[{"hashValue":"1d9ed4a0a76ec9e201d8f3836ddbb094","name":"string.json","path":"/Users/jepson/Desktop/Harmony/projects/Part3Comment/entry/src/main/resources/en_US/element/string.json","type":"file","isSymbolicLink":false,"fileMetaData":{"size":247,"lastModifiedTime":1715738021594}}]}]},{"hashValue":"","name":"rawfile","path":"/Users/jepson/Desktop/Harmony/projects/Part3Comment/entry/src/main/resources/rawfile","type":"directory","isSymbolicLink":false,"children":[]},{"hashValue":"6cc1ee969963d60e273f761d0eb06cab","name":"zh_CN","path":"/Users/jepson/Desktop/Harmony/projects/Part3Comment/entry/src/main/resources/zh_CN","type":"directory","isSymbolicLink":false,"children":[{"hashValue":"5727f91b37adba71973ada2557222be6","name":"element","path":"/Users/jepson/Desktop/Harmony/projects/Part3Comment/entry/src/main/resources/zh_CN/element","type":"directory","isSymbolicLink":false,"children":[{"hashValue":"269a926af40a310b78ae059d6a636fc5","name":"string.json","path":"/Users/jepson/Desktop/Harmony/projects/Part3Comment/entry/src/main/resources/zh_CN/element/string.json","type":"file","isSymbolicLink":false,"fileMetaData":{"size":241,"lastModifiedTime":1715738021592}}]}]}]},"/Users/jepson/Desktop/Harmony/projects/Part3Comment/entry/.preview/default/intermediates/res/default":{"hashValue":"2cc9ae4ffbdd27d26087c8050ceb2974","name":"default","path":"/Users/jepson/Desktop/Harmony/projects/Part3Comment/entry/.preview/default/intermediates/res/default","type":"directory","isSymbolicLink":false,"children":[{"hashValue":"f7eada2356eca6c432398775d59f0d86","name":"app_compiled","path":"/Users/jepson/Desktop/Harmony/projects/Part3Comment/entry/.preview/default/intermediates/res/default/app_compiled","type":"directory","isSymbolicLink":false,"children":[{"hashValue":"d6566f07267eecd19125197fbd149d97","name":"10183569831734040914","path":"/Users/jepson/Desktop/Harmony/projects/Part3Comment/entry/.preview/default/intermediates/res/default/app_compiled/10183569831734040914","type":"file","isSymbolicLink":false,"fileMetaData":{"size":143,"lastModifiedTime":1716448360935}},{"hashValue":"fc7cb81dd531a8c5cc0c9cd1370c1e8d","name":"12679571609084464235","path":"/Users/jepson/Desktop/Harmony/projects/Part3Comment/entry/.preview/default/intermediates/res/default/app_compiled/12679571609084464235","type":"file","isSymbolicLink":false,"fileMetaData":{"size":228,"lastModifiedTime":1716448360935}}]},{"hashValue":"282287a4eb94796036af1b1fa17a66ef","name":"ids_map","path":"/Users/jepson/Desktop/Harmony/projects/Part3Comment/entry/.preview/default/intermediates/res/default/ids_map","type":"directory","isSymbolicLink":false,"children":[{"hashValue":"4405cbd70cdaacdcc894ae233282d835","name":"id_defined.json","path":"/Users/jepson/Desktop/Harmony/projects/Part3Comment/entry/.preview/default/intermediates/res/default/ids_map/id_defined.json","type":"file","isSymbolicLink":false,"fileMetaData":{"size":2903,"lastModifiedTime":1716448360953}}]},{"hashValue":"aa8f3f0989731ede37d78a8cf5534858","name":"mock-config.json","path":"/Users/jepson/Desktop/Harmony/projects/Part3Comment/entry/.preview/default/intermediates/res/default/mock-config.json","type":"file","isSymbolicLink":false,"fileMetaData":{"size":2,"lastModifiedTime":1716448364998}},{"hashValue":"f724c31446727303ffbb629bd60b641a","name":"module_compiled","path":"/Users/jepson/Desktop/Harmony/projects/Part3Comment/entry/.preview/default/intermediates/res/default/module_compiled","type":"directory","isSymbolicLink":false,"children":[{"hashValue":"f86be937f41097c2dc8304f6995c6882","name":"1048113470080286927","path":"/Users/jepson/Desktop/Harmony/projects/Part3Comment/entry/.preview/default/intermediates/res/default/module_compiled/1048113470080286927","type":"file","isSymbolicLink":false,"fileMetaData":{"size":249,"lastModifiedTime":1716448360942}},{"hashValue":"a04c47430cec7da71367746dd4879a05","name":"11463985987241206774","path":"/Users/jepson/Desktop/Harmony/projects/Part3Comment/entry/.preview/default/intermediates/res/default/module_compiled/11463985987241206774","type":"file","isSymbolicLink":false,"fileMetaData":{"size":253,"lastModifiedTime":1716448360941}},{"hashValue":"fcd1fbca724ce5686b15109c9f367870","name":"11749294514688302221","path":"/Users/jepson/Desktop/Harmony/projects/Part3Comment/entry/.preview/default/intermediates/res/default/module_compiled/11749294514688302221","type":"file","isSymbolicLink":false,"fileMetaData":{"size":237,"lastModifiedTime":1716448360941}},{"hashValue":"fd8cc1b7ed5eddcf5b70d80a49c6eef2","name":"1285691737317543006","path":"/Users/jepson/Desktop/Harmony/projects/Part3Comment/entry/.preview/default/intermediates/res/default/module_compiled/1285691737317543006","type":"file","isSymbolicLink":false,"fileMetaData":{"size":228,"lastModifiedTime":1716448360941}},{"hashValue":"48aa17a7d21accd6d615ec4d539a92d0","name":"14388902269389847321","path":"/Users/jepson/Desktop/Harmony/projects/Part3Comment/entry/.preview/default/intermediates/res/default/module_compiled/14388902269389847321","type":"file","isSymbolicLink":false,"fileMetaData":{"size":237,"lastModifiedTime":1716448360941}},{"hashValue":"6a25606dfb7b18d0920d40c6a91b767b","name":"14655214799617905579","path":"/Users/jepson/Desktop/Harmony/projects/Part3Comment/entry/.preview/default/intermediates/res/default/module_compiled/14655214799617905579","type":"file","isSymbolicLink":false,"fileMetaData":{"size":246,"lastModifiedTime":1716448360942}},{"hashValue":"ff14d4d7764b078cabca9651bc27584d","name":"14845023546214875421","path":"/Users/jepson/Desktop/Harmony/projects/Part3Comment/entry/.preview/default/intermediates/res/default/module_compiled/14845023546214875421","type":"file","isSymbolicLink":false,"fileMetaData":{"size":264,"lastModifiedTime":1716448360942}},{"hashValue":"d5c44acd92e3dabc43cd5e95b3aa0b03","name":"14975094365913661449","path":"/Users/jepson/Desktop/Harmony/projects/Part3Comment/entry/.preview/default/intermediates/res/default/module_compiled/14975094365913661449","type":"file","isSymbolicLink":false,"fileMetaData":{"size":243,"lastModifiedTime":1716448360942}},{"hashValue":"d2699a4def8555e0acb0eedb3bc50182","name":"16230796676217406184","path":"/Users/jepson/Desktop/Harmony/projects/Part3Comment/entry/.preview/default/intermediates/res/default/module_compiled/16230796676217406184","type":"file","isSymbolicLink":false,"fileMetaData":{"size":237,"lastModifiedTime":1716448360941}},{"hashValue":"ce35750b29c267fa391095cc6a1c99ed","name":"16635048440182655027","path":"/Users/jepson/Desktop/Harmony/projects/Part3Comment/entry/.preview/default/intermediates/res/default/module_compiled/16635048440182655027","type":"file","isSymbolicLink":false,"fileMetaData":{"size":270,"lastModifiedTime":1716448360942}},{"hashValue":"0a052558e50b76b9d394e217295205a6","name":"1892921942257473008","path":"/Users/jepson/Desktop/Harmony/projects/Part3Comment/entry/.preview/default/intermediates/res/default/module_compiled/1892921942257473008","type":"file","isSymbolicLink":false,"fileMetaData":{"size":237,"lastModifiedTime":1716448360941}},{"hashValue":"4cb46739bfc7b84502ae0728ccfe1595","name":"1917005110924051461","path":"/Users/jepson/Desktop/Harmony/projects/Part3Comment/entry/.preview/default/intermediates/res/default/module_compiled/1917005110924051461","type":"file","isSymbolicLink":false,"fileMetaData":{"size":258,"lastModifiedTime":1716448360942}},{"hashValue":"976969ee9c743748d9021f64cf322b9b","name":"1928782179858151500","path":"/Users/jepson/Desktop/Harmony/projects/Part3Comment/entry/.preview/default/intermediates/res/default/module_compiled/1928782179858151500","type":"file","isSymbolicLink":false,"fileMetaData":{"size":246,"lastModifiedTime":1716448360942}},{"hashValue":"70646b294c5da71f81add44600c7989b","name":"2820065126314029654","path":"/Users/jepson/Desktop/Harmony/projects/Part3Comment/entry/.preview/default/intermediates/res/default/module_compiled/2820065126314029654","type":"file","isSymbolicLink":false,"fileMetaData":{"size":258,"lastModifiedTime":1716448360942}},{"hashValue":"5b9f62e900f2a0af264483b8f18973e1","name":"3300925341327993392","path":"/Users/jepson/Desktop/Harmony/projects/Part3Comment/entry/.preview/default/intermediates/res/default/module_compiled/3300925341327993392","type":"file","isSymbolicLink":false,"fileMetaData":{"size":521,"lastModifiedTime":1716448360939}},{"hashValue":"fe5ccf031d33bfa6ccbfe0b71e5253e3","name":"5919682150894179004","path":"/Users/jepson/Desktop/Harmony/projects/Part3Comment/entry/.preview/default/intermediates/res/default/module_compiled/5919682150894179004","type":"file","isSymbolicLink":false,"fileMetaData":{"size":276,"lastModifiedTime":1716448360941}},{"hashValue":"c5746a700ed5a353217e01482282f7f2","name":"6124006524982598812","path":"/Users/jepson/Desktop/Harmony/projects/Part3Comment/entry/.preview/default/intermediates/res/default/module_compiled/6124006524982598812","type":"file","isSymbolicLink":false,"fileMetaData":{"size":255,"lastModifiedTime":1716448360942}},{"hashValue":"e433b49b772a8ba05863e44b7cea54ec","name":"6299618878805996910","path":"/Users/jepson/Desktop/Harmony/projects/Part3Comment/entry/.preview/default/intermediates/res/default/module_compiled/6299618878805996910","type":"file","isSymbolicLink":false,"fileMetaData":{"size":237,"lastModifiedTime":1716448360941}},{"hashValue":"3c3ffd5aeb4e2b962f76095e491852aa","name":"7915747022504002320","path":"/Users/jepson/Desktop/Harmony/projects/Part3Comment/entry/.preview/default/intermediates/res/default/module_compiled/7915747022504002320","type":"file","isSymbolicLink":false,"fileMetaData":{"size":237,"lastModifiedTime":1716448360941}},{"hashValue":"60a267ff9ea5d64b3afacf4162b06607","name":"8873775380506186912","path":"/Users/jepson/Desktop/Harmony/projects/Part3Comment/entry/.preview/default/intermediates/res/default/module_compiled/8873775380506186912","type":"file","isSymbolicLink":false,"fileMetaData":{"size":158,"lastModifiedTime":1716448360940}},{"hashValue":"f67f62541fcadf4b0c365a586726b4d4","name":"9521938495248656108","path":"/Users/jepson/Desktop/Harmony/projects/Part3Comment/entry/.preview/default/intermediates/res/default/module_compiled/9521938495248656108","type":"file","isSymbolicLink":false,"fileMetaData":{"size":515,"lastModifiedTime":1716448360940}},{"hashValue":"63835a4337be70679eb2e6dee3584c3b","name":"9667747536441339438","path":"/Users/jepson/Desktop/Harmony/projects/Part3Comment/entry/.preview/default/intermediates/res/default/module_compiled/9667747536441339438","type":"file","isSymbolicLink":false,"fileMetaData":{"size":467,"lastModifiedTime":1716448360940}}]},{"hashValue":"ffdf538485a0452f2b6d7588b77de3bd","name":"module.json","path":"/Users/jepson/Desktop/Harmony/projects/Part3Comment/entry/.preview/default/intermediates/res/default/module.json","type":"file","isSymbolicLink":false,"fileMetaData":{"size":2210,"lastModifiedTime":1716448360953}},{"hashValue":"f4f78dad73de6244e5f51d5a27c61cf5","name":"resources","path":"/Users/jepson/Desktop/Harmony/projects/Part3Comment/entry/.preview/default/intermediates/res/default/resources","type":"directory","isSymbolicLink":false,"children":[{"hashValue":"4242d449110119ae69d3b8a7d032d2dc","name":"base","path":"/Users/jepson/Desktop/Harmony/projects/Part3Comment/entry/.preview/default/intermediates/res/default/resources/base","type":"directory","isSymbolicLink":false,"children":[{"hashValue":"532e08cf248068da48ba522e6379c1ce","name":"media","path":"/Users/jepson/Desktop/Harmony/projects/Part3Comment/entry/.preview/default/intermediates/res/default/resources/base/media","type":"directory","isSymbolicLink":false,"children":[{"hashValue":"ae9c51fd06e93c83b667a75837d045cc","name":"layered_image.json","path":"/Users/jepson/Desktop/Harmony/projects/Part3Comment/entry/.preview/default/intermediates/res/default/resources/base/media/layered_image.json","type":"file","isSymbolicLink":false,"fileMetaData":{"size":121,"lastModifiedTime":1716448360952}}]},{"hashValue":"23d44d078183cab6371319d73db4bb78","name":"profile","path":"/Users/jepson/Desktop/Harmony/projects/Part3Comment/entry/.preview/default/intermediates/res/default/resources/base/profile","type":"directory","isSymbolicLink":false,"children":[{"hashValue":"63ae3108f8175f10aefe6b258d980161","name":"main_pages.json","path":"/Users/jepson/Desktop/Harmony/projects/Part3Comment/entry/.preview/default/intermediates/res/default/resources/base/profile/main_pages.json","type":"file","isSymbolicLink":false,"fileMetaData":{"size":24,"lastModifiedTime":1716448360965}}]}]}]},{"hashValue":"77d5499c263df487be20a49f1c0ec96a","name":"resources.index","path":"/Users/jepson/Desktop/Harmony/projects/Part3Comment/entry/.preview/default/intermediates/res/default/resources.index","type":"file","isSymbolicLink":false,"fileMetaData":{"size":3468,"lastModifiedTime":1716448360953}},{"hashValue":"e7f2aae36d4bf3f524b29bb2ad5db276","name":"ResourceTable.txt","path":"/Users/jepson/Desktop/Harmony/projects/Part3Comment/entry/.preview/default/intermediates/res/default/ResourceTable.txt","type":"file","isSymbolicLink":false,"fileMetaData":{"size":712,"lastModifiedTime":1716448360953}}]},"/Users/jepson/Desktop/Harmony/projects/Part3Comment/entry/.preview/default/generated/r/default":{"hashValue":"6e0c3b9e035a27f3a6a704f37e155670","name":"default","path":"/Users/jepson/Desktop/Harmony/projects/Part3Comment/entry/.preview/default/generated/r/default","type":"directory","isSymbolicLink":false,"children":[{"hashValue":"070ce7c6a7bcf5c25f1cc2ce5d731133","name":"ResourceTable.h","path":"/Users/jepson/Desktop/Harmony/projects/Part3Comment/entry/.preview/default/generated/r/default/ResourceTable.h","type":"file","isSymbolicLink":false,"fileMetaData":{"size":1826,"lastModifiedTime":1716448360953}}]},"/Users/jepson/Desktop/Harmony/projects/Part3Comment/entry/src/main/resources/base/profile":{"hashValue":"e4bf1b37d06f12861327465eac2eb70b","name":"profile","path":"/Users/jepson/Desktop/Harmony/projects/Part3Comment/entry/src/main/resources/base/profile","type":"directory","isSymbolicLink":false,"children":[{"hashValue":"9225d20316e723889485d20e083f5e27","name":"main_pages.json","path":"/Users/jepson/Desktop/Harmony/projects/Part3Comment/entry/src/main/resources/base/profile/main_pages.json","type":"file","isSymbolicLink":false,"fileMetaData":{"size":37,"lastModifiedTime":1715738016908}}]},"/Users/jepson/Desktop/Harmony/projects/Part3Comment/entry/.preview/default/intermediates/res/default/resources/base/profile":{"hashValue":"23d44d078183cab6371319d73db4bb78","name":"profile","path":"/Users/jepson/Desktop/Harmony/projects/Part3Comment/entry/.preview/default/intermediates/res/default/resources/base/profile","type":"directory","isSymbolicLink":false,"children":[{"hashValue":"63ae3108f8175f10aefe6b258d980161","name":"main_pages.json","path":"/Users/jepson/Desktop/Harmony/projects/Part3Comment/entry/.preview/default/intermediates/res/default/resources/base/profile/main_pages.json","type":"file","isSymbolicLink":false,"fileMetaData":{"size":24,"lastModifiedTime":1716448360965}}]},"/Users/jepson/Desktop/Harmony/projects/Part3Comment/entry/.preview/default/intermediates/res/default/module.json":{"hashValue":"ffdf538485a0452f2b6d7588b77de3bd","name":"module.json","path":"/Users/jepson/Desktop/Harmony/projects/Part3Comment/entry/.preview/default/intermediates/res/default/module.json","type":"file","isSymbolicLink":false,"fileMetaData":{"size":2210,"lastModifiedTime":1716448360953}},"/Users/jepson/Desktop/Harmony/projects/Part3Comment/entry/.preview/default/intermediates/res/default/resources/base/profile/main_pages.json":{"hashValue":"63ae3108f8175f10aefe6b258d980161","name":"main_pages.json","path":"/Users/jepson/Desktop/Harmony/projects/Part3Comment/entry/.preview/default/intermediates/res/default/resources/base/profile/main_pages.json","type":"file","isSymbolicLink":false,"fileMetaData":{"size":24,"lastModifiedTime":1716448360965}},"/Users/jepson/Desktop/Harmony/projects/Part3Comment/entry/.preview/default/intermediates/loader/default":{"hashValue":"ed40b15533b8b98e4a20274ef769a34a","name":"default","path":"/Users/jepson/Desktop/Harmony/projects/Part3Comment/entry/.preview/default/intermediates/loader/default","type":"directory","isSymbolicLink":false,"children":[{"hashValue":"af2d40dd9b631c2a46db6bf637e8d081","name":"loader.json","path":"/Users/jepson/Desktop/Harmony/projects/Part3Comment/entry/.preview/default/intermediates/loader/default/loader.json","type":"file","isSymbolicLink":false,"fileMetaData":{"size":598,"lastModifiedTime":1716276023888}}]},"/Users/jepson/Desktop/Harmony/projects/Part3Comment/entry/.preview/default/intermediates/res/default/ResourceTable.txt":{"hashValue":"e7f2aae36d4bf3f524b29bb2ad5db276","name":"ResourceTable.txt","path":"/Users/jepson/Desktop/Harmony/projects/Part3Comment/entry/.preview/default/intermediates/res/default/ResourceTable.txt","type":"file","isSymbolicLink":false,"fileMetaData":{"size":712,"lastModifiedTime":1716448360953}},"/Users/jepson/Desktop/Harmony/projects/Part3Comment/entry/src/main/ets":{"hashValue":"f39ff6708a9b74cac88c7a3f24ee1534","name":"ets","path":"/Users/jepson/Desktop/Harmony/projects/Part3Comment/entry/src/main/ets","type":"directory","isSymbolicLink":false,"children":[{"hashValue":"9ade4ef9654f677b25382ecec6ac0542","name":"components","path":"/Users/jepson/Desktop/Harmony/projects/Part3Comment/entry/src/main/ets/components","type":"directory","isSymbolicLink":false,"children":[{"hashValue":"81d0353a33d486c1aa9c89496a298de0","name":"InfoBottom.ets","path":"/Users/jepson/Desktop/Harmony/projects/Part3Comment/entry/src/main/ets/components/InfoBottom.ets","type":"file","isSymbolicLink":false,"fileMetaData":{"size":1054,"lastModifiedTime":1715862593525}},{"hashValue":"3ab753be527c98a9c1a08dffb0e2345e","name":"InfoItem.ets","path":"/Users/jepson/Desktop/Harmony/projects/Part3Comment/entry/src/main/ets/components/InfoItem.ets","type":"file","isSymbolicLink":false,"fileMetaData":{"size":1738,"lastModifiedTime":1716283558900}},{"hashValue":"b0aa0b76e87581d5c9fe2ce66bff5dcb","name":"InfoTop.ets","path":"/Users/jepson/Desktop/Harmony/projects/Part3Comment/entry/src/main/ets/components/InfoTop.ets","type":"file","isSymbolicLink":false,"fileMetaData":{"size":1067,"lastModifiedTime":1715863945825}}]},{"hashValue":"9ca90a7ad9edee0cf28afe390d38341f","name":"entryability","path":"/Users/jepson/Desktop/Harmony/projects/Part3Comment/entry/src/main/ets/entryability","type":"directory","isSymbolicLink":false,"children":[{"hashValue":"fafbf403c6c55c56d3c14e2fb07e945f","name":"EntryAbility.ets","path":"/Users/jepson/Desktop/Harmony/projects/Part3Comment/entry/src/main/ets/entryability/EntryAbility.ets","type":"file","isSymbolicLink":false,"fileMetaData":{"size":1433,"lastModifiedTime":1715738021584}}]},{"hashValue":"34fa76e45c7a2608db5ec472dc4b3b56","name":"fonts","path":"/Users/jepson/Desktop/Harmony/projects/Part3Comment/entry/src/main/ets/fonts","type":"directory","isSymbolicLink":false,"children":[{"hashValue":"ac2ad069a9b0fa69455e94f97f011c18","name":"demo_index.html","path":"/Users/jepson/Desktop/Harmony/projects/Part3Comment/entry/src/main/ets/fonts/demo_index.html","type":"file","isSymbolicLink":false,"fileMetaData":{"size":11336,"lastModifiedTime":1715764606000}},{"hashValue":"2abc531b481a3a5b94379b9408a03d71","name":"demo.css","path":"/Users/jepson/Desktop/Harmony/projects/Part3Comment/entry/src/main/ets/fonts/demo.css","type":"file","isSymbolicLink":false,"fileMetaData":{"size":8429,"lastModifiedTime":1715764606000}},{"hashValue":"9b4cac88bab8371c6965af33b9122b61","name":"iconfont.css","path":"/Users/jepson/Desktop/Harmony/projects/Part3Comment/entry/src/main/ets/fonts/iconfont.css","type":"file","isSymbolicLink":false,"fileMetaData":{"size":659,"lastModifiedTime":1715764606000}},{"hashValue":"5ab89cf91e43f91144c31fbc0089db3d","name":"iconfont.js","path":"/Users/jepson/Desktop/Harmony/projects/Part3Comment/entry/src/main/ets/fonts/iconfont.js","type":"file","isSymbolicLink":false,"fileMetaData":{"size":10749,"lastModifiedTime":1715764606000}},{"hashValue":"89629d6b87b44c1b0616a425188af6dc","name":"iconfont.json","path":"/Users/jepson/Desktop/Harmony/projects/Part3Comment/entry/src/main/ets/fonts/iconfont.json","type":"file","isSymbolicLink":false,"fileMetaData":{"size":915,"lastModifiedTime":1715764606000}},{"hashValue":"f206a191d077786ce1208560f5ffe1f4","name":"iconfont.ttf","path":"/Users/jepson/Desktop/Harmony/projects/Part3Comment/entry/src/main/ets/fonts/iconfont.ttf","type":"file","isSymbolicLink":false,"fileMetaData":{"size":3008,"lastModifiedTime":1715764606000}},{"hashValue":"d72cfae489e9c30318cef574ccdf3c79","name":"iconfont.woff","path":"/Users/jepson/Desktop/Harmony/projects/Part3Comment/entry/src/main/ets/fonts/iconfont.woff","type":"file","isSymbolicLink":false,"fileMetaData":{"size":2096,"lastModifiedTime":1715764606000}},{"hashValue":"ec320ae4939cdbe0dc99663032cb46e6","name":"iconfont.woff2","path":"/Users/jepson/Desktop/Harmony/projects/Part3Comment/entry/src/main/ets/fonts/iconfont.woff2","type":"file","isSymbolicLink":false,"fileMetaData":{"size":1640,"lastModifiedTime":1715764606000}}]},{"hashValue":"40825c66e1265c3d836eaa8886dde814","name":"model","path":"/Users/jepson/Desktop/Harmony/projects/Part3Comment/entry/src/main/ets/model","type":"directory","isSymbolicLink":false,"children":[{"hashValue":"d859d9cfff8d99115945bf6e5b96edcc","name":"CommentData.ets","path":"/Users/jepson/Desktop/Harmony/projects/Part3Comment/entry/src/main/ets/model/CommentData.ets","type":"file","isSymbolicLink":false,"fileMetaData":{"size":5307,"lastModifiedTime":1716283571694}}]},{"hashValue":"587e8d4b178f748983b2339fe6522b16","name":"pages","path":"/Users/jepson/Desktop/Harmony/projects/Part3Comment/entry/src/main/ets/pages","type":"directory","isSymbolicLink":false,"children":[{"hashValue":"940ede5b95dc79761ab09f3bbed410cf","name":"00-备份.ets","path":"/Users/jepson/Desktop/Harmony/projects/Part3Comment/entry/src/main/ets/pages/00-备份.ets","type":"file","isSymbolicLink":false,"fileMetaData":{"size":449,"lastModifiedTime":1715739339105}},{"hashValue":"0a0b4c9704f90a8977c30e480d7947c6","name":"01-list组件.ets","path":"/Users/jepson/Desktop/Harmony/projects/Part3Comment/entry/src/main/ets/pages/01-list组件.ets","type":"file","isSymbolicLink":false,"fileMetaData":{"size":1128,"lastModifiedTime":1715756821528}},{"hashValue":"aedfeaee2a5b40f531121829150f7f49","name":"Index.ets","path":"/Users/jepson/Desktop/Harmony/projects/Part3Comment/entry/src/main/ets/pages/Index.ets","type":"file","isSymbolicLink":false,"fileMetaData":{"size":4268,"lastModifiedTime":1716283864949}}]}]},"/Users/jepson/Desktop/Harmony/projects/Part3Comment/entry/build/default/intermediates/hap_metadata/default/output_metadata.json":{"hashValue":"3c7b832ef0b20191c6d4bb4570c7795f","name":"output_metadata.json","path":"/Users/jepson/Desktop/Harmony/projects/Part3Comment/entry/build/default/intermediates/hap_metadata/default/output_metadata.json","type":"file","isSymbolicLink":false,"fileMetaData":{"size":100,"lastModifiedTime":1715927936016}},"/Users/jepson/Desktop/Harmony/projects/Part3Comment/entry/build/default/generated/profile/default/BuildProfile.ets":{"hashValue":"dbfbd0bbf8e72826ca9dcf26cd711ab7","name":"BuildProfile.ets","path":"/Users/jepson/Desktop/Harmony/projects/Part3Comment/entry/build/default/generated/profile/default/BuildProfile.ets","type":"file","isSymbolicLink":false,"fileMetaData":{"size":377,"lastModifiedTime":1715927936023}},"/Users/jepson/Desktop/Harmony/projects/Part3Comment/entry/build/default/intermediates/merge_profile/default/module.json":{"hashValue":"c47fbc6496f0c16b487f4bb33e4dc294","name":"module.json","path":"/Users/jepson/Desktop/Harmony/projects/Part3Comment/entry/build/default/intermediates/merge_profile/default/module.json","type":"file","isSymbolicLink":false,"fileMetaData":{"size":1193,"lastModifiedTime":1715927936029}},"/Users/jepson/Desktop/Harmony/projects/Part3Comment/entry/build/default/intermediates/loader/default/loader.json":{"hashValue":"517c19415d57fa6238c9085311eb56f9","name":"loader.json","path":"/Users/jepson/Desktop/Harmony/projects/Part3Comment/entry/build/default/intermediates/loader/default/loader.json","type":"file","isSymbolicLink":false,"fileMetaData":{"size":592,"lastModifiedTime":1715927936106}},"/Users/jepson/Desktop/Harmony/harmony_sdk/HarmonyOS-NEXT-DP2/base/toolchains/syscap_tool":{"hashValue":"08ecceb85770a7b7009feed64bb730e1","name":"syscap_tool","path":"/Users/jepson/Desktop/Harmony/harmony_sdk/HarmonyOS-NEXT-DP2/base/toolchains/syscap_tool","type":"file","isSymbolicLink":false,"fileMetaData":{"size":388192,"lastModifiedTime":1710427914000}},"/Users/jepson/Desktop/Harmony/harmony_sdk/HarmonyOS-NEXT-DP2/base/ets/api/device-define":{"hashValue":"377895a91316283543229774f4eb363c","name":"device-define","path":"/Users/jepson/Desktop/Harmony/harmony_sdk/HarmonyOS-NEXT-DP2/base/ets/api/device-define","type":"directory","isSymbolicLink":false,"children":[{"hashValue":"8e9459aefd8ab7c0c1a7e367333c5b26","name":"default.json","path":"/Users/jepson/Desktop/Harmony/harmony_sdk/HarmonyOS-NEXT-DP2/base/ets/api/device-define/default.json","type":"file","isSymbolicLink":false,"fileMetaData":{"size":11040,"lastModifiedTime":978278400000}},{"hashValue":"ca0fae13a93136ee75a1fe3585788f42","name":"liteWearable.json","path":"/Users/jepson/Desktop/Harmony/harmony_sdk/HarmonyOS-NEXT-DP2/base/ets/api/device-define/liteWearable.json","type":"file","isSymbolicLink":false,"fileMetaData":{"size":669,"lastModifiedTime":978278400000}},{"hashValue":"69da60e123880e660b22facecfdfce85","name":"tablet.json","path":"/Users/jepson/Desktop/Harmony/harmony_sdk/HarmonyOS-NEXT-DP2/base/ets/api/device-define/tablet.json","type":"file","isSymbolicLink":false,"fileMetaData":{"size":10620,"lastModifiedTime":978278400000}}]},"/Users/jepson/Desktop/Harmony/projects/Part3Comment/entry/build/default/outputs/default/pack.info":{"hashValue":"120ed18cd733884a57046558e30949c6","name":"pack.info","path":"/Users/jepson/Desktop/Harmony/projects/Part3Comment/entry/build/default/outputs/default/pack.info","type":"file","isSymbolicLink":false,"fileMetaData":{"size":577,"lastModifiedTime":1715927936055}},"/Users/jepson/Desktop/Harmony/projects/Part3Comment/entry/build/default/intermediates/process_profile/default/module.json":{"hashValue":"7b7bffa34a8350939bae70ab31ecf08e","name":"module.json","path":"/Users/jepson/Desktop/Harmony/projects/Part3Comment/entry/build/default/intermediates/process_profile/default/module.json","type":"file","isSymbolicLink":false,"fileMetaData":{"size":1279,"lastModifiedTime":1715927936100}},"/Users/jepson/Desktop/Harmony/projects/Part3Comment/entry/build/default/intermediates/res/default/resConfig.json":{"hashValue":"2c5d2be0a886247a2ded4f1c47f0dbd9","name":"resConfig.json","path":"/Users/jepson/Desktop/Harmony/projects/Part3Comment/entry/build/default/intermediates/res/default/resConfig.json","type":"file","isSymbolicLink":false,"fileMetaData":{"size":919,"lastModifiedTime":1715927936112}},"/Users/jepson/Desktop/Harmony/projects/Part3Comment/entry/build/default/intermediates/libs/default":{"hashValue":"","name":"default","path":"/Users/jepson/Desktop/Harmony/projects/Part3Comment/entry/build/default/intermediates/libs/default","type":"directory","isSymbolicLink":false,"children":[]},"/Users/jepson/Desktop/Harmony/projects/Part3Comment/AppScope/resources":{"hashValue":"32ab51b5cf5c81e8f2bbc9c3d6005cb8","name":"resources","path":"/Users/jepson/Desktop/Harmony/projects/Part3Comment/AppScope/resources","type":"directory","isSymbolicLink":false,"children":[{"hashValue":"918b497f24cd4f488bd590000a158857","name":"base","path":"/Users/jepson/Desktop/Harmony/projects/Part3Comment/AppScope/resources/base","type":"directory","isSymbolicLink":false,"children":[{"hashValue":"63d5784fc8afc5a767b451089c78be28","name":"element","path":"/Users/jepson/Desktop/Harmony/projects/Part3Comment/AppScope/resources/base/element","type":"directory","isSymbolicLink":false,"children":[{"hashValue":"c34f2bce58ef9a46c26ff892704c9024","name":"string.json","path":"/Users/jepson/Desktop/Harmony/projects/Part3Comment/AppScope/resources/base/element/string.json","type":"file","isSymbolicLink":false,"fileMetaData":{"size":90,"lastModifiedTime":1715738016677}}]},{"hashValue":"fcce84b352c735440e04a1dd38396992","name":"media","path":"/Users/jepson/Desktop/Harmony/projects/Part3Comment/AppScope/resources/base/media","type":"directory","isSymbolicLink":false,"children":[{"hashValue":"bbed7e9b99d9e00291774d752785cfb0","name":"app_icon.png","path":"/Users/jepson/Desktop/Harmony/projects/Part3Comment/AppScope/resources/base/media/app_icon.png","type":"file","isSymbolicLink":false,"fileMetaData":{"size":2777,"lastModifiedTime":1715738016668}}]}]}]},"/Users/jepson/Desktop/Harmony/projects/Part3Comment/entry/build/default/intermediates/res/default":{"hashValue":"3592f3b527e91162010a911180a8a3c8","name":"default","path":"/Users/jepson/Desktop/Harmony/projects/Part3Comment/entry/build/default/intermediates/res/default","type":"directory","isSymbolicLink":false,"children":[{"hashValue":"f67b3989364a211dfb1612d89cc6ce45","name":"ids_map","path":"/Users/jepson/Desktop/Harmony/projects/Part3Comment/entry/build/default/intermediates/res/default/ids_map","type":"directory","isSymbolicLink":false,"children":[{"hashValue":"5022da4d45ada310ed71830751a1f090","name":"id_defined.json","path":"/Users/jepson/Desktop/Harmony/projects/Part3Comment/entry/build/default/intermediates/res/default/ids_map/id_defined.json","type":"file","isSymbolicLink":false,"fileMetaData":{"size":2903,"lastModifiedTime":1715927936141}}]},{"hashValue":"1fd1c57bb8ab3e41e1e4014d20af83a8","name":"module.json","path":"/Users/jepson/Desktop/Harmony/projects/Part3Comment/entry/build/default/intermediates/res/default/module.json","type":"file","isSymbolicLink":false,"fileMetaData":{"size":2210,"lastModifiedTime":1715927936141}},{"hashValue":"2c5d2be0a886247a2ded4f1c47f0dbd9","name":"resConfig.json","path":"/Users/jepson/Desktop/Harmony/projects/Part3Comment/entry/build/default/intermediates/res/default/resConfig.json","type":"file","isSymbolicLink":false,"fileMetaData":{"size":919,"lastModifiedTime":1715927936112}},{"hashValue":"f2c5dfb02d323d4c22dca1ed855bcf15","name":"resources","path":"/Users/jepson/Desktop/Harmony/projects/Part3Comment/entry/build/default/intermediates/res/default/resources","type":"directory","isSymbolicLink":false,"children":[{"hashValue":"de592802d71b85616a170ceb51c7d54b","name":"base","path":"/Users/jepson/Desktop/Harmony/projects/Part3Comment/entry/build/default/intermediates/res/default/resources/base","type":"directory","isSymbolicLink":false,"children":[{"hashValue":"4f64ca690759a7234e9c64f91cc77d35","name":"media","path":"/Users/jepson/Desktop/Harmony/projects/Part3Comment/entry/build/default/intermediates/res/default/resources/base/media","type":"directory","isSymbolicLink":false,"children":[{"hashValue":"c351a3ecb25df6b818b7b742fa20489a","name":"app_icon.png","path":"/Users/jepson/Desktop/Harmony/projects/Part3Comment/entry/build/default/intermediates/res/default/resources/base/media/app_icon.png","type":"file","isSymbolicLink":false,"fileMetaData":{"size":2777,"lastModifiedTime":1715927936136}},{"hashValue":"1390ba501f827d8158b6172f6955c361","name":"background.png","path":"/Users/jepson/Desktop/Harmony/projects/Part3Comment/entry/build/default/intermediates/res/default/resources/base/media/background.png","type":"file","isSymbolicLink":false,"fileMetaData":{"size":57364,"lastModifiedTime":1715927936138}},{"hashValue":"ac9dd2171d25a17c68d57d8a8b527b03","name":"collect_select.png","path":"/Users/jepson/Desktop/Harmony/projects/Part3Comment/entry/build/default/intermediates/res/default/resources/base/media/collect_select.png","type":"file","isSymbolicLink":false,"fileMetaData":{"size":1137,"lastModifiedTime":1715927936138}},{"hashValue":"6ead59384ec1776695ce38c451d8779f","name":"collect_unselect.png","path":"/Users/jepson/Desktop/Harmony/projects/Part3Comment/entry/build/default/intermediates/res/default/resources/base/media/collect_unselect.png","type":"file","isSymbolicLink":false,"fileMetaData":{"size":1612,"lastModifiedTime":1715927936138}},{"hashValue":"c0454268f0634c6020d90867dfb01c1e","name":"foreground.png","path":"/Users/jepson/Desktop/Harmony/projects/Part3Comment/entry/build/default/intermediates/res/default/resources/base/media/foreground.png","type":"file","isSymbolicLink":false,"fileMetaData":{"size":12430,"lastModifiedTime":1715927936138}},{"hashValue":"d5ab98968aafd59dd64102a8d55e6af8","name":"icon.png","path":"/Users/jepson/Desktop/Harmony/projects/Part3Comment/entry/build/default/intermediates/res/default/resources/base/media/icon.png","type":"file","isSymbolicLink":false,"fileMetaData":{"size":2041,"lastModifiedTime":1715927936138}},{"hashValue":"aefdc529ee7221d64c39bf7893e57c53","name":"layered_image.json","path":"/Users/jepson/Desktop/Harmony/projects/Part3Comment/entry/build/default/intermediates/res/default/resources/base/media/layered_image.json","type":"file","isSymbolicLink":false,"fileMetaData":{"size":121,"lastModifiedTime":1715927936140}},{"hashValue":"8cac8e11d9b13ff8d946c72ebe773395","name":"level_1.png","path":"/Users/jepson/Desktop/Harmony/projects/Part3Comment/entry/build/default/intermediates/res/default/resources/base/media/level_1.png","type":"file","isSymbolicLink":false,"fileMetaData":{"size":3415,"lastModifiedTime":1715927936139}},{"hashValue":"f48abd7bfe636e217c128587af58fba6","name":"level_2.png","path":"/Users/jepson/Desktop/Harmony/projects/Part3Comment/entry/build/default/intermediates/res/default/resources/base/media/level_2.png","type":"file","isSymbolicLink":false,"fileMetaData":{"size":3647,"lastModifiedTime":1715927936139}},{"hashValue":"db55753958608defd1041b07bbd4bfe5","name":"level_3.png","path":"/Users/jepson/Desktop/Harmony/projects/Part3Comment/entry/build/default/intermediates/res/default/resources/base/media/level_3.png","type":"file","isSymbolicLink":false,"fileMetaData":{"size":3516,"lastModifiedTime":1715927936139}},{"hashValue":"7aeafcea2aec739abbdb707f866b8028","name":"level_4.png","path":"/Users/jepson/Desktop/Harmony/projects/Part3Comment/entry/build/default/intermediates/res/default/resources/base/media/level_4.png","type":"file","isSymbolicLink":false,"fileMetaData":{"size":3389,"lastModifiedTime":1715927936139}},{"hashValue":"9bf801bdaaad419535e2ccc0dce426fe","name":"level_5.png","path":"/Users/jepson/Desktop/Harmony/projects/Part3Comment/entry/build/default/intermediates/res/default/resources/base/media/level_5.png","type":"file","isSymbolicLink":false,"fileMetaData":{"size":3315,"lastModifiedTime":1715927936139}},{"hashValue":"37356a94f076db4362a48a67e51c02b5","name":"level_6.png","path":"/Users/jepson/Desktop/Harmony/projects/Part3Comment/entry/build/default/intermediates/res/default/resources/base/media/level_6.png","type":"file","isSymbolicLink":false,"fileMetaData":{"size":3156,"lastModifiedTime":1715927936139}},{"hashValue":"a1746dfd83dd4f6c9622890f07e4d000","name":"like_bottom_select.png","path":"/Users/jepson/Desktop/Harmony/projects/Part3Comment/entry/build/default/intermediates/res/default/resources/base/media/like_bottom_select.png","type":"file","isSymbolicLink":false,"fileMetaData":{"size":867,"lastModifiedTime":1715927936139}},{"hashValue":"3428f0fa0ff6519add40d5a6d69ac3ad","name":"like_bottom_unselect.png","path":"/Users/jepson/Desktop/Harmony/projects/Part3Comment/entry/build/default/intermediates/res/default/resources/base/media/like_bottom_unselect.png","type":"file","isSymbolicLink":false,"fileMetaData":{"size":1173,"lastModifiedTime":1715927936139}},{"hashValue":"63750a79a76cec1362a91bbb8f1c03d2","name":"like_select.png","path":"/Users/jepson/Desktop/Harmony/projects/Part3Comment/entry/build/default/intermediates/res/default/resources/base/media/like_select.png","type":"file","isSymbolicLink":false,"fileMetaData":{"size":695,"lastModifiedTime":1715927936139}},{"hashValue":"3af84d24b7036536fb3b7d3f20ae563e","name":"like_unselect.png","path":"/Users/jepson/Desktop/Harmony/projects/Part3Comment/entry/build/default/intermediates/res/default/resources/base/media/like_unselect.png","type":"file","isSymbolicLink":false,"fileMetaData":{"size":956,"lastModifiedTime":1715927936140}},{"hashValue":"b8c00241e9d7ea93e53588cfd1210daf","name":"startIcon.png","path":"/Users/jepson/Desktop/Harmony/projects/Part3Comment/entry/build/default/intermediates/res/default/resources/base/media/startIcon.png","type":"file","isSymbolicLink":false,"fileMetaData":{"size":20093,"lastModifiedTime":1715927936140}}]},{"hashValue":"9414aa6c8270482e1955a1054ffa134a","name":"profile","path":"/Users/jepson/Desktop/Harmony/projects/Part3Comment/entry/build/default/intermediates/res/default/resources/base/profile","type":"directory","isSymbolicLink":false,"children":[{"hashValue":"21f7b78b065d5f01ea94ea1fb900e19e","name":"main_pages.json","path":"/Users/jepson/Desktop/Harmony/projects/Part3Comment/entry/build/default/intermediates/res/default/resources/base/profile/main_pages.json","type":"file","isSymbolicLink":false,"fileMetaData":{"size":37,"lastModifiedTime":1715927936140}}]}]},{"hashValue":"","name":"rawfile","path":"/Users/jepson/Desktop/Harmony/projects/Part3Comment/entry/build/default/intermediates/res/default/resources/rawfile","type":"directory","isSymbolicLink":false,"children":[]}]},{"hashValue":"a6447392594efee58ffa75b58060014b","name":"resources.index","path":"/Users/jepson/Desktop/Harmony/projects/Part3Comment/entry/build/default/intermediates/res/default/resources.index","type":"file","isSymbolicLink":false,"fileMetaData":{"size":2281,"lastModifiedTime":1715927936141}},{"hashValue":"0bca0523b7208e4bc33b53f47ff1a5d5","name":"ResourceTable.txt","path":"/Users/jepson/Desktop/Harmony/projects/Part3Comment/entry/build/default/intermediates/res/default/ResourceTable.txt","type":"file","isSymbolicLink":false,"fileMetaData":{"size":712,"lastModifiedTime":1715927936140}}]},"/Users/jepson/Desktop/Harmony/projects/Part3Comment/entry/build/default/generated/r/default/ResourceTable.h":{"hashValue":"9cde8213255ce297b635d8cb73a355c6","name":"ResourceTable.h","path":"/Users/jepson/Desktop/Harmony/projects/Part3Comment/entry/build/default/generated/r/default/ResourceTable.h","type":"file","isSymbolicLink":false,"fileMetaData":{"size":1826,"lastModifiedTime":1715927936140}},"/Users/jepson/Desktop/Harmony/projects/Part3Comment/entry/build/default/generated/r/default":{"hashValue":"e406cbc451c6655a5aa2e91cab3e27d1","name":"default","path":"/Users/jepson/Desktop/Harmony/projects/Part3Comment/entry/build/default/generated/r/default","type":"directory","isSymbolicLink":false,"children":[{"hashValue":"9cde8213255ce297b635d8cb73a355c6","name":"ResourceTable.h","path":"/Users/jepson/Desktop/Harmony/projects/Part3Comment/entry/build/default/generated/r/default/ResourceTable.h","type":"file","isSymbolicLink":false,"fileMetaData":{"size":1826,"lastModifiedTime":1715927936140}}]},"/Users/jepson/Desktop/Harmony/projects/Part3Comment/entry/build/default/intermediates/stripped_native_libs/default":{"hashValue":"","name":"default","path":"/Users/jepson/Desktop/Harmony/projects/Part3Comment/entry/build/default/intermediates/stripped_native_libs/default","type":"directory","isSymbolicLink":false,"children":[]},"/Users/jepson/Desktop/Harmony/projects/Part3Comment/entry/build/default/intermediates/loader/default":{"hashValue":"e1852fd21e7ae060bef32857f512565e","name":"default","path":"/Users/jepson/Desktop/Harmony/projects/Part3Comment/entry/build/default/intermediates/loader/default","type":"directory","isSymbolicLink":false,"children":[{"hashValue":"517c19415d57fa6238c9085311eb56f9","name":"loader.json","path":"/Users/jepson/Desktop/Harmony/projects/Part3Comment/entry/build/default/intermediates/loader/default/loader.json","type":"file","isSymbolicLink":false,"fileMetaData":{"size":592,"lastModifiedTime":1715927936106}}]},"/Users/jepson/Desktop/Harmony/projects/Part3Comment/entry/build/default/intermediates/res/default/resources/rawfile":{"hashValue":"","name":"rawfile","path":"/Users/jepson/Desktop/Harmony/projects/Part3Comment/entry/build/default/intermediates/res/default/resources/rawfile","type":"directory","isSymbolicLink":false,"children":[]},"/Users/jepson/Desktop/Harmony/projects/Part3Comment/entry/build/default/intermediates/res/default/ResourceTable.txt":{"hashValue":"0bca0523b7208e4bc33b53f47ff1a5d5","name":"ResourceTable.txt","path":"/Users/jepson/Desktop/Harmony/projects/Part3Comment/entry/build/default/intermediates/res/default/ResourceTable.txt","type":"file","isSymbolicLink":false,"fileMetaData":{"size":712,"lastModifiedTime":1715927936140}},"/Users/jepson/Desktop/Harmony/projects/Part3Comment/entry/build/default/intermediates/res/default/module.json":{"hashValue":"1fd1c57bb8ab3e41e1e4014d20af83a8","name":"module.json","path":"/Users/jepson/Desktop/Harmony/projects/Part3Comment/entry/build/default/intermediates/res/default/module.json","type":"file","isSymbolicLink":false,"fileMetaData":{"size":2210,"lastModifiedTime":1715927936141}},"/Users/jepson/Desktop/Harmony/projects/Part3Comment/entry/build/default/intermediates/res/default/resources/base/profile":{"hashValue":"9414aa6c8270482e1955a1054ffa134a","name":"profile","path":"/Users/jepson/Desktop/Harmony/projects/Part3Comment/entry/build/default/intermediates/res/default/resources/base/profile","type":"directory","isSymbolicLink":false,"children":[{"hashValue":"21f7b78b065d5f01ea94ea1fb900e19e","name":"main_pages.json","path":"/Users/jepson/Desktop/Harmony/projects/Part3Comment/entry/build/default/intermediates/res/default/resources/base/profile/main_pages.json","type":"file","isSymbolicLink":false,"fileMetaData":{"size":37,"lastModifiedTime":1715927936140}}]},"/Users/jepson/Desktop/Harmony/projects/Part3Comment/entry/build/default/intermediates/loader_out/default/ets":{"hashValue":"364dec77f458c2572a741aeff2b1b2fa","name":"ets","path":"/Users/jepson/Desktop/Harmony/projects/Part3Comment/entry/build/default/intermediates/loader_out/default/ets","type":"directory","isSymbolicLink":false,"children":[{"hashValue":"9e0949d8b8e519917fc1bc6e03788b04","name":"fonts","path":"/Users/jepson/Desktop/Harmony/projects/Part3Comment/entry/build/default/intermediates/loader_out/default/ets/fonts","type":"directory","isSymbolicLink":false,"children":[{"hashValue":"145ba5291cebab70df8553a097e4d053","name":"demo_index.html","path":"/Users/jepson/Desktop/Harmony/projects/Part3Comment/entry/build/default/intermediates/loader_out/default/ets/fonts/demo_index.html","type":"file","isSymbolicLink":false,"fileMetaData":{"size":11336,"lastModifiedTime":1715927936189}},{"hashValue":"cb0efb9f3dddfa097c81943547a54ea9","name":"demo.css","path":"/Users/jepson/Desktop/Harmony/projects/Part3Comment/entry/build/default/intermediates/loader_out/default/ets/fonts/demo.css","type":"file","isSymbolicLink":false,"fileMetaData":{"size":8429,"lastModifiedTime":1715927936189}},{"hashValue":"47f46d22878f7620bf48e2a13ae4346f","name":"iconfont.css","path":"/Users/jepson/Desktop/Harmony/projects/Part3Comment/entry/build/default/intermediates/loader_out/default/ets/fonts/iconfont.css","type":"file","isSymbolicLink":false,"fileMetaData":{"size":659,"lastModifiedTime":1715927936189}},{"hashValue":"4dfc25968b350e800fd27c220e2dae2d","name":"iconfont.json","path":"/Users/jepson/Desktop/Harmony/projects/Part3Comment/entry/build/default/intermediates/loader_out/default/ets/fonts/iconfont.json","type":"file","isSymbolicLink":false,"fileMetaData":{"size":915,"lastModifiedTime":1715927936189}},{"hashValue":"4a190c10faa43b18bc94c5a285a34fad","name":"iconfont.ttf","path":"/Users/jepson/Desktop/Harmony/projects/Part3Comment/entry/build/default/intermediates/loader_out/default/ets/fonts/iconfont.ttf","type":"file","isSymbolicLink":false,"fileMetaData":{"size":3008,"lastModifiedTime":1715927936189}},{"hashValue":"1d2cca66549ff869d6909bfee99fae85","name":"iconfont.woff","path":"/Users/jepson/Desktop/Harmony/projects/Part3Comment/entry/build/default/intermediates/loader_out/default/ets/fonts/iconfont.woff","type":"file","isSymbolicLink":false,"fileMetaData":{"size":2096,"lastModifiedTime":1715927936188}},{"hashValue":"8d20a0fd701f0eb3d1870358b258e9ba","name":"iconfont.woff2","path":"/Users/jepson/Desktop/Harmony/projects/Part3Comment/entry/build/default/intermediates/loader_out/default/ets/fonts/iconfont.woff2","type":"file","isSymbolicLink":false,"fileMetaData":{"size":1640,"lastModifiedTime":1715927936188}}]},{"hashValue":"ecf01b1fa2f6e4287666958131b585df","name":"modules.abc","path":"/Users/jepson/Desktop/Harmony/projects/Part3Comment/entry/build/default/intermediates/loader_out/default/ets/modules.abc","type":"file","isSymbolicLink":false,"fileMetaData":{"size":92496,"lastModifiedTime":1715927941100}},{"hashValue":"c13e029f3b9e3f4f7b38a490bcf7f803","name":"sourceMaps.map","path":"/Users/jepson/Desktop/Harmony/projects/Part3Comment/entry/build/default/intermediates/loader_out/default/ets/sourceMaps.map","type":"file","isSymbolicLink":false,"fileMetaData":{"size":14445,"lastModifiedTime":1715927941096}}]},"/Users/jepson/Desktop/Harmony/projects/Part3Comment/entry/build/default/intermediates/patch/default/base_native_libs.json":{"hashValue":"99c1f3adf526942efb87a49a41736b66","name":"base_native_libs.json","path":"/Users/jepson/Desktop/Harmony/projects/Part3Comment/entry/build/default/intermediates/patch/default/base_native_libs.json","type":"file","isSymbolicLink":false,"fileMetaData":{"size":25,"lastModifiedTime":1715927936163}},"/Users/jepson/Desktop/Harmony/projects/Part3Comment/entry/build/default/intermediates/res/default/resources":{"hashValue":"f2c5dfb02d323d4c22dca1ed855bcf15","name":"resources","path":"/Users/jepson/Desktop/Harmony/projects/Part3Comment/entry/build/default/intermediates/res/default/resources","type":"directory","isSymbolicLink":false,"children":[{"hashValue":"de592802d71b85616a170ceb51c7d54b","name":"base","path":"/Users/jepson/Desktop/Harmony/projects/Part3Comment/entry/build/default/intermediates/res/default/resources/base","type":"directory","isSymbolicLink":false,"children":[{"hashValue":"4f64ca690759a7234e9c64f91cc77d35","name":"media","path":"/Users/jepson/Desktop/Harmony/projects/Part3Comment/entry/build/default/intermediates/res/default/resources/base/media","type":"directory","isSymbolicLink":false,"children":[{"hashValue":"c351a3ecb25df6b818b7b742fa20489a","name":"app_icon.png","path":"/Users/jepson/Desktop/Harmony/projects/Part3Comment/entry/build/default/intermediates/res/default/resources/base/media/app_icon.png","type":"file","isSymbolicLink":false,"fileMetaData":{"size":2777,"lastModifiedTime":1715927936136}},{"hashValue":"1390ba501f827d8158b6172f6955c361","name":"background.png","path":"/Users/jepson/Desktop/Harmony/projects/Part3Comment/entry/build/default/intermediates/res/default/resources/base/media/background.png","type":"file","isSymbolicLink":false,"fileMetaData":{"size":57364,"lastModifiedTime":1715927936138}},{"hashValue":"ac9dd2171d25a17c68d57d8a8b527b03","name":"collect_select.png","path":"/Users/jepson/Desktop/Harmony/projects/Part3Comment/entry/build/default/intermediates/res/default/resources/base/media/collect_select.png","type":"file","isSymbolicLink":false,"fileMetaData":{"size":1137,"lastModifiedTime":1715927936138}},{"hashValue":"6ead59384ec1776695ce38c451d8779f","name":"collect_unselect.png","path":"/Users/jepson/Desktop/Harmony/projects/Part3Comment/entry/build/default/intermediates/res/default/resources/base/media/collect_unselect.png","type":"file","isSymbolicLink":false,"fileMetaData":{"size":1612,"lastModifiedTime":1715927936138}},{"hashValue":"c0454268f0634c6020d90867dfb01c1e","name":"foreground.png","path":"/Users/jepson/Desktop/Harmony/projects/Part3Comment/entry/build/default/intermediates/res/default/resources/base/media/foreground.png","type":"file","isSymbolicLink":false,"fileMetaData":{"size":12430,"lastModifiedTime":1715927936138}},{"hashValue":"d5ab98968aafd59dd64102a8d55e6af8","name":"icon.png","path":"/Users/jepson/Desktop/Harmony/projects/Part3Comment/entry/build/default/intermediates/res/default/resources/base/media/icon.png","type":"file","isSymbolicLink":false,"fileMetaData":{"size":2041,"lastModifiedTime":1715927936138}},{"hashValue":"aefdc529ee7221d64c39bf7893e57c53","name":"layered_image.json","path":"/Users/jepson/Desktop/Harmony/projects/Part3Comment/entry/build/default/intermediates/res/default/resources/base/media/layered_image.json","type":"file","isSymbolicLink":false,"fileMetaData":{"size":121,"lastModifiedTime":1715927936140}},{"hashValue":"8cac8e11d9b13ff8d946c72ebe773395","name":"level_1.png","path":"/Users/jepson/Desktop/Harmony/projects/Part3Comment/entry/build/default/intermediates/res/default/resources/base/media/level_1.png","type":"file","isSymbolicLink":false,"fileMetaData":{"size":3415,"lastModifiedTime":1715927936139}},{"hashValue":"f48abd7bfe636e217c128587af58fba6","name":"level_2.png","path":"/Users/jepson/Desktop/Harmony/projects/Part3Comment/entry/build/default/intermediates/res/default/resources/base/media/level_2.png","type":"file","isSymbolicLink":false,"fileMetaData":{"size":3647,"lastModifiedTime":1715927936139}},{"hashValue":"db55753958608defd1041b07bbd4bfe5","name":"level_3.png","path":"/Users/jepson/Desktop/Harmony/projects/Part3Comment/entry/build/default/intermediates/res/default/resources/base/media/level_3.png","type":"file","isSymbolicLink":false,"fileMetaData":{"size":3516,"lastModifiedTime":1715927936139}},{"hashValue":"7aeafcea2aec739abbdb707f866b8028","name":"level_4.png","path":"/Users/jepson/Desktop/Harmony/projects/Part3Comment/entry/build/default/intermediates/res/default/resources/base/media/level_4.png","type":"file","isSymbolicLink":false,"fileMetaData":{"size":3389,"lastModifiedTime":1715927936139}},{"hashValue":"9bf801bdaaad419535e2ccc0dce426fe","name":"level_5.png","path":"/Users/jepson/Desktop/Harmony/projects/Part3Comment/entry/build/default/intermediates/res/default/resources/base/media/level_5.png","type":"file","isSymbolicLink":false,"fileMetaData":{"size":3315,"lastModifiedTime":1715927936139}},{"hashValue":"37356a94f076db4362a48a67e51c02b5","name":"level_6.png","path":"/Users/jepson/Desktop/Harmony/projects/Part3Comment/entry/build/default/intermediates/res/default/resources/base/media/level_6.png","type":"file","isSymbolicLink":false,"fileMetaData":{"size":3156,"lastModifiedTime":1715927936139}},{"hashValue":"a1746dfd83dd4f6c9622890f07e4d000","name":"like_bottom_select.png","path":"/Users/jepson/Desktop/Harmony/projects/Part3Comment/entry/build/default/intermediates/res/default/resources/base/media/like_bottom_select.png","type":"file","isSymbolicLink":false,"fileMetaData":{"size":867,"lastModifiedTime":1715927936139}},{"hashValue":"3428f0fa0ff6519add40d5a6d69ac3ad","name":"like_bottom_unselect.png","path":"/Users/jepson/Desktop/Harmony/projects/Part3Comment/entry/build/default/intermediates/res/default/resources/base/media/like_bottom_unselect.png","type":"file","isSymbolicLink":false,"fileMetaData":{"size":1173,"lastModifiedTime":1715927936139}},{"hashValue":"63750a79a76cec1362a91bbb8f1c03d2","name":"like_select.png","path":"/Users/jepson/Desktop/Harmony/projects/Part3Comment/entry/build/default/intermediates/res/default/resources/base/media/like_select.png","type":"file","isSymbolicLink":false,"fileMetaData":{"size":695,"lastModifiedTime":1715927936139}},{"hashValue":"3af84d24b7036536fb3b7d3f20ae563e","name":"like_unselect.png","path":"/Users/jepson/Desktop/Harmony/projects/Part3Comment/entry/build/default/intermediates/res/default/resources/base/media/like_unselect.png","type":"file","isSymbolicLink":false,"fileMetaData":{"size":956,"lastModifiedTime":1715927936140}},{"hashValue":"b8c00241e9d7ea93e53588cfd1210daf","name":"startIcon.png","path":"/Users/jepson/Desktop/Harmony/projects/Part3Comment/entry/build/default/intermediates/res/default/resources/base/media/startIcon.png","type":"file","isSymbolicLink":false,"fileMetaData":{"size":20093,"lastModifiedTime":1715927936140}}]},{"hashValue":"9414aa6c8270482e1955a1054ffa134a","name":"profile","path":"/Users/jepson/Desktop/Harmony/projects/Part3Comment/entry/build/default/intermediates/res/default/resources/base/profile","type":"directory","isSymbolicLink":false,"children":[{"hashValue":"21f7b78b065d5f01ea94ea1fb900e19e","name":"main_pages.json","path":"/Users/jepson/Desktop/Harmony/projects/Part3Comment/entry/build/default/intermediates/res/default/resources/base/profile/main_pages.json","type":"file","isSymbolicLink":false,"fileMetaData":{"size":37,"lastModifiedTime":1715927936140}}]}]},{"hashValue":"","name":"rawfile","path":"/Users/jepson/Desktop/Harmony/projects/Part3Comment/entry/build/default/intermediates/res/default/resources/rawfile","type":"directory","isSymbolicLink":false,"children":[]}]},"/Users/jepson/Desktop/Harmony/projects/Part3Comment/entry/build/default/intermediates/res/default/resources.index":{"hashValue":"a6447392594efee58ffa75b58060014b","name":"resources.index","path":"/Users/jepson/Desktop/Harmony/projects/Part3Comment/entry/build/default/intermediates/res/default/resources.index","type":"file","isSymbolicLink":false,"fileMetaData":{"size":2281,"lastModifiedTime":1715927936141}},"/Users/jepson/Desktop/Harmony/projects/Part3Comment/entry/build/default/outputs/default/entry-default-unsigned.hap":{"hashValue":"11c32da8bf5932f9d9b565acc00f2156","name":"entry-default-unsigned.hap","path":"/Users/jepson/Desktop/Harmony/projects/Part3Comment/entry/build/default/outputs/default/entry-default-unsigned.hap","type":"file","isSymbolicLink":false,"fileMetaData":{"size":265488,"lastModifiedTime":1715927941332}},"/Users/jepson/Desktop/Harmony/projects/Part3Comment/entry/.preview/default/intermediates/loader_out/default/ets":{"hashValue":"","name":"emptyroot","path":"","type":"unknown","isSymbolicLink":false,"children":[]}}