{":Part3Comment:entry:default@PreBuild":{"_inputs":[{"dataType":"ValueEntry","value":"{\"_name\":\"BUILTIN_TASK_COMMAND\",\"_value\":\"\",\"_valueType\":\"string\",\"_hash\":\"0b5d05294fdf4e78e8482ef53eb64ac0\"}"},{"dataType":"ValueEntry","value":"{\"_name\":\"BUILTIN_TASK_ENV\",\"_value\":\"\",\"_valueType\":\"string\",\"_hash\":\"cdcdc2ec8062ca9ec1de46dbf2bbc053\"}"},{"dataType":"ValueEntry","value":"{\"_name\":\"BUILTIN_TASK_TOOLCHAIN\",\"_value\":\"\",\"_valueType\":\"string\",\"_hash\":\"e7f94a9422a8bc317a7d90b58efcb5f6\"}"},{"dataType":"ValueEntry","value":"{\"_name\":\"apiType\",\"_value\":\"stageMode\",\"_valueType\":\"string\",\"_hash\":\"699c7565645ea3ea8c88551a4926a3d5\"}"},{"dataType":"ValueEntry","value":"{\"_name\":\"codeType\",\"_value\":true,\"_valueType\":\"boolean\",\"_hash\":\"d6dcf21a9f078b661283507536e57ce8\"}"},{"dataType":"ValueEntry","value":"{\"_name\":\"compatibleApiVersion\",\"_value\":11,\"_valueType\":\"number\",\"_hash\":\"93f5cd3d75ef7f4c00083401b682d592\"}"},{"dataType":"ValueEntry","value":"{\"_name\":\"compileApiVersion\",\"_value\":11,\"_valueType\":\"number\",\"_hash\":\"e44e5a65058824d789a8244107920ae0\"}"},{"dataType":"ValueEntry","value":"{\"_name\":\"customTypes\",\"_value\":\"\",\"_valueType\":\"string\",\"_hash\":\"970a2695bffac1c5a4fa283dc36050e3\"}"},{"dataType":"ValueEntry","value":"{\"_name\":\"deviceType\",\"_value\":[\"phone\",\"tablet\",\"2in1\"],\"_valueType\":\"object\",\"_hash\":\"82734343919a9219c848a93ce88dfb4d\"}"},{"dataType":"ValueEntry","value":"{\"_name\":\"isSupportOhpmProj\",\"_value\":true,\"_valueType\":\"boolean\",\"_hash\":\"f3a249d7e3f751316e931b8a08b074b4\"}"},{"dataType":"ValueEntry","value":"{\"_name\":\"profileModuleName\",\"_value\":\"entry\",\"_valueType\":\"string\",\"_hash\":\"b174ea6ff5824844dde5ad92f6b3ef2b\"}"},{"dataType":"ValueEntry","value":"{\"_name\":\"sdkToolchainsComponentVersion\",\"_value\":\"4.1.0.71\",\"_valueType\":\"string\",\"_hash\":\"87f584290b6fbd40ec1c9cafe12605db\"}"},{"dataType":"ValueEntry","value":"{\"_name\":\"targetStatusCode\",\"_value\":2,\"_valueType\":\"number\",\"_hash\":\"5a9255c0f4ee50904a9349ebafca8369\"}"}],"_successful":true,"_projectName":"Part3Comment","_moduleName":"entry","_taskName":"default@PreBuild","_key":":Part3Comment:entry:default@PreBuild","_executionId":":Part3Comment:entry:default@PreBuild:1715738055118","_inputFiles":{"dataType":"Map","value":[["/Users/jepson/Desktop/Harmony/projects/Part3Comment/AppScope/app.json5",{"isDirectory":false,"fileSnapShotHashValue":"4dcf1e25c6df13d68b86a6e7fc38457d"}],["/Users/jepson/Desktop/Harmony/projects/Part3Comment/entry/src/main/module.json5",{"isDirectory":false,"fileSnapShotHashValue":"074dceda53712d0858e38d8d3b1d8b81"}],["/Users/jepson/Desktop/Harmony/projects/Part3Comment/build-profile.json5",{"fileSnapShotHashValue":"e7e050353d82bdf38464c6f71c3bdf64"}],["/Users/jepson/Desktop/Harmony/projects/Part3Comment/entry/build-profile.json5",{"fileSnapShotHashValue":"65d631311849957996be47f998ea0bc6"}],["/Users/jepson/Desktop/Harmony/projects/Part3Comment/entry/src/main/resources/base/profile/main_pages.json",{"fileSnapShotHashValue":"9225d20316e723889485d20e083f5e27"}],["/Users/jepson/Desktop/Harmony/projects/Part3Comment/entry/oh-package.json5",{"fileSnapShotHashValue":"8db73836d6b79b45939af5a5163f1776"}]]},"_outputFiles":{"dataType":"Map","value":[]}},":Part3Comment:entry:default@CreateBuildProfile":{"_inputs":[{"dataType":"ValueEntry","value":"{\"_name\":\"BUILTIN_TASK_COMMAND\",\"_value\":\"\",\"_valueType\":\"string\",\"_hash\":\"0b5d05294fdf4e78e8482ef53eb64ac0\"}"},{"dataType":"ValueEntry","value":"{\"_name\":\"BUILTIN_TASK_ENV\",\"_value\":\"\",\"_valueType\":\"string\",\"_hash\":\"cdcdc2ec8062ca9ec1de46dbf2bbc053\"}"},{"dataType":"ValueEntry","value":"{\"_name\":\"BUILTIN_TASK_TOOLCHAIN\",\"_value\":\"\",\"_valueType\":\"string\",\"_hash\":\"e7f94a9422a8bc317a7d90b58efcb5f6\"}"},{"dataType":"ValueEntry","value":"{\"_name\":\"buildMode\",\"_value\":\"Debug\",\"_valueType\":\"string\",\"_hash\":\"8120d22ada0d6de22b101e1f4ea16e81\"}"},{"dataType":"ValueEntry","value":"{\"_name\":\"buildModeName\",\"_value\":\"debug\",\"_valueType\":\"string\",\"_hash\":\"3f0246ea410fd9efa9fc7196cca045e3\"}"},{"dataType":"ValueEntry","value":"{\"_name\":\"projectOhosConfigAppOpt\",\"_valueType\":\"undefined\",\"_hash\":\"d55b976f16f2e6ec7261b64755922538\"}"}],"_successful":true,"_projectName":"Part3Comment","_moduleName":"entry","_taskName":"default@CreateBuildProfile","_key":":Part3Comment:entry:default@CreateBuildProfile","_executionId":":Part3Comment:entry:default@CreateBuildProfile:1716276023834","_inputFiles":{"dataType":"Map","value":[["/Users/jepson/Desktop/Harmony/projects/Part3Comment/AppScope/app.json5",{"fileSnapShotHashValue":"4dcf1e25c6df13d68b86a6e7fc38457d"}],["/Users/jepson/Desktop/Harmony/projects/Part3Comment/build-profile.json5",{"fileSnapShotHashValue":"e7e050353d82bdf38464c6f71c3bdf64"}]]},"_outputFiles":{"dataType":"Map","value":[["/Users/jepson/Desktop/Harmony/projects/Part3Comment/entry/.preview/default/generated/profile/default/BuildProfile.ets",{"fileSnapShotHashValue":"9ac0cd11b51f3c2d11828e0c3c4a9b5b"}]]}},":Part3Comment:entry:default@MergeProfile":{"_inputs":[{"dataType":"ValueEntry","value":"{\"_name\":\"BUILTIN_TASK_COMMAND\",\"_value\":\"\",\"_valueType\":\"string\",\"_hash\":\"0b5d05294fdf4e78e8482ef53eb64ac0\"}"},{"dataType":"ValueEntry","value":"{\"_name\":\"BUILTIN_TASK_ENV\",\"_value\":\"\",\"_valueType\":\"string\",\"_hash\":\"cdcdc2ec8062ca9ec1de46dbf2bbc053\"}"},{"dataType":"ValueEntry","value":"{\"_name\":\"BUILTIN_TASK_TOOLCHAIN\",\"_value\":\"\",\"_valueType\":\"string\",\"_hash\":\"e7f94a9422a8bc317a7d90b58efcb5f6\"}"},{"dataType":"ValueEntry","value":"{\"_name\":\"asanEnable\",\"_value\":false,\"_valueType\":\"boolean\",\"_hash\":\"bc2129ba20a21b7e5234139ede1b4d7b\"}"},{"dataType":"ValueEntry","value":"{\"_name\":\"buildRoot\",\"_value\":\".preview\",\"_valueType\":\"string\",\"_hash\":\"88e9a315669657b02bc470a13f92befe\"}"},{"dataType":"ValueEntry","value":"{\"_name\":\"compatibleSdkVersion\",\"_value\":11,\"_valueType\":\"number\",\"_hash\":\"0a9ae1c2a584e001c6822783c8cf9636\"}"},{"dataType":"ValueEntry","value":"{\"_name\":\"isDebug\",\"_value\":true,\"_valueType\":\"boolean\",\"_hash\":\"edbf05a2d2be2c385e75d9565a48d419\"}"},{"dataType":"ValueEntry","value":"{\"_name\":\"isHarModule\",\"_value\":false,\"_valueType\":\"boolean\",\"_hash\":\"a15b7a3ed818faa99a4a10d67f52cb72\"}"},{"dataType":"ValueEntry","value":"{\"_name\":\"multiProjects\",\"_value\":false,\"_valueType\":\"boolean\",\"_hash\":\"555604752defc243b4e4c55d1549fc06\"}"},{"dataType":"ValueEntry","value":"{\"_name\":\"projectConfigAppOpt\",\"_valueType\":\"undefined\",\"_hash\":\"b52997704fa206ed96a13a1f2e464a85\"}"},{"dataType":"ValueEntry","value":"{\"_name\":\"releaseType\",\"_value\":\"Release\",\"_valueType\":\"string\",\"_hash\":\"bbcabdda034e97584f8c36f85b3ec517\"}"},{"dataType":"ValueEntry","value":"{\"_name\":\"targetSdkVersion\",\"_value\":11,\"_valueType\":\"number\",\"_hash\":\"578c4c0926086069dd411e7d59783372\"}"}],"_successful":true,"_projectName":"Part3Comment","_moduleName":"entry","_taskName":"default@MergeProfile","_key":":Part3Comment:entry:default@MergeProfile","_executionId":":Part3Comment:entry:default@MergeProfile:1716276023837","_inputFiles":{"dataType":"Map","value":[["/Users/jepson/Desktop/Harmony/projects/Part3Comment/AppScope/app.json5",{"fileSnapShotHashValue":"4dcf1e25c6df13d68b86a6e7fc38457d"}],["/Users/jepson/Desktop/Harmony/projects/Part3Comment/build-profile.json5",{"fileSnapShotHashValue":"e7e050353d82bdf38464c6f71c3bdf64"}],["/Users/jepson/Desktop/Harmony/projects/Part3Comment/entry/src/main/module.json5",{"fileSnapShotHashValue":"074dceda53712d0858e38d8d3b1d8b81"}]]},"_outputFiles":{"dataType":"Map","value":[["/Users/jepson/Desktop/Harmony/projects/Part3Comment/entry/.preview/default/intermediates/merge_profile/default/module.json",{"fileSnapShotHashValue":"0fd5a7d0d717b97087c211ccf35414b8"}]]}},":Part3Comment:entry:default@ProcessRouterMap":{"_inputs":[{"dataType":"ValueEntry","value":"{\"_name\":\"BUILTIN_TASK_COMMAND\",\"_value\":\"\",\"_valueType\":\"string\",\"_hash\":\"0b5d05294fdf4e78e8482ef53eb64ac0\"}"},{"dataType":"ValueEntry","value":"{\"_name\":\"BUILTIN_TASK_ENV\",\"_value\":\"\",\"_valueType\":\"string\",\"_hash\":\"cdcdc2ec8062ca9ec1de46dbf2bbc053\"}"},{"dataType":"ValueEntry","value":"{\"_name\":\"BUILTIN_TASK_TOOLCHAIN\",\"_value\":\"\",\"_valueType\":\"string\",\"_hash\":\"e7f94a9422a8bc317a7d90b58efcb5f6\"}"},{"dataType":"ValueEntry","value":"{\"_name\":\"obfuscated\",\"_value\":true,\"_valueType\":\"boolean\",\"_hash\":\"a69c27b9cf01a6710d3662cfe180239f\"}"}],"_successful":true,"_projectName":"Part3Comment","_moduleName":"entry","_taskName":"default@ProcessRouterMap","_key":":Part3Comment:entry:default@ProcessRouterMap","_executionId":":Part3Comment:entry:default@ProcessRouterMap:1716276023840","_inputFiles":{"dataType":"Map","value":[["/Users/jepson/Desktop/Harmony/projects/Part3Comment/entry/oh-package.json5",{"fileSnapShotHashValue":"8db73836d6b79b45939af5a5163f1776"}],["/Users/jepson/Desktop/Harmony/projects/Part3Comment/oh-package.json5",{"fileSnapShotHashValue":"476fd1f057d7e74d51e4914e1d49d2dc"}],["/Users/jepson/Desktop/Harmony/projects/Part3Comment/entry/src/main/module.json5",{"fileSnapShotHashValue":"074dceda53712d0858e38d8d3b1d8b81"}]]},"_outputFiles":{"dataType":"Map","value":[["/Users/jepson/Desktop/Harmony/projects/Part3Comment/entry/.preview/default/intermediates/loader/default/loader.json",{"fileSnapShotHashValue":"af2d40dd9b631c2a46db6bf637e8d081"}]]}},":Part3Comment:entry:default@ProcessProfile":{"_inputs":[{"dataType":"ValueEntry","value":"{\"_name\":\"BUILTIN_TASK_COMMAND\",\"_value\":\"\",\"_valueType\":\"string\",\"_hash\":\"0b5d05294fdf4e78e8482ef53eb64ac0\"}"},{"dataType":"ValueEntry","value":"{\"_name\":\"BUILTIN_TASK_ENV\",\"_value\":\"\",\"_valueType\":\"string\",\"_hash\":\"cdcdc2ec8062ca9ec1de46dbf2bbc053\"}"},{"dataType":"ValueEntry","value":"{\"_name\":\"BUILTIN_TASK_TOOLCHAIN\",\"_value\":\"\",\"_valueType\":\"string\",\"_hash\":\"e7f94a9422a8bc317a7d90b58efcb5f6\"}"},{"dataType":"ValueEntry","value":"{\"_name\":\"arkEnable\",\"_value\":true,\"_valueType\":\"boolean\",\"_hash\":\"750b4bda198545a67903dfb3f6a00a95\"}"},{"dataType":"ValueEntry","value":"{\"_name\":\"compileMode\",\"_value\":\"esmodule\",\"_valueType\":\"string\",\"_hash\":\"dacafc8e0b77a950178a0b4d142dc32c\"}"},{"dataType":"ValueEntry","value":"{\"_name\":\"dependency\",\"_value\":\"[]\",\"_valueType\":\"string\",\"_hash\":\"ac54f3d4ced2d4c1d666d40e4f7c454a\"}"},{"dataType":"ValueEntry","value":"{\"_name\":\"deviceTypes\",\"_value\":[\"phone\",\"tablet\",\"2in1\"],\"_valueType\":\"object\",\"_hash\":\"955f8760c6b7289b81ed107c2c4df075\"}"}],"_successful":true,"_projectName":"Part3Comment","_moduleName":"entry","_taskName":"default@ProcessProfile","_key":":Part3Comment:entry:default@ProcessProfile","_executionId":":Part3Comment:entry:default@ProcessProfile:1716276023844","_inputFiles":{"dataType":"Map","value":[["/Users/jepson/Desktop/Harmony/projects/Part3Comment/entry/.preview/default/intermediates/merge_profile/default/module.json",{"fileSnapShotHashValue":"0fd5a7d0d717b97087c211ccf35414b8"}]]},"_outputFiles":{"dataType":"Map","value":[["/Users/jepson/Desktop/Harmony/projects/Part3Comment/entry/.preview/default/intermediates/process_profile/default/module.json",{"fileSnapShotHashValue":"2a1234bcf313281084383446b241cb91"}]]}},":Part3Comment:entry:default@GenerateLoaderJson":{"_inputs":[{"dataType":"ValueEntry","value":"{\"_name\":\"BUILTIN_TASK_COMMAND\",\"_value\":\"\",\"_valueType\":\"string\",\"_hash\":\"0b5d05294fdf4e78e8482ef53eb64ac0\"}"},{"dataType":"ValueEntry","value":"{\"_name\":\"BUILTIN_TASK_ENV\",\"_value\":\"\",\"_valueType\":\"string\",\"_hash\":\"cdcdc2ec8062ca9ec1de46dbf2bbc053\"}"},{"dataType":"ValueEntry","value":"{\"_name\":\"BUILTIN_TASK_TOOLCHAIN\",\"_value\":\"\",\"_valueType\":\"string\",\"_hash\":\"e7f94a9422a8bc317a7d90b58efcb5f6\"}"},{"dataType":"ValueEntry","value":"{\"_name\":\"anBuildMode\",\"_value\":\"type\",\"_valueType\":\"string\",\"_hash\":\"de241a1eec94a2a622ff1c89f32846a2\"}"},{"dataType":"ValueEntry","value":"{\"_name\":\"apPath\",\"_value\":\"/Users/jepson/Desktop/Harmony/projects/Part3Comment/entry/modules.ap\",\"_valueType\":\"string\",\"_hash\":\"8e2250da23a66fb3f0e3f370cbb3bb9d\"}"},{"dataType":"ValueEntry","value":"{\"_name\":\"compileMode\",\"_value\":\"esmodule\",\"_valueType\":\"string\",\"_hash\":\"dacafc8e0b77a950178a0b4d142dc32c\"}"},{"dataType":"ValueEntry","value":"{\"_name\":\"fallbackAnBuild\",\"_value\":false,\"_valueType\":\"boolean\",\"_hash\":\"a63e98bb3f368ced6ed4d5579ea7ca39\"}"},{"dataType":"ValueEntry","value":"{\"_name\":\"harNameOhmMap\",\"_value\":\"{}\",\"_valueType\":\"string\",\"_hash\":\"0faf006bccbcdc2c7f04ff2d8c87894f\"}"},{"dataType":"ValueEntry","value":"{\"_name\":\"modulePathMap\",\"_value\":\"{\\\"entry\\\":\\\"/Users/jepson/Desktop/Harmony/projects/Part3Comment/entry\\\"}\",\"_valueType\":\"string\",\"_hash\":\"892502fb3ea779ddd8eb1f10de2b6740\"}"},{"dataType":"ValueEntry","value":"{\"_name\":\"nodeModulesPath\",\"_value\":\"/Users/jepson/Desktop/Harmony/projects/Part3Comment/entry/.preview/default/intermediates/loader_out/default/node_modules\",\"_valueType\":\"string\",\"_hash\":\"d476689c3cc0f1e8ce5132bf66dcb031\"}"},{"dataType":"ValueEntry","value":"{\"_name\":\"projectRootPath\",\"_value\":\"/Users/jepson/Desktop/Harmony/projects/Part3Comment\",\"_valueType\":\"string\",\"_hash\":\"5a93af42d0aa05e54b83cd7ab09c9d18\"}"},{"dataType":"ValueEntry","value":"{\"_name\":\"targetConfig\",\"_value\":\"{\\\"name\\\":\\\"default\\\"}\",\"_valueType\":\"string\",\"_hash\":\"44f0c01d44e2bbf4013c5bb1f232e1fe\"}"}],"_successful":true,"_projectName":"Part3Comment","_moduleName":"entry","_taskName":"default@GenerateLoaderJson","_key":":Part3Comment:entry:default@GenerateLoaderJson","_executionId":":Part3Comment:entry:default@GenerateLoaderJson:1716276023885","_inputFiles":{"dataType":"Map","value":[["/Users/jepson/Desktop/Harmony/projects/Part3Comment/entry/src/mock/mock-config.json5",{"fileSnapShotHashValue":"849fcd0101b332e03a361dacc89e156b"}]]},"_outputFiles":{"dataType":"Map","value":[["/Users/jepson/Desktop/Harmony/projects/Part3Comment/entry/.preview/default/intermediates/loader/default/loader.json",{"isDirectory":false,"fileSnapShotHashValue":"af2d40dd9b631c2a46db6bf637e8d081"}]]}},":Part3Comment:entry:default@PreviewCompileResource":{"_inputs":[{"dataType":"ValueEntry","value":"{\"_name\":\"PREVIEWER_REPLACE_PAGE\",\"_valueType\":\"undefined\"}"},{"dataType":"ValueEntry","value":"{\"_name\":\"PREVIEWER_REPLACE_SRCPATH\",\"_valueType\":\"undefined\"}"},{"dataType":"ValueEntry","value":"{\"_name\":\"TARGET_CONFIG\",\"_value\":\"{\\\"name\\\":\\\"default\\\"}\",\"_valueType\":\"string\"}"},{"dataType":"ValueEntry","value":"{\"_name\":\"BUILTIN_TASK_COMMAND\",\"_value\":\"\",\"_valueType\":\"string\"}"},{"dataType":"ValueEntry","value":"{\"_name\":\"BUILTIN_TASK_TOOLCHAIN\",\"_value\":\"/Users/jepson/Desktop/Harmony/harmony_sdk/HarmonyOS-NEXT-DP2/base/toolchains/restool\",\"_valueType\":\"string\"}"},{"dataType":"ValueEntry","value":"{\"_name\":\"BUILTIN_TASK_ENV\",\"_value\":\"\",\"_valueType\":\"string\"}"}],"_successful":true,"_projectName":"Part3Comment","_moduleName":"entry","_taskName":"default@PreviewCompileResource","_key":":Part3Comment:entry:default@PreviewCompileResource","_executionId":":Part3Comment:entry:default@PreviewCompileResource:1716448360914","_inputFiles":{"dataType":"Map","value":[["/Users/jepson/Desktop/Harmony/projects/Part3Comment/entry/src/main/resources",{"fileSnapShotHashValue":"e251adc85e81b8cfc5ac3fbc260b11f0"}],["/Users/jepson/Desktop/Harmony/projects/Part3Comment/entry/.preview/default/intermediates/merge_profile/default/module.json",{"fileSnapShotHashValue":"0fd5a7d0d717b97087c211ccf35414b8"}]]},"_outputFiles":{"dataType":"Map","value":[["/Users/jepson/Desktop/Harmony/projects/Part3Comment/entry/.preview/default/intermediates/res/default",{"isDirectory":true,"fileSnapShotHashValue":"2cc9ae4ffbdd27d26087c8050ceb2974"}],["/Users/jepson/Desktop/Harmony/projects/Part3Comment/entry/.preview/default/generated/r/default",{"isDirectory":true,"fileSnapShotHashValue":"6e0c3b9e035a27f3a6a704f37e155670"}]]}},":Part3Comment:entry:default@CopyPreviewProfile":{"_inputs":[{"dataType":"ValueEntry","value":"{\"_name\":\"BUILTIN_TASK_COMMAND\",\"_value\":\"\",\"_valueType\":\"string\"}"},{"dataType":"ValueEntry","value":"{\"_name\":\"BUILTIN_TASK_TOOLCHAIN\",\"_value\":\"\",\"_valueType\":\"string\"}"},{"dataType":"ValueEntry","value":"{\"_name\":\"BUILTIN_TASK_ENV\",\"_value\":\"\",\"_valueType\":\"string\"}"}],"_successful":true,"_projectName":"Part3Comment","_moduleName":"entry","_taskName":"default@CopyPreviewProfile","_key":":Part3Comment:entry:default@CopyPreviewProfile","_executionId":":Part3Comment:entry:default@CopyPreviewProfile:1716448360957","_inputFiles":{"dataType":"Map","value":[["/Users/jepson/Desktop/Harmony/projects/Part3Comment/entry/src/main/resources/base/profile",{"fileSnapShotHashValue":"e4bf1b37d06f12861327465eac2eb70b"}]]},"_outputFiles":{"dataType":"Map","value":[["/Users/jepson/Desktop/Harmony/projects/Part3Comment/entry/.preview/default/intermediates/res/default/resources/base/profile",{"fileSnapShotHashValue":"23d44d078183cab6371319d73db4bb78"}]]}},":Part3Comment:entry:default@PreviewUpdateAssets":{"_inputs":[{"dataType":"ValueEntry","value":"{\"_name\":\"previewBuildConfigJson\",\"_value\":\"{\\\"deviceType\\\":\\\"phone,tablet,2in1\\\",\\\"checkEntry\\\":\\\"true\\\",\\\"localPropertiesPath\\\":\\\"/Users/jepson/Desktop/Harmony/projects/Part3Comment/local.properties\\\",\\\"PATH\\\":\\\"/Users/jepson/node/node-18.14.1/bin/\\\",\\\"note\\\":\\\"false\\\",\\\"aceProfilePath\\\":\\\"/Users/jepson/Desktop/Harmony/projects/Part3Comment/entry/.preview/default/intermediates/res/default/resources/base/profile\\\",\\\"isPreview\\\":\\\"true\\\",\\\"hapMode\\\":\\\"false\\\",\\\"buildMode\\\":\\\"debug\\\",\\\"img2bin\\\":\\\"true\\\",\\\"projectProfilePath\\\":\\\"/Users/jepson/Desktop/Harmony/projects/Part3Comment/build-profile.json5\\\",\\\"watchMode\\\":\\\"true\\\",\\\"appResource\\\":\\\"/Users/jepson/Desktop/Harmony/projects/Part3Comment/entry/.preview/default/intermediates/res/default/ResourceTable.txt\\\",\\\"logLevel\\\":\\\"3\\\",\\\"stageRouterConfig\\\":{\\\"contents\\\":[\\\"{\\\\\\\"module\\\\\\\":{\\\\\\\"pages\\\\\\\":\\\\\\\"$profile:main_pages\\\\\\\",\\\\\\\"name\\\\\\\":\\\\\\\"entry\\\\\\\"}}\\\",\\\"{\\\\\\\"src\\\\\\\":[\\\\\\\"pages/Index\\\\\\\"]}\\\"],\\\"paths\\\":[\\\"/Users/jepson/Desktop/Harmony/projects/Part3Comment/entry/.preview/default/intermediates/res/default/module.json\\\",\\\"/Users/jepson/Desktop/Harmony/projects/Part3Comment/entry/.preview/default/intermediates/res/default/resources/base/profile/main_pages.json\\\"]},\\\"aceBuildJson\\\":\\\"/Users/jepson/Desktop/Harmony/projects/Part3Comment/entry/.preview/default/intermediates/loader/default/loader.json\\\",\\\"aceModuleRoot\\\":\\\"/Users/jepson/Desktop/Harmony/projects/Part3Comment/entry/src/main/ets\\\",\\\"aceSoPath\\\":\\\"/Users/jepson/Desktop/Harmony/projects/Part3Comment/entry/.preview/cache/nativeDependencies.txt\\\",\\\"cachePath\\\":\\\"/Users/jepson/Desktop/Harmony/projects/Part3Comment/entry/.preview/cache/.default\\\",\\\"aceModuleBuild\\\":\\\"/Users/jepson/Desktop/Harmony/projects/Part3Comment/entry/.preview/default/intermediates/assets/default/ets\\\",\\\"aceModuleJsonPath\\\":\\\"/Users/jepson/Desktop/Harmony/projects/Part3Comment/entry/.preview/default/intermediates/res/default/module.json\\\"}\",\"_valueType\":\"string\"}"},{"dataType":"ValueEntry","value":"{\"_name\":\"BUILTIN_TASK_COMMAND\",\"_value\":\"\",\"_valueType\":\"string\"}"},{"dataType":"ValueEntry","value":"{\"_name\":\"BUILTIN_TASK_TOOLCHAIN\",\"_value\":\"\",\"_valueType\":\"string\"}"},{"dataType":"ValueEntry","value":"{\"_name\":\"BUILTIN_TASK_ENV\",\"_value\":\"\",\"_valueType\":\"string\"}"}],"_successful":true,"_projectName":"Part3Comment","_moduleName":"entry","_taskName":"default@PreviewUpdateAssets","_key":":Part3Comment:entry:default@PreviewUpdateAssets","_executionId":":Part3Comment:entry:default@PreviewUpdateAssets:1716448360963","_inputFiles":{"dataType":"Map","value":[]},"_outputFiles":{"dataType":"Map","value":[["/Users/jepson/Desktop/Harmony/projects/Part3Comment/entry/.preview/default/intermediates/res/default/module.json",{"isDirectory":false,"fileSnapShotHashValue":"ffdf538485a0452f2b6d7588b77de3bd"}],["/Users/jepson/Desktop/Harmony/projects/Part3Comment/entry/.preview/default/intermediates/res/default/resources/base/profile/main_pages.json",{"isDirectory":false,"fileSnapShotHashValue":"63ae3108f8175f10aefe6b258d980161"}]]}},":Part3Comment:entry:default@PreviewArkTS":{"_inputs":[{"dataType":"ValueEntry","value":"{\"_name\":\"debuggable\",\"_value\":true,\"_valueType\":\"boolean\"}"},{"dataType":"ValueEntry","value":"{\"_name\":\"isArk\",\"_value\":true,\"_valueType\":\"boolean\"}"},{"dataType":"ValueEntry","value":"{\"_name\":\"needCoverageInsert\",\"_value\":false,\"_valueType\":\"boolean\"}"},{"dataType":"ValueEntry","value":"{\"_name\":\"customTypes\",\"_value\":\"\",\"_valueType\":\"string\"}"},{"dataType":"ValueEntry","value":"{\"_name\":\"arkTsWdiget\",\"_value\":false,\"_valueType\":\"boolean\"}"},{"dataType":"ValueEntry","value":"{\"_name\":\"OBFUSCATION_ENABLE\",\"_value\":\"undefined\",\"_valueType\":\"string\"}"},{"dataType":"ValueEntry","value":"{\"_name\":\"noExternalImportByPath\",\"_value\":false,\"_valueType\":\"boolean\"}"},{"dataType":"ValueEntry","value":"{\"_name\":\"BUILTIN_TASK_COMMAND\",\"_value\":\"\",\"_valueType\":\"string\"}"},{"dataType":"ValueEntry","value":"{\"_name\":\"BUILTIN_TASK_TOOLCHAIN\",\"_value\":\"\",\"_valueType\":\"string\"}"},{"dataType":"ValueEntry","value":"{\"_name\":\"BUILTIN_TASK_ENV\",\"_value\":\"\",\"_valueType\":\"string\"}"}],"_successful":true,"_projectName":"Part3Comment","_moduleName":"entry","_taskName":"default@PreviewArkTS","_key":":Part3Comment:entry:default@PreviewArkTS","_executionId":":Part3Comment:entry:default@PreviewArkTS:1716448360968","_inputFiles":{"dataType":"Map","value":[["/Users/jepson/Desktop/Harmony/projects/Part3Comment/entry/.preview/default/intermediates/loader/default",{"isDirectory":true,"fileSnapShotHashValue":"ed40b15533b8b98e4a20274ef769a34a"}],["/Users/jepson/Desktop/Harmony/projects/Part3Comment/entry/.preview/default/intermediates/res/default/ResourceTable.txt",{"fileSnapShotHashValue":"e7f2aae36d4bf3f524b29bb2ad5db276"}],["/Users/jepson/Desktop/Harmony/projects/Part3Comment/entry/.preview/default/intermediates/res/default/module.json",{"fileSnapShotHashValue":"ffdf538485a0452f2b6d7588b77de3bd"}],["/Users/jepson/Desktop/Harmony/projects/Part3Comment/entry/.preview/default/intermediates/res/default/resources/base/profile",{"isDirectory":true,"fileSnapShotHashValue":"23d44d078183cab6371319d73db4bb78"}],["/Users/jepson/Desktop/Harmony/projects/Part3Comment/entry/src/main/ets",{"isDirectory":true,"fileSnapShotHashValue":"f39ff6708a9b74cac88c7a3f24ee1534"}],["/Users/jepson/Desktop/Harmony/projects/Part3Comment/entry/.preview/default/generated/profile/default/BuildProfile.ets",{"fileSnapShotHashValue":"9ac0cd11b51f3c2d11828e0c3c4a9b5b"}]]},"_outputFiles":{"dataType":"Map","value":[["/Users/jepson/Desktop/Harmony/projects/Part3Comment/entry/.preview/default/intermediates/loader_out/default/ets",{"isDirectory":true,"fileSnapShotHashValue":""}]]}},":Part3Comment:entry:default@GenerateMetadata":{"_inputs":[{"dataType":"ValueEntry","value":"{\"_name\":\"BUILTIN_TASK_COMMAND\",\"_value\":\"\",\"_valueType\":\"string\"}"},{"dataType":"ValueEntry","value":"{\"_name\":\"BUILTIN_TASK_ENV\",\"_value\":\"\",\"_valueType\":\"string\"}"},{"dataType":"ValueEntry","value":"{\"_name\":\"BUILTIN_TASK_TOOLCHAIN\",\"_value\":\"\",\"_valueType\":\"string\"}"},{"dataType":"ValueEntry","value":"{\"_name\":\"allRemoteHspPathList\",\"_value\":[],\"_valueType\":\"object\"}"},{"dataType":"ValueEntry","value":"{\"_name\":\"enableSignTask\",\"_value\":true,\"_valueType\":\"boolean\"}"},{"dataType":"ValueEntry","value":"{\"_name\":\"entryModules\",\"_value\":[],\"_valueType\":\"object\"}"},{"dataType":"ValueEntry","value":"{\"_name\":\"existSigningConfig\",\"_value\":false,\"_valueType\":\"boolean\"}"},{"dataType":"ValueEntry","value":"{\"_name\":\"moduleDeviceType\",\"_value\":[\"phone\",\"tablet\",\"2in1\"],\"_valueType\":\"object\"}"},{"dataType":"ValueEntry","value":"{\"_name\":\"product\",\"_value\":\"default\",\"_valueType\":\"string\"}"},{"dataType":"ValueEntry","value":"{\"_name\":\"sdkToolchainsComponentVersion\",\"_value\":\"4.1.0.71\",\"_valueType\":\"string\"}"},{"dataType":"ValueEntry","value":"{\"_name\":\"targetConfig\",\"_value\":\"{\\\"name\\\":\\\"default\\\"}\",\"_valueType\":\"string\"}"}],"_successful":true,"_projectName":"Part3Comment","_moduleName":"entry","_taskName":"default@GenerateMetadata","_key":":Part3Comment:entry:default@GenerateMetadata","_executionId":":Part3Comment:entry:default@GenerateMetadata:1715927936010","_inputFiles":{"dataType":"Map","value":[["/Users/jepson/Desktop/Harmony/projects/Part3Comment/entry/src/main/module.json5",{"fileSnapShotHashValue":"074dceda53712d0858e38d8d3b1d8b81"}]]},"_outputFiles":{"dataType":"Map","value":[["/Users/jepson/Desktop/Harmony/projects/Part3Comment/entry/build/default/intermediates/hap_metadata/default/output_metadata.json",{"fileSnapShotHashValue":"3c7b832ef0b20191c6d4bb4570c7795f"}]]}},":Part3Comment:entry:default@ConfigureCmake":{"_inputs":[{"dataType":"ValueEntry","value":"{\"_name\":\"BUILTIN_TASK_COMMAND\",\"_value\":\"\",\"_valueType\":\"string\"}"},{"dataType":"ValueEntry","value":"{\"_name\":\"BUILTIN_TASK_TOOLCHAIN\",\"_value\":\"\",\"_valueType\":\"string\"}"},{"dataType":"ValueEntry","value":"{\"_name\":\"BUILTIN_TASK_ENV\",\"_value\":\"\",\"_valueType\":\"string\"}"}],"_successful":false,"_projectName":"Part3Comment","_moduleName":"entry","_taskName":"default@ConfigureCmake","_key":":Part3Comment:entry:default@ConfigureCmake","_executionId":":Part3Comment:entry:default@ConfigureCmake:1715927953133","_inputFiles":{"dataType":"Map","value":[]},"_outputFiles":{"dataType":"Map","value":[["/Users/jepson/Desktop/Harmony/projects/Part3Comment/entry/.cxx/default/default/hvigor",{"fileSnapShotHashValue":""}]]}},":Part3Comment:entry:default@SyscapTransform":{"_inputs":[{"dataType":"ValueEntry","value":"{\"_name\":\"deviceTypes\",\"_value\":[\"phone\",\"tablet\",\"2in1\"],\"_valueType\":\"object\"}"},{"dataType":"ValueEntry","value":"{\"_name\":\"BUILTIN_TASK_COMMAND\",\"_value\":\"\",\"_valueType\":\"string\"}"},{"dataType":"ValueEntry","value":"{\"_name\":\"BUILTIN_TASK_TOOLCHAIN\",\"_value\":\"\",\"_valueType\":\"string\"}"},{"dataType":"ValueEntry","value":"{\"_name\":\"BUILTIN_TASK_ENV\",\"_value\":\"\",\"_valueType\":\"string\"}"}],"_successful":true,"_projectName":"Part3Comment","_moduleName":"entry","_taskName":"default@SyscapTransform","_key":":Part3Comment:entry:default@SyscapTransform","_executionId":":Part3Comment:entry:default@SyscapTransform:1715927953138","_inputFiles":{"dataType":"Map","value":[["/Users/jepson/Desktop/Harmony/harmony_sdk/HarmonyOS-NEXT-DP2/base/toolchains/syscap_tool",{"fileSnapShotHashValue":"08ecceb85770a7b7009feed64bb730e1"}],["/Users/jepson/Desktop/Harmony/harmony_sdk/HarmonyOS-NEXT-DP2/base/ets/api/device-define",{"fileSnapShotHashValue":"377895a91316283543229774f4eb363c"}]]},"_outputFiles":{"dataType":"Map","value":[["/Users/jepson/Desktop/Harmony/projects/Part3Comment/entry/build/default/intermediates/syscap/default/rpcid.sc",{"fileSnapShotHashValue":""}]]}},":Part3Comment:entry:default@MakePackInfo":{"_inputs":[{"dataType":"ValueEntry","value":"{\"_name\":\"BUILTIN_TASK_COMMAND\",\"_value\":\"\",\"_valueType\":\"string\"}"},{"dataType":"ValueEntry","value":"{\"_name\":\"BUILTIN_TASK_ENV\",\"_value\":\"\",\"_valueType\":\"string\"}"},{"dataType":"ValueEntry","value":"{\"_name\":\"BUILTIN_TASK_TOOLCHAIN\",\"_value\":\"\",\"_valueType\":\"string\"}"},{"dataType":"ValueEntry","value":"{\"_name\":\"compatibleSdkVersion\",\"_value\":11,\"_valueType\":\"number\"}"},{"dataType":"ValueEntry","value":"{\"_name\":\"compileSdkVersion\",\"_value\":11,\"_valueType\":\"number\"}"},{"dataType":"ValueEntry","value":"{\"_name\":\"deviceTypes\",\"_value\":[\"phone\",\"tablet\",\"2in1\"],\"_valueType\":\"object\"}"},{"dataType":"ValueEntry","value":"{\"_name\":\"projectConfigAppOpt\",\"_valueType\":\"undefined\"}"},{"dataType":"ValueEntry","value":"{\"_name\":\"releaseType\",\"_value\":\"Release\",\"_valueType\":\"string\"}"}],"_successful":true,"_projectName":"Part3Comment","_moduleName":"entry","_taskName":"default@MakePackInfo","_key":":Part3Comment:entry:default@MakePackInfo","_executionId":":Part3Comment:entry:default@MakePackInfo:1715927936051","_inputFiles":{"dataType":"Map","value":[["/Users/jepson/Desktop/Harmony/projects/Part3Comment/AppScope/app.json5",{"fileSnapShotHashValue":"4dcf1e25c6df13d68b86a6e7fc38457d"}],["/Users/jepson/Desktop/Harmony/projects/Part3Comment/entry/src/main/module.json5",{"fileSnapShotHashValue":"074dceda53712d0858e38d8d3b1d8b81"}],["/Users/jepson/Desktop/Harmony/projects/Part3Comment/build-profile.json5",{"fileSnapShotHashValue":"e7e050353d82bdf38464c6f71c3bdf64"}]]},"_outputFiles":{"dataType":"Map","value":[["/Users/jepson/Desktop/Harmony/projects/Part3Comment/entry/build/default/outputs/default/pack.info",{"fileSnapShotHashValue":"120ed18cd733884a57046558e30949c6"}]]}},":Part3Comment:entry:default@ProcessResource":{"_inputs":[{"dataType":"ValueEntry","value":"{\"_name\":\"BUILTIN_TASK_COMMAND\",\"_value\":\"\",\"_valueType\":\"string\"}"},{"dataType":"ValueEntry","value":"{\"_name\":\"BUILTIN_TASK_ENV\",\"_value\":\"\",\"_valueType\":\"string\"}"},{"dataType":"ValueEntry","value":"{\"_name\":\"BUILTIN_TASK_TOOLCHAIN\",\"_value\":\"\",\"_valueType\":\"string\"}"},{"dataType":"ValueEntry","value":"{\"_name\":\"resConfigJsonContent\",\"_value\":\"{\\\"configPath\\\":\\\"/Users/jepson/Desktop/Harmony/projects/Part3Comment/entry/build/default/intermediates/process_profile/default/module.json\\\",\\\"packageName\\\":\\\"com.example.part3comment\\\",\\\"output\\\":\\\"/Users/jepson/Desktop/Harmony/projects/Part3Comment/entry/build/default/intermediates/res/default\\\",\\\"moduleNames\\\":\\\"entry\\\",\\\"ResourceTable\\\":[\\\"/Users/jepson/Desktop/Harmony/projects/Part3Comment/entry/build/default/generated/r/default/ResourceTable.h\\\"],\\\"applicationResource\\\":\\\"/Users/jepson/Desktop/Harmony/projects/Part3Comment/AppScope/resources\\\",\\\"moduleResources\\\":[\\\"/Users/jepson/Desktop/Harmony/projects/Part3Comment/entry/src/main/resources\\\"],\\\"dependencies\\\":[],\\\"iconCheck\\\":true,\\\"ids\\\":\\\"/Users/jepson/Desktop/Harmony/projects/Part3Comment/entry/build/default/intermediates/res/default/ids_map\\\",\\\"definedIds\\\":\\\"/Users/jepson/Desktop/Harmony/projects/Part3Comment/entry/build/default/intermediates/res/default/ids_map/id_defined.json\\\"}\",\"_valueType\":\"string\"}"}],"_successful":true,"_projectName":"Part3Comment","_moduleName":"entry","_taskName":"default@ProcessResource","_key":":Part3Comment:entry:default@ProcessResource","_executionId":":Part3Comment:entry:default@ProcessResource:1715927936111","_inputFiles":{"dataType":"Map","value":[]},"_outputFiles":{"dataType":"Map","value":[["/Users/jepson/Desktop/Harmony/projects/Part3Comment/entry/build/default/intermediates/res/default/resConfig.json",{"isDirectory":false,"fileSnapShotHashValue":"2c5d2be0a886247a2ded4f1c47f0dbd9"}]]}},":Part3Comment:entry:default@ProcessLibs":{"_inputs":[{"dataType":"ValueEntry","value":"{\"_name\":\"BUILTIN_TASK_COMMAND\",\"_value\":\"\",\"_valueType\":\"string\"}"},{"dataType":"ValueEntry","value":"{\"_name\":\"BUILTIN_TASK_ENV\",\"_value\":\"\",\"_valueType\":\"string\"}"},{"dataType":"ValueEntry","value":"{\"_name\":\"BUILTIN_TASK_TOOLCHAIN\",\"_value\":\"\",\"_valueType\":\"string\"}"}],"_successful":true,"_projectName":"Part3Comment","_moduleName":"entry","_taskName":"default@ProcessLibs","_key":":Part3Comment:entry:default@ProcessLibs","_executionId":":Part3Comment:entry:default@ProcessLibs:1715927936116","_inputFiles":{"dataType":"Map","value":[]},"_outputFiles":{"dataType":"Map","value":[["/Users/jepson/Desktop/Harmony/projects/Part3Comment/entry/build/default/intermediates/libs/default",{"isDirectory":true,"fileSnapShotHashValue":""}]]}},":Part3Comment:entry:default@CompileResource":{"_inputs":[{"dataType":"ValueEntry","value":"{\"_name\":\"BUILTIN_TASK_COMMAND\",\"_value\":\"/Users/jepson/Desktop/Harmony/harmony_sdk/HarmonyOS-NEXT-DP2/base/toolchains/restool,-l,/Users/jepson/Desktop/Harmony/projects/Part3Comment/entry/build/default/intermediates/res/default/resConfig.json\",\"_valueType\":\"string\"}"},{"dataType":"ValueEntry","value":"{\"_name\":\"BUILTIN_TASK_ENV\",\"_value\":\"\",\"_valueType\":\"string\"}"},{"dataType":"ValueEntry","value":"{\"_name\":\"BUILTIN_TASK_TOOLCHAIN\",\"_value\":\"/Users/jepson/Desktop/Harmony/harmony_sdk/HarmonyOS-NEXT-DP2/base/toolchains/restool\",\"_valueType\":\"string\"}"},{"dataType":"ValueEntry","value":"{\"_name\":\"TARGET_CONFIG\",\"_value\":\"{\\\"name\\\":\\\"default\\\"}\",\"_valueType\":\"string\"}"}],"_successful":true,"_projectName":"Part3Comment","_moduleName":"entry","_taskName":"default@CompileResource","_key":":Part3Comment:entry:default@CompileResource","_executionId":":Part3Comment:entry:default@CompileResource:1715927936123","_inputFiles":{"dataType":"Map","value":[["/Users/jepson/Desktop/Harmony/projects/Part3Comment/entry/src/main/resources",{"fileSnapShotHashValue":"e251adc85e81b8cfc5ac3fbc260b11f0"}],["/Users/jepson/Desktop/Harmony/projects/Part3Comment/AppScope/resources",{"fileSnapShotHashValue":"32ab51b5cf5c81e8f2bbc9c3d6005cb8"}],["/Users/jepson/Desktop/Harmony/projects/Part3Comment/entry/build/default/intermediates/process_profile/default/module.json",{"isDirectory":false,"fileSnapShotHashValue":"7b7bffa34a8350939bae70ab31ecf08e"}],["/Users/jepson/Desktop/Harmony/projects/Part3Comment/entry/build/default/intermediates/res/default/resConfig.json",{"isDirectory":false,"fileSnapShotHashValue":"2c5d2be0a886247a2ded4f1c47f0dbd9"}]]},"_outputFiles":{"dataType":"Map","value":[["/Users/jepson/Desktop/Harmony/projects/Part3Comment/entry/build/default/intermediates/res/default",{"isDirectory":true,"fileSnapShotHashValue":"3592f3b527e91162010a911180a8a3c8"}],["/Users/jepson/Desktop/Harmony/projects/Part3Comment/entry/build/default/generated/r/default/ResourceTable.h",{"isDirectory":false,"fileSnapShotHashValue":"9cde8213255ce297b635d8cb73a355c6"}],["/Users/jepson/Desktop/Harmony/projects/Part3Comment/entry/build/default/generated/r/default",{"isDirectory":true,"fileSnapShotHashValue":"e406cbc451c6655a5aa2e91cab3e27d1"}]]}},":Part3Comment:entry:default@DoNativeStrip":{"_inputs":[{"dataType":"ValueEntry","value":"{\"_name\":\"BUILTIN_TASK_COMMAND\",\"_value\":\"\",\"_valueType\":\"string\"}"},{"dataType":"ValueEntry","value":"{\"_name\":\"BUILTIN_TASK_ENV\",\"_value\":\"\",\"_valueType\":\"string\"}"},{"dataType":"ValueEntry","value":"{\"_name\":\"BUILTIN_TASK_TOOLCHAIN\",\"_value\":\"\",\"_valueType\":\"string\"}"}],"_successful":true,"_projectName":"Part3Comment","_moduleName":"entry","_taskName":"default@DoNativeStrip","_key":":Part3Comment:entry:default@DoNativeStrip","_executionId":":Part3Comment:entry:default@DoNativeStrip:1715927936145","_inputFiles":{"dataType":"Map","value":[["/Users/jepson/Desktop/Harmony/projects/Part3Comment/entry/build/default/intermediates/libs/default",{"isDirectory":true,"fileSnapShotHashValue":""}]]},"_outputFiles":{"dataType":"Map","value":[["/Users/jepson/Desktop/Harmony/projects/Part3Comment/entry/build/default/intermediates/stripped_native_libs/default",{"isDirectory":true,"fileSnapShotHashValue":""}]]}},":Part3Comment:entry:default@CompileArkTS":{"_inputs":[{"dataType":"ValueEntry","value":"{\"_name\":\"BUILTIN_TASK_COMMAND\",\"_value\":\"\",\"_valueType\":\"string\"}"},{"dataType":"ValueEntry","value":"{\"_name\":\"BUILTIN_TASK_ENV\",\"_value\":\"\",\"_valueType\":\"string\"}"},{"dataType":"ValueEntry","value":"{\"_name\":\"BUILTIN_TASK_TOOLCHAIN\",\"_value\":\"\",\"_valueType\":\"string\"}"},{"dataType":"ValueEntry","value":"{\"_name\":\"OBFUSCATION_ENABLE\",\"_value\":\"undefined\",\"_valueType\":\"string\"}"},{"dataType":"ValueEntry","value":"{\"_name\":\"arkTsWdiget\",\"_value\":false,\"_valueType\":\"boolean\"}"},{"dataType":"ValueEntry","value":"{\"_name\":\"customTypes\",\"_value\":\"\",\"_valueType\":\"string\"}"},{"dataType":"ValueEntry","value":"{\"_name\":\"debuggable\",\"_value\":true,\"_valueType\":\"boolean\"}"},{"dataType":"ValueEntry","value":"{\"_name\":\"isArk\",\"_value\":true,\"_valueType\":\"boolean\"}"},{"dataType":"ValueEntry","value":"{\"_name\":\"needCoverageInsert\",\"_value\":false,\"_valueType\":\"boolean\"}"},{"dataType":"ValueEntry","value":"{\"_name\":\"noExternalImportByPath\",\"_value\":false,\"_valueType\":\"boolean\"}"}],"_successful":true,"_projectName":"Part3Comment","_moduleName":"entry","_taskName":"default@CompileArkTS","_key":":Part3Comment:entry:default@CompileArkTS","_executionId":":Part3Comment:entry:default@CompileArkTS:1715927936150","_inputFiles":{"dataType":"Map","value":[["/Users/jepson/Desktop/Harmony/projects/Part3Comment/entry/build/default/intermediates/loader/default",{"isDirectory":true,"fileSnapShotHashValue":"e1852fd21e7ae060bef32857f512565e"}],["/Users/jepson/Desktop/Harmony/projects/Part3Comment/entry/build/default/intermediates/res/default/resources/rawfile",{"isDirectory":true,"fileSnapShotHashValue":""}],["/Users/jepson/Desktop/Harmony/projects/Part3Comment/entry/build/default/intermediates/res/default/ResourceTable.txt",{"fileSnapShotHashValue":"0bca0523b7208e4bc33b53f47ff1a5d5"}],["/Users/jepson/Desktop/Harmony/projects/Part3Comment/entry/build/default/intermediates/res/default/module.json",{"fileSnapShotHashValue":"1fd1c57bb8ab3e41e1e4014d20af83a8"}],["/Users/jepson/Desktop/Harmony/projects/Part3Comment/entry/build/default/intermediates/res/default/resources/base/profile",{"isDirectory":true,"fileSnapShotHashValue":"9414aa6c8270482e1955a1054ffa134a"}],["/Users/jepson/Desktop/Harmony/projects/Part3Comment/entry/src/main/ets",{"isDirectory":true,"fileSnapShotHashValue":"7b8a419f448afbf1d542da946a96c017"}],["/Users/jepson/Desktop/Harmony/projects/Part3Comment/entry/build/default/generated/profile/default/BuildProfile.ets",{"fileSnapShotHashValue":"dbfbd0bbf8e72826ca9dcf26cd711ab7"}]]},"_outputFiles":{"dataType":"Map","value":[["/Users/jepson/Desktop/Harmony/projects/Part3Comment/entry/build/default/intermediates/loader_out/default/ets",{"isDirectory":true,"fileSnapShotHashValue":"364dec77f458c2572a741aeff2b1b2fa"}]]}},":Part3Comment:entry:default@BuildJS":{"_inputs":[{"dataType":"ValueEntry","value":"{\"_name\":\"debuggable\",\"_value\":true,\"_valueType\":\"boolean\"}"},{"dataType":"ValueEntry","value":"{\"_name\":\"isArk\",\"_value\":true,\"_valueType\":\"boolean\"}"},{"dataType":"ValueEntry","value":"{\"_name\":\"needCoverageInsert\",\"_value\":false,\"_valueType\":\"boolean\"}"},{"dataType":"ValueEntry","value":"{\"_name\":\"customTypes\",\"_value\":\"\",\"_valueType\":\"string\"}"},{"dataType":"ValueEntry","value":"{\"_name\":\"BUILTIN_TASK_COMMAND\",\"_value\":\"\",\"_valueType\":\"string\"}"},{"dataType":"ValueEntry","value":"{\"_name\":\"BUILTIN_TASK_TOOLCHAIN\",\"_value\":\"\",\"_valueType\":\"string\"}"},{"dataType":"ValueEntry","value":"{\"_name\":\"BUILTIN_TASK_ENV\",\"_value\":\"\",\"_valueType\":\"string\"}"}],"_successful":false,"_projectName":"Part3Comment","_moduleName":"entry","_taskName":"default@BuildJS","_key":":Part3Comment:entry:default@BuildJS","_executionId":":Part3Comment:entry:default@BuildJS:1715927953162","_inputFiles":{"dataType":"Map","value":[["/Users/jepson/Desktop/Harmony/projects/Part3Comment/entry/build/default/intermediates/loader/default",{"isDirectory":true,"fileSnapShotHashValue":"e1852fd21e7ae060bef32857f512565e"}],["/Users/jepson/Desktop/Harmony/projects/Part3Comment/entry/build/default/intermediates/res/default/resources/rawfile",{"isDirectory":true,"fileSnapShotHashValue":""}],["/Users/jepson/Desktop/Harmony/projects/Part3Comment/entry/build/default/intermediates/res/default/ResourceTable.txt",{"fileSnapShotHashValue":"0bca0523b7208e4bc33b53f47ff1a5d5"}],["/Users/jepson/Desktop/Harmony/projects/Part3Comment/entry/build/default/intermediates/res/default/module.json",{"fileSnapShotHashValue":"1fd1c57bb8ab3e41e1e4014d20af83a8"}],["/Users/jepson/Desktop/Harmony/projects/Part3Comment/entry/build/default/intermediates/res/default/resources/base/profile",{"isDirectory":true,"fileSnapShotHashValue":"9414aa6c8270482e1955a1054ffa134a"}]]},"_outputFiles":{"dataType":"Map","value":[["/Users/jepson/Desktop/Harmony/projects/Part3Comment/entry/build/default/intermediates/loader_out/default/js",{"isDirectory":true,"fileSnapShotHashValue":""}]]}},":Part3Comment:entry:default@CacheNativeLibs":{"_inputs":[{"dataType":"ValueEntry","value":"{\"_name\":\"BUILTIN_TASK_COMMAND\",\"_value\":\"\",\"_valueType\":\"string\"}"},{"dataType":"ValueEntry","value":"{\"_name\":\"BUILTIN_TASK_ENV\",\"_value\":\"\",\"_valueType\":\"string\"}"},{"dataType":"ValueEntry","value":"{\"_name\":\"BUILTIN_TASK_TOOLCHAIN\",\"_value\":\"\",\"_valueType\":\"string\"}"}],"_successful":true,"_projectName":"Part3Comment","_moduleName":"entry","_taskName":"default@CacheNativeLibs","_key":":Part3Comment:entry:default@CacheNativeLibs","_executionId":":Part3Comment:entry:default@CacheNativeLibs:1715927936161","_inputFiles":{"dataType":"Map","value":[["/Users/jepson/Desktop/Harmony/projects/Part3Comment/entry/build/default/intermediates/libs/default",{"isDirectory":true,"fileSnapShotHashValue":""}],["/Users/jepson/Desktop/Harmony/projects/Part3Comment/entry/build/default/intermediates/stripped_native_libs/default",{"isDirectory":true,"fileSnapShotHashValue":""}]]},"_outputFiles":{"dataType":"Map","value":[["/Users/jepson/Desktop/Harmony/projects/Part3Comment/entry/build/default/intermediates/patch/default/base_native_libs.json",{"isDirectory":false,"fileSnapShotHashValue":"99c1f3adf526942efb87a49a41736b66"}]]}},":Part3Comment:entry:default@PackageHap":{"_inputs":[{"dataType":"ValueEntry","value":"{\"_name\":\"BUILTIN_TASK_COMMAND\",\"_value\":\"java,-Dfile.encoding=utf-8,-jar,/Users/jepson/Desktop/Harmony/harmony_sdk/HarmonyOS-NEXT-DP2/base/toolchains/lib/app_packing_tool.jar,--mode,hap,--force,true,--lib-path,/Users/jepson/Desktop/Harmony/projects/Part3Comment/entry/build/default/intermediates/stripped_native_libs/default,--json-path,/Users/jepson/Desktop/Harmony/projects/Part3Comment/entry/build/default/intermediates/res/default/module.json,--resources-path,/Users/jepson/Desktop/Harmony/projects/Part3Comment/entry/build/default/intermediates/res/default/resources,--index-path,/Users/jepson/Desktop/Harmony/projects/Part3Comment/entry/build/default/intermediates/res/default/resources.index,--pack-info-path,/Users/jepson/Desktop/Harmony/projects/Part3Comment/entry/build/default/outputs/default/pack.info,--out-path,/Users/jepson/Desktop/Harmony/projects/Part3Comment/entry/build/default/outputs/default/entry-default-unsigned.hap,--ets-path,/Users/jepson/Desktop/Harmony/projects/Part3Comment/entry/build/default/intermediates/loader_out/default/ets\",\"_valueType\":\"string\"}"},{"dataType":"ValueEntry","value":"{\"_name\":\"BUILTIN_TASK_ENV\",\"_value\":\"\",\"_valueType\":\"string\"}"},{"dataType":"ValueEntry","value":"{\"_name\":\"BUILTIN_TASK_TOOLCHAIN\",\"_value\":\"/Users/jepson/Desktop/Harmony/harmony_sdk/HarmonyOS-NEXT-DP2/base/toolchains/lib/app_packing_tool.jar\",\"_valueType\":\"string\"}"},{"dataType":"ValueEntry","value":"{\"_name\":\"bundleType\",\"_value\":\"app\",\"_valueType\":\"string\"}"},{"dataType":"ValueEntry","value":"{\"_name\":\"hotReload\",\"_value\":false,\"_valueType\":\"boolean\"}"},{"dataType":"ValueEntry","value":"{\"_name\":\"projectConfigAppOpt\",\"_valueType\":\"undefined\"}"}],"_successful":true,"_projectName":"Part3Comment","_moduleName":"entry","_taskName":"default@PackageHap","_key":":Part3Comment:entry:default@PackageHap","_executionId":":Part3Comment:entry:default@PackageHap:1715927941112","_inputFiles":{"dataType":"Map","value":[["/Users/jepson/Desktop/Harmony/projects/Part3Comment/entry/build/default/intermediates/stripped_native_libs/default",{"isDirectory":false,"fileSnapShotHashValue":""}],["/Users/jepson/Desktop/Harmony/projects/Part3Comment/entry/build/default/intermediates/res/default/module.json",{"isDirectory":false,"fileSnapShotHashValue":"1fd1c57bb8ab3e41e1e4014d20af83a8"}],["/Users/jepson/Desktop/Harmony/projects/Part3Comment/entry/build/default/intermediates/res/default/resources",{"isDirectory":false,"fileSnapShotHashValue":"f2c5dfb02d323d4c22dca1ed855bcf15"}],["/Users/jepson/Desktop/Harmony/projects/Part3Comment/entry/build/default/intermediates/res/default/resources.index",{"isDirectory":false,"fileSnapShotHashValue":"a6447392594efee58ffa75b58060014b"}],["/Users/jepson/Desktop/Harmony/projects/Part3Comment/entry/build/default/outputs/default/pack.info",{"isDirectory":false,"fileSnapShotHashValue":"120ed18cd733884a57046558e30949c6"}],["/Users/jepson/Desktop/Harmony/projects/Part3Comment/entry/build/default/intermediates/loader_out/default/ets",{"isDirectory":false,"fileSnapShotHashValue":"364dec77f458c2572a741aeff2b1b2fa"}],["/Users/jepson/Desktop/Harmony/projects/Part3Comment/entry/build/default/generated/profile/default/BuildProfile.ets",{"fileSnapShotHashValue":"dbfbd0bbf8e72826ca9dcf26cd711ab7"}]]},"_outputFiles":{"dataType":"Map","value":[["/Users/jepson/Desktop/Harmony/projects/Part3Comment/entry/build/default/outputs/default/entry-default-unsigned.hap",{"isDirectory":false,"fileSnapShotHashValue":"11c32da8bf5932f9d9b565acc00f2156"}]]}},":Part3Comment:entry:default@SignHap":{"_inputs":[{"dataType":"ValueEntry","value":"{\"_name\":\"enableSignTask\",\"_value\":true,\"_valueType\":\"boolean\"}"},{"dataType":"ValueEntry","value":"{\"_name\":\"sdkToolchainsComponentVersion\",\"_value\":\"4.1.0.71\",\"_valueType\":\"string\"}"},{"dataType":"ValueEntry","value":"{\"_name\":\"existSigningConfig\",\"_value\":false,\"_valueType\":\"boolean\"}"},{"dataType":"ValueEntry","value":"{\"_name\":\"BUILTIN_TASK_COMMAND\",\"_value\":\"\",\"_valueType\":\"string\"}"},{"dataType":"ValueEntry","value":"{\"_name\":\"BUILTIN_TASK_TOOLCHAIN\",\"_value\":\"\",\"_valueType\":\"string\"}"},{"dataType":"ValueEntry","value":"{\"_name\":\"BUILTIN_TASK_ENV\",\"_value\":\"\",\"_valueType\":\"string\"}"}],"_successful":true,"_projectName":"Part3Comment","_moduleName":"entry","_taskName":"default@SignHap","_key":":Part3Comment:entry:default@SignHap","_executionId":":Part3Comment:entry:default@SignHap:1715927953171","_inputFiles":{"dataType":"Map","value":[["/Users/jepson/Desktop/Harmony/projects/Part3Comment/entry/build/default/outputs/default/entry-default-unsigned.hap",{"isDirectory":false,"fileSnapShotHashValue":"11c32da8bf5932f9d9b565acc00f2156"}]]},"_outputFiles":{"dataType":"Map","value":[["/Users/jepson/Desktop/Harmony/projects/Part3Comment/entry/build/default/outputs/default/entry-default-signed.hap",{"isDirectory":false,"fileSnapShotHashValue":""}]]}}}