{"/Users/jepson/Desktop/Harmony/projects/Part4Demo/AppScope/app.json5":{"hashValue":"27670c4bfef43ed5de010af3c9ad2095","name":"app.json5","path":"/Users/jepson/Desktop/Harmony/projects/Part4Demo/AppScope/app.json5","type":"file","isSymbolicLink":false,"fileMetaData":{"size":204,"lastModifiedTime":1716536293471}},"/Users/jepson/Desktop/Harmony/projects/Part4Demo/entry/src/main/module.json5":{"hashValue":"f05ddb2f67ac2a969cdf6cb3167a3780","name":"module.json5","path":"/Users/jepson/Desktop/Harmony/projects/Part4Demo/entry/src/main/module.json5","type":"file","isSymbolicLink":false,"fileMetaData":{"size":1261,"lastModifiedTime":1716797215389}},"/Users/jepson/Desktop/Harmony/projects/Part4Demo/build-profile.json5":{"hashValue":"7ce8b399e160afe2deb7104ade64bb51","name":"build-profile.json5","path":"/Users/jepson/Desktop/Harmony/projects/Part4Demo/build-profile.json5","type":"file","isSymbolicLink":false,"fileMetaData":{"size":820,"lastModifiedTime":1716543282353}},"/Users/jepson/Desktop/Harmony/projects/Part4Demo/entry/build-profile.json5":{"hashValue":"fc83c0241acf3e62265d12e9852440bc","name":"build-profile.json5","path":"/Users/jepson/Desktop/Harmony/projects/Part4Demo/entry/build-profile.json5","type":"file","isSymbolicLink":false,"fileMetaData":{"size":421,"lastModifiedTime":1716366656998}},"/Users/jepson/Desktop/Harmony/projects/Part4Demo/entry/src/main/resources/base/profile/main_pages.json":{"hashValue":"4bfc840b053a3e5972a6c55521445ab5","name":"main_pages.json","path":"/Users/jepson/Desktop/Harmony/projects/Part4Demo/entry/src/main/resources/base/profile/main_pages.json","type":"file","isSymbolicLink":false,"fileMetaData":{"size":80,"lastModifiedTime":1716544291542}},"/Users/jepson/Desktop/Harmony/projects/Part4Demo/entry/oh-package.json5":{"hashValue":"0aa2ad8358bea263f834c96d5203ec6b","name":"oh-package.json5","path":"/Users/jepson/Desktop/Harmony/projects/Part4Demo/entry/oh-package.json5","type":"file","isSymbolicLink":false,"fileMetaData":{"size":173,"lastModifiedTime":1716366654863}},"/Users/jepson/Desktop/Harmony/projects/Part4Demo/entry/.preview/default/generated/profile/default/BuildProfile.ets":{"hashValue":"76cd12e3d194343d781c4f872349dde0","name":"BuildProfile.ets","path":"/Users/jepson/Desktop/Harmony/projects/Part4Demo/entry/.preview/default/generated/profile/default/BuildProfile.ets","type":"file","isSymbolicLink":false,"fileMetaData":{"size":374,"lastModifiedTime":1716795797247}},"/Users/jepson/Desktop/Harmony/projects/Part4Demo/entry/.preview/default/intermediates/merge_profile/default/module.json":{"hashValue":"df255321f7a4e8ee54e31ce9212c7228","name":"module.json","path":"/Users/jepson/Desktop/Harmony/projects/Part4Demo/entry/.preview/default/intermediates/merge_profile/default/module.json","type":"file","isSymbolicLink":false,"fileMetaData":{"size":1487,"lastModifiedTime":1716795797251}},"/Users/jepson/Desktop/Harmony/projects/Part4Demo/oh-package.json5":{"hashValue":"3eb2a2df1a5771804bb05e2f29e5179f","name":"oh-package.json5","path":"/Users/jepson/Desktop/Harmony/projects/Part4Demo/oh-package.json5","type":"file","isSymbolicLink":false,"fileMetaData":{"size":265,"lastModifiedTime":1716366657005}},"/Users/jepson/Desktop/Harmony/projects/Part4Demo/entry/.preview/default/intermediates/loader/default/loader.json":{"hashValue":"9e45d76e3735a9d8a6e67e657f81b584","name":"loader.json","path":"/Users/jepson/Desktop/Harmony/projects/Part4Demo/entry/.preview/default/intermediates/loader/default/loader.json","type":"file","isSymbolicLink":false,"fileMetaData":{"size":661,"lastModifiedTime":1716795797313}},"/Users/jepson/Desktop/Harmony/projects/Part4Demo/entry/.preview/default/intermediates/process_profile/default/module.json":{"hashValue":"de5715ab8049a618e50ec8da5177dce5","name":"module.json","path":"/Users/jepson/Desktop/Harmony/projects/Part4Demo/entry/.preview/default/intermediates/process_profile/default/module.json","type":"file","isSymbolicLink":false,"fileMetaData":{"size":1573,"lastModifiedTime":1716795797306}},"/Users/jepson/Desktop/Harmony/projects/Part4Demo/entry/src/mock/mock-config.json5":{"hashValue":"159d34269ed0a064d8526c0ea623a604","name":"mock-config.json5","path":"/Users/jepson/Desktop/Harmony/projects/Part4Demo/entry/src/mock/mock-config.json5","type":"file","isSymbolicLink":false,"fileMetaData":{"size":3,"lastModifiedTime":1716366654970}},"/Users/jepson/Desktop/Harmony/projects/Part4Demo/entry/src/main/resources":{"hashValue":"a534ca7a1618c5b65d231da8f73e47b4","name":"resources","path":"/Users/jepson/Desktop/Harmony/projects/Part4Demo/entry/src/main/resources","type":"directory","isSymbolicLink":false,"children":[{"hashValue":"224fb5de3ca0d0b93a97afdbd03d3feb","name":"base","path":"/Users/jepson/Desktop/Harmony/projects/Part4Demo/entry/src/main/resources/base","type":"directory","isSymbolicLink":false,"children":[{"hashValue":"34a9bed0ca19b0abb5c568b11bcba620","name":"element","path":"/Users/jepson/Desktop/Harmony/projects/Part4Demo/entry/src/main/resources/base/element","type":"directory","isSymbolicLink":false,"children":[{"hashValue":"a2c0c4c441afa3687022fe0aff983871","name":"color.json","path":"/Users/jepson/Desktop/Harmony/projects/Part4Demo/entry/src/main/resources/base/element/color.json","type":"file","isSymbolicLink":false,"fileMetaData":{"size":98,"lastModifiedTime":1716366654994}},{"hashValue":"c7272f7f54d79b44fd3b3964a64a6ab3","name":"string.json","path":"/Users/jepson/Desktop/Harmony/projects/Part4Demo/entry/src/main/resources/base/element/string.json","type":"file","isSymbolicLink":false,"fileMetaData":{"size":392,"lastModifiedTime":1716543941166}}]},{"hashValue":"6652e990e69a0c39816270a9a1ace356","name":"media","path":"/Users/jepson/Desktop/Harmony/projects/Part4Demo/entry/src/main/resources/base/media","type":"directory","isSymbolicLink":false,"children":[{"hashValue":"48ad1c08fc5a789f6873a2b1bd447f3b","name":"background.png","path":"/Users/jepson/Desktop/Harmony/projects/Part4Demo/entry/src/main/resources/base/media/background.png","type":"file","isSymbolicLink":false,"fileMetaData":{"size":57364,"lastModifiedTime":1716366654999}},{"hashValue":"074ad54076c8de53e07c8ad66e52db53","name":"cai.jpg","path":"/Users/jepson/Desktop/Harmony/projects/Part4Demo/entry/src/main/resources/base/media/cai.jpg","type":"file","isSymbolicLink":false,"fileMetaData":{"size":20240,"lastModifiedTime":1716544617932}},{"hashValue":"81f17dfee2a896d5cf212ee4766d3f4b","name":"foreground.png","path":"/Users/jepson/Desktop/Harmony/projects/Part4Demo/entry/src/main/resources/base/media/foreground.png","type":"file","isSymbolicLink":false,"fileMetaData":{"size":12430,"lastModifiedTime":1716366655002}},{"hashValue":"369a899db095baccb7a52b0158eed52b","name":"layered_image.json","path":"/Users/jepson/Desktop/Harmony/projects/Part4Demo/entry/src/main/resources/base/media/layered_image.json","type":"file","isSymbolicLink":false,"fileMetaData":{"size":109,"lastModifiedTime":1716366655004}},{"hashValue":"22df4fc82636e7372f6cda75f6fc4889","name":"startIcon.png","path":"/Users/jepson/Desktop/Harmony/projects/Part4Demo/entry/src/main/resources/base/media/startIcon.png","type":"file","isSymbolicLink":false,"fileMetaData":{"size":20093,"lastModifiedTime":1716366655010}},{"hashValue":"cdb9c12162c3628167b9c306b64395de","name":"wechat.png","path":"/Users/jepson/Desktop/Harmony/projects/Part4Demo/entry/src/main/resources/base/media/wechat.png","type":"file","isSymbolicLink":false,"fileMetaData":{"size":33160,"lastModifiedTime":1716535081802}}]},{"hashValue":"8e3b2db04258067ccc45056d6a817f84","name":"profile","path":"/Users/jepson/Desktop/Harmony/projects/Part4Demo/entry/src/main/resources/base/profile","type":"directory","isSymbolicLink":false,"children":[{"hashValue":"4bfc840b053a3e5972a6c55521445ab5","name":"main_pages.json","path":"/Users/jepson/Desktop/Harmony/projects/Part4Demo/entry/src/main/resources/base/profile/main_pages.json","type":"file","isSymbolicLink":false,"fileMetaData":{"size":80,"lastModifiedTime":1716544291542}}]}]},{"hashValue":"3d684c4895a3dd402fe507ba48742090","name":"en_US","path":"/Users/jepson/Desktop/Harmony/projects/Part4Demo/entry/src/main/resources/en_US","type":"directory","isSymbolicLink":false,"children":[{"hashValue":"3d7a58e730b24f63d5c30a61f057ce94","name":"element","path":"/Users/jepson/Desktop/Harmony/projects/Part4Demo/entry/src/main/resources/en_US/element","type":"directory","isSymbolicLink":false,"children":[{"hashValue":"a08e575080d48f033d7ba909b9cd2e7d","name":"string.json","path":"/Users/jepson/Desktop/Harmony/projects/Part4Demo/entry/src/main/resources/en_US/element/string.json","type":"file","isSymbolicLink":false,"fileMetaData":{"size":391,"lastModifiedTime":1716544679623}}]}]},{"hashValue":"","name":"rawfile","path":"/Users/jepson/Desktop/Harmony/projects/Part4Demo/entry/src/main/resources/rawfile","type":"directory","isSymbolicLink":false,"children":[]},{"hashValue":"9d1218405b95d629c278e550d6328e73","name":"zh_CN","path":"/Users/jepson/Desktop/Harmony/projects/Part4Demo/entry/src/main/resources/zh_CN","type":"directory","isSymbolicLink":false,"children":[{"hashValue":"1d279723b7943d888fdde3052d8f1f1f","name":"element","path":"/Users/jepson/Desktop/Harmony/projects/Part4Demo/entry/src/main/resources/zh_CN/element","type":"directory","isSymbolicLink":false,"children":[{"hashValue":"7b25a7376996b29985773ecf4b0472c2","name":"string.json","path":"/Users/jepson/Desktop/Harmony/projects/Part4Demo/entry/src/main/resources/zh_CN/element/string.json","type":"file","isSymbolicLink":false,"fileMetaData":{"size":394,"lastModifiedTime":1716544679621}}]}]}]},"/Users/jepson/Desktop/Harmony/projects/Part4Demo/entry/.preview/default/intermediates/res/default":{"hashValue":"6073067993e8900854e932672e649d56","name":"default","path":"/Users/jepson/Desktop/Harmony/projects/Part4Demo/entry/.preview/default/intermediates/res/default","type":"directory","isSymbolicLink":false,"children":[{"hashValue":"cab8e2749f7cdbb1066b40631c3f95c3","name":"app_compiled","path":"/Users/jepson/Desktop/Harmony/projects/Part4Demo/entry/.preview/default/intermediates/res/default/app_compiled","type":"directory","isSymbolicLink":false,"children":[{"hashValue":"3e904b31bf548c4a22e7fb67949ac074","name":"14982598582168431534","path":"/Users/jepson/Desktop/Harmony/projects/Part4Demo/entry/.preview/default/intermediates/res/default/app_compiled/14982598582168431534","type":"file","isSymbolicLink":false,"fileMetaData":{"size":216,"lastModifiedTime":1716795797341}},{"hashValue":"adfd29a7890b009fe71c668d10add936","name":"4989040175854224834","path":"/Users/jepson/Desktop/Harmony/projects/Part4Demo/entry/.preview/default/intermediates/res/default/app_compiled/4989040175854224834","type":"file","isSymbolicLink":false,"fileMetaData":{"size":222,"lastModifiedTime":1716795797341}},{"hashValue":"b1fed4e4b76d30893add4768b28c4a7b","name":"5473171156075601472","path":"/Users/jepson/Desktop/Harmony/projects/Part4Demo/entry/.preview/default/intermediates/res/default/app_compiled/5473171156075601472","type":"file","isSymbolicLink":false,"fileMetaData":{"size":134,"lastModifiedTime":1716795797341}}]},{"hashValue":"aeca702b586cc6959b0f95c1ccfab431","name":"ids_map","path":"/Users/jepson/Desktop/Harmony/projects/Part4Demo/entry/.preview/default/intermediates/res/default/ids_map","type":"directory","isSymbolicLink":false,"children":[{"hashValue":"1e4d951329b464611aa6602f07dfc32b","name":"id_defined.json","path":"/Users/jepson/Desktop/Harmony/projects/Part4Demo/entry/.preview/default/intermediates/res/default/ids_map/id_defined.json","type":"file","isSymbolicLink":false,"fileMetaData":{"size":1835,"lastModifiedTime":1716795797357}}]},{"hashValue":"640fd19ce7dd8f70aa6d4adc73190809","name":"mock-config.json","path":"/Users/jepson/Desktop/Harmony/projects/Part4Demo/entry/.preview/default/intermediates/res/default/mock-config.json","type":"file","isSymbolicLink":false,"fileMetaData":{"size":2,"lastModifiedTime":1716795801443}},{"hashValue":"e75ab3e054182a8f1511829835c10a4e","name":"module_compiled","path":"/Users/jepson/Desktop/Harmony/projects/Part4Demo/entry/.preview/default/intermediates/res/default/module_compiled","type":"directory","isSymbolicLink":false,"children":[{"hashValue":"1a41ce8239ff487e243f0e1e117915ce","name":"10216264271873885309","path":"/Users/jepson/Desktop/Harmony/projects/Part4Demo/entry/.preview/default/intermediates/res/default/module_compiled/10216264271873885309","type":"file","isSymbolicLink":false,"fileMetaData":{"size":240,"lastModifiedTime":1716795797347}},{"hashValue":"ca12bef8e921b3b7216443d367234e10","name":"10311503172721957133","path":"/Users/jepson/Desktop/Harmony/projects/Part4Demo/entry/.preview/default/intermediates/res/default/module_compiled/10311503172721957133","type":"file","isSymbolicLink":false,"fileMetaData":{"size":228,"lastModifiedTime":1716795797347}},{"hashValue":"4526e55a9531a937b1b45270c187f402","name":"10458027189997771848","path":"/Users/jepson/Desktop/Harmony/projects/Part4Demo/entry/.preview/default/intermediates/res/default/module_compiled/10458027189997771848","type":"file","isSymbolicLink":false,"fileMetaData":{"size":155,"lastModifiedTime":1716795797347}},{"hashValue":"2f3bd847997f778077307bc0522653fd","name":"12480867029341132589","path":"/Users/jepson/Desktop/Harmony/projects/Part4Demo/entry/.preview/default/intermediates/res/default/module_compiled/12480867029341132589","type":"file","isSymbolicLink":false,"fileMetaData":{"size":237,"lastModifiedTime":1716795797347}},{"hashValue":"8c1a170deb256686f9f35f2144aecd88","name":"13087605238608395235","path":"/Users/jepson/Desktop/Harmony/projects/Part4Demo/entry/.preview/default/intermediates/res/default/module_compiled/13087605238608395235","type":"file","isSymbolicLink":false,"fileMetaData":{"size":252,"lastModifiedTime":1716795797347}},{"hashValue":"c4654c825dc4a1e78c7e202f048ae948","name":"15328244568615927215","path":"/Users/jepson/Desktop/Harmony/projects/Part4Demo/entry/.preview/default/intermediates/res/default/module_compiled/15328244568615927215","type":"file","isSymbolicLink":false,"fileMetaData":{"size":757,"lastModifiedTime":1716795797347}},{"hashValue":"faa2c50b1a942c4eb81d891ecdb8890e","name":"2336733542889874497","path":"/Users/jepson/Desktop/Harmony/projects/Part4Demo/entry/.preview/default/intermediates/res/default/module_compiled/2336733542889874497","type":"file","isSymbolicLink":false,"fileMetaData":{"size":219,"lastModifiedTime":1716795797347}},{"hashValue":"54bb38f9a5afccd67323ac602374d716","name":"5330000689324963183","path":"/Users/jepson/Desktop/Harmony/projects/Part4Demo/entry/.preview/default/intermediates/res/default/module_compiled/5330000689324963183","type":"file","isSymbolicLink":false,"fileMetaData":{"size":247,"lastModifiedTime":1716795797347}},{"hashValue":"33d77b0caea990b321ebc18b280f951f","name":"6022332178889037420","path":"/Users/jepson/Desktop/Harmony/projects/Part4Demo/entry/.preview/default/intermediates/res/default/module_compiled/6022332178889037420","type":"file","isSymbolicLink":false,"fileMetaData":{"size":849,"lastModifiedTime":1716795797346}},{"hashValue":"a9998d690020909b4830047bbb64298f","name":"6122748702575343584","path":"/Users/jepson/Desktop/Harmony/projects/Part4Demo/entry/.preview/default/intermediates/res/default/module_compiled/6122748702575343584","type":"file","isSymbolicLink":false,"fileMetaData":{"size":240,"lastModifiedTime":1716795797347}},{"hashValue":"61548bcd7756c0ec1e27b10ad0f3ca7f","name":"8776262397279640580","path":"/Users/jepson/Desktop/Harmony/projects/Part4Demo/entry/.preview/default/intermediates/res/default/module_compiled/8776262397279640580","type":"file","isSymbolicLink":false,"fileMetaData":{"size":846,"lastModifiedTime":1716795797346}}]},{"hashValue":"ceec36759a4741aeffa3e482726b314c","name":"module.json","path":"/Users/jepson/Desktop/Harmony/projects/Part4Demo/entry/.preview/default/intermediates/res/default/module.json","type":"file","isSymbolicLink":false,"fileMetaData":{"size":2834,"lastModifiedTime":1716795797357}},{"hashValue":"98fe9c60ec322fc6964d14ad4f5bd42c","name":"resources","path":"/Users/jepson/Desktop/Harmony/projects/Part4Demo/entry/.preview/default/intermediates/res/default/resources","type":"directory","isSymbolicLink":false,"children":[{"hashValue":"50d5f153463513d88a41608164d8e70a","name":"base","path":"/Users/jepson/Desktop/Harmony/projects/Part4Demo/entry/.preview/default/intermediates/res/default/resources/base","type":"directory","isSymbolicLink":false,"children":[{"hashValue":"88427abe2895d130b0e6037c0bbc9849","name":"media","path":"/Users/jepson/Desktop/Harmony/projects/Part4Demo/entry/.preview/default/intermediates/res/default/resources/base/media","type":"directory","isSymbolicLink":false,"children":[{"hashValue":"3a54e4cf46e8344753e2023411d5afcf","name":"layered_image.json","path":"/Users/jepson/Desktop/Harmony/projects/Part4Demo/entry/.preview/default/intermediates/res/default/resources/base/media/layered_image.json","type":"file","isSymbolicLink":false,"fileMetaData":{"size":121,"lastModifiedTime":1716795797357}}]},{"hashValue":"ba0ebd4d8937339f399bde4170c7950f","name":"profile","path":"/Users/jepson/Desktop/Harmony/projects/Part4Demo/entry/.preview/default/intermediates/res/default/resources/base/profile","type":"directory","isSymbolicLink":false,"children":[{"hashValue":"5616e0e42fec3855d264fafeff5dd570","name":"main_pages.json","path":"/Users/jepson/Desktop/Harmony/projects/Part4Demo/entry/.preview/default/intermediates/res/default/resources/base/profile/main_pages.json","type":"file","isSymbolicLink":false,"fileMetaData":{"size":58,"lastModifiedTime":1716795797367}}]}]}]},{"hashValue":"5598db64712740114dbf982b66b024d1","name":"resources.index","path":"/Users/jepson/Desktop/Harmony/projects/Part4Demo/entry/.preview/default/intermediates/res/default/resources.index","type":"file","isSymbolicLink":false,"fileMetaData":{"size":2180,"lastModifiedTime":1716795797357}},{"hashValue":"6ccb8b7bd61daa06ce9bba68eca9b2df","name":"ResourceTable.txt","path":"/Users/jepson/Desktop/Harmony/projects/Part4Demo/entry/.preview/default/intermediates/res/default/ResourceTable.txt","type":"file","isSymbolicLink":false,"fileMetaData":{"size":454,"lastModifiedTime":1716795797357}}]},"/Users/jepson/Desktop/Harmony/projects/Part4Demo/entry/.preview/default/generated/r/default":{"hashValue":"c69dc1c475c1f2f41a5fd830b6db29f8","name":"default","path":"/Users/jepson/Desktop/Harmony/projects/Part4Demo/entry/.preview/default/generated/r/default","type":"directory","isSymbolicLink":false,"children":[{"hashValue":"ecaf0d3aaf01156784df4d9c5d945d82","name":"ResourceTable.h","path":"/Users/jepson/Desktop/Harmony/projects/Part4Demo/entry/.preview/default/generated/r/default/ResourceTable.h","type":"file","isSymbolicLink":false,"fileMetaData":{"size":1415,"lastModifiedTime":1716795797357}}]},"/Users/jepson/Desktop/Harmony/projects/Part4Demo/entry/src/main/resources/base/profile":{"hashValue":"8e3b2db04258067ccc45056d6a817f84","name":"profile","path":"/Users/jepson/Desktop/Harmony/projects/Part4Demo/entry/src/main/resources/base/profile","type":"directory","isSymbolicLink":false,"children":[{"hashValue":"4bfc840b053a3e5972a6c55521445ab5","name":"main_pages.json","path":"/Users/jepson/Desktop/Harmony/projects/Part4Demo/entry/src/main/resources/base/profile/main_pages.json","type":"file","isSymbolicLink":false,"fileMetaData":{"size":80,"lastModifiedTime":1716544291542}}]},"/Users/jepson/Desktop/Harmony/projects/Part4Demo/entry/.preview/default/intermediates/res/default/resources/base/profile":{"hashValue":"ba0ebd4d8937339f399bde4170c7950f","name":"profile","path":"/Users/jepson/Desktop/Harmony/projects/Part4Demo/entry/.preview/default/intermediates/res/default/resources/base/profile","type":"directory","isSymbolicLink":false,"children":[{"hashValue":"5616e0e42fec3855d264fafeff5dd570","name":"main_pages.json","path":"/Users/jepson/Desktop/Harmony/projects/Part4Demo/entry/.preview/default/intermediates/res/default/resources/base/profile/main_pages.json","type":"file","isSymbolicLink":false,"fileMetaData":{"size":58,"lastModifiedTime":1716795797367}}]},"/Users/jepson/Desktop/Harmony/projects/Part4Demo/entry/.preview/default/intermediates/res/default/module.json":{"hashValue":"ceec36759a4741aeffa3e482726b314c","name":"module.json","path":"/Users/jepson/Desktop/Harmony/projects/Part4Demo/entry/.preview/default/intermediates/res/default/module.json","type":"file","isSymbolicLink":false,"fileMetaData":{"size":2834,"lastModifiedTime":1716795797357}},"/Users/jepson/Desktop/Harmony/projects/Part4Demo/entry/.preview/default/intermediates/res/default/resources/base/profile/main_pages.json":{"hashValue":"5616e0e42fec3855d264fafeff5dd570","name":"main_pages.json","path":"/Users/jepson/Desktop/Harmony/projects/Part4Demo/entry/.preview/default/intermediates/res/default/resources/base/profile/main_pages.json","type":"file","isSymbolicLink":false,"fileMetaData":{"size":58,"lastModifiedTime":1716795797367}},"/Users/jepson/Desktop/Harmony/projects/Part4Demo/entry/.preview/default/intermediates/loader/default":{"hashValue":"51fd8899bf0486c3873d445725601fdb","name":"default","path":"/Users/jepson/Desktop/Harmony/projects/Part4Demo/entry/.preview/default/intermediates/loader/default","type":"directory","isSymbolicLink":false,"children":[{"hashValue":"9e45d76e3735a9d8a6e67e657f81b584","name":"loader.json","path":"/Users/jepson/Desktop/Harmony/projects/Part4Demo/entry/.preview/default/intermediates/loader/default/loader.json","type":"file","isSymbolicLink":false,"fileMetaData":{"size":661,"lastModifiedTime":1716795797313}}]},"/Users/jepson/Desktop/Harmony/projects/Part4Demo/entry/.preview/default/intermediates/res/default/ResourceTable.txt":{"hashValue":"6ccb8b7bd61daa06ce9bba68eca9b2df","name":"ResourceTable.txt","path":"/Users/jepson/Desktop/Harmony/projects/Part4Demo/entry/.preview/default/intermediates/res/default/ResourceTable.txt","type":"file","isSymbolicLink":false,"fileMetaData":{"size":454,"lastModifiedTime":1716795797357}},"/Users/jepson/Desktop/Harmony/projects/Part4Demo/entry/src/main/ets":{"hashValue":"99c1e29e3e53ac13b515ee2563582ab0","name":"ets","path":"/Users/jepson/Desktop/Harmony/projects/Part4Demo/entry/src/main/ets","type":"directory","isSymbolicLink":false,"children":[{"hashValue":"179a9b0e81684b935a9e9319f67e92a7","name":".DS_Store","path":"/Users/jepson/Desktop/Harmony/projects/Part4Demo/entry/src/main/ets/.DS_Store","type":"file","isSymbolicLink":false,"fileMetaData":{"size":6148,"lastModifiedTime":1716447229062}},{"hashValue":"7f2914991d83826626e1c4b001713d6a","name":"entryability","path":"/Users/jepson/Desktop/Harmony/projects/Part4Demo/entry/src/main/ets/entryability","type":"directory","isSymbolicLink":false,"children":[{"hashValue":"0f994cb5e580b02592554e57d6eac37c","name":"EntryAbility.ets","path":"/Users/jepson/Desktop/Harmony/projects/Part4Demo/entry/src/main/ets/entryability/EntryAbility.ets","type":"file","isSymbolicLink":false,"fileMetaData":{"size":1608,"lastModifiedTime":1716797089932}}]},{"hashValue":"f5f9ebee8b8f5b19eda22ade80ec61c2","name":"pages","path":"/Users/jepson/Desktop/Harmony/projects/Part4Demo/entry/src/main/ets/pages","type":"directory","isSymbolicLink":false,"children":[{"hashValue":"bbd64f544837d69a0c80cd0878c3d141","name":"Index.ets","path":"/Users/jepson/Desktop/Harmony/projects/Part4Demo/entry/src/main/ets/pages/Index.ets","type":"file","isSymbolicLink":false,"fileMetaData":{"size":2655,"lastModifiedTime":1716800456372}},{"hashValue":"0c793efc94da7799a4b2a7a70b79fbb7","name":"LoginPage.ets","path":"/Users/jepson/Desktop/Harmony/projects/Part4Demo/entry/src/main/ets/pages/LoginPage.ets","type":"file","isSymbolicLink":false,"fileMetaData":{"size":424,"lastModifiedTime":1716543525187}},{"hashValue":"b8a242cc5567d5f06c68a039393ca93b","name":"TwoPage.ets","path":"/Users/jepson/Desktop/Harmony/projects/Part4Demo/entry/src/main/ets/pages/TwoPage.ets","type":"file","isSymbolicLink":false,"fileMetaData":{"size":279,"lastModifiedTime":1716795987911}}]},{"hashValue":"c98a24c6b54f301e2011e9aee060f542","name":"twoability","path":"/Users/jepson/Desktop/Harmony/projects/Part4Demo/entry/src/main/ets/twoability","type":"directory","isSymbolicLink":false,"children":[{"hashValue":"da4f65b9b17dda00c4a698f41ae1b8c8","name":"TwoAbility.ets","path":"/Users/jepson/Desktop/Harmony/projects/Part4Demo/entry/src/main/ets/twoability/TwoAbility.ets","type":"file","isSymbolicLink":false,"fileMetaData":{"size":1647,"lastModifiedTime":1716796832107}}]},{"hashValue":"9fb1fdd18754e54d8ffa7651748883a9","name":"随堂代码","path":"/Users/jepson/Desktop/Harmony/projects/Part4Demo/entry/src/main/ets/随堂代码","type":"directory","isSymbolicLink":false,"children":[{"hashValue":"29c86c75cfd0bf3d8603f0ce6d3466ca","name":"01-准备代码-@Link.ets","path":"/Users/jepson/Desktop/Harmony/projects/Part4Demo/entry/src/main/ets/随堂代码/01-准备代码-@Link.ets","type":"file","isSymbolicLink":false,"fileMetaData":{"size":864,"lastModifiedTime":1716367152495}},{"hashValue":"6ece52bf34bec75bf1388a287bf4cedb","name":"02-课堂演示-@Link.ets","path":"/Users/jepson/Desktop/Harmony/projects/Part4Demo/entry/src/main/ets/随堂代码/02-课堂演示-@Link.ets","type":"file","isSymbolicLink":false,"fileMetaData":{"size":1280,"lastModifiedTime":1716367766736}},{"hashValue":"5a4978cc9f5763bcb216722e20a0c487","name":"03-准备代码-@Provide@Consume.ets","path":"/Users/jepson/Desktop/Harmony/projects/Part4Demo/entry/src/main/ets/随堂代码/03-准备代码-@Provide@Consume.ets","type":"file","isSymbolicLink":false,"fileMetaData":{"size":1083,"lastModifiedTime":1716368318881}},{"hashValue":"c7514f2afc527fd978f4964c8f414e96","name":"04-课堂演示-@Provide和@Consume.ets","path":"/Users/jepson/Desktop/Harmony/projects/Part4Demo/entry/src/main/ets/随堂代码/04-课堂演示-@Provide和@Consume.ets","type":"file","isSymbolicLink":false,"fileMetaData":{"size":1651,"lastModifiedTime":1716368936301}},{"hashValue":"248b1d010742b1895ecbdd21a1762307","name":"05-准备代码-@Observed@ObjectLink.ets","path":"/Users/jepson/Desktop/Harmony/projects/Part4Demo/entry/src/main/ets/随堂代码/05-准备代码-@Observed@ObjectLink.ets","type":"file","isSymbolicLink":false,"fileMetaData":{"size":1231,"lastModifiedTime":1716369591859}},{"hashValue":"0c64852375023d51ab2c8c38235fada5","name":"06-课堂演示-@Observed和@ObjectLink.ets","path":"/Users/jepson/Desktop/Harmony/projects/Part4Demo/entry/src/main/ets/随堂代码/06-课堂演示-@Observed和@ObjectLink.ets","type":"file","isSymbolicLink":false,"fileMetaData":{"size":1717,"lastModifiedTime":1716447139414}},{"hashValue":"f63372b64ff075a653ded0254b655b64","name":"07-@ObjectLink更新注意点.ets","path":"/Users/jepson/Desktop/Harmony/projects/Part4Demo/entry/src/main/ets/随堂代码/07-@ObjectLink更新注意点.ets","type":"file","isSymbolicLink":false,"fileMetaData":{"size":1918,"lastModifiedTime":1716447751348}},{"hashValue":"f41c59e27717a28053b0ec51018d0016","name":"08-路由pages","path":"/Users/jepson/Desktop/Harmony/projects/Part4Demo/entry/src/main/ets/随堂代码/08-路由pages","type":"directory","isSymbolicLink":false,"children":[{"hashValue":"9f56f97eba48c9b1aa1f46bd1e66408a","name":"DetailPage.ets","path":"/Users/jepson/Desktop/Harmony/projects/Part4Demo/entry/src/main/ets/随堂代码/08-路由pages/DetailPage.ets","type":"file","isSymbolicLink":false,"fileMetaData":{"size":477,"lastModifiedTime":1716455925685}},{"hashValue":"84f4084d2eed1ae9972713eb5f97f50a","name":"EditPage.ets","path":"/Users/jepson/Desktop/Harmony/projects/Part4Demo/entry/src/main/ets/随堂代码/08-路由pages/EditPage.ets","type":"file","isSymbolicLink":false,"fileMetaData":{"size":751,"lastModifiedTime":1716455928913}},{"hashValue":"c6ee84c7c2b3c367f1d8217a3ddd553b","name":"Index.ets","path":"/Users/jepson/Desktop/Harmony/projects/Part4Demo/entry/src/main/ets/随堂代码/08-路由pages/Index.ets","type":"file","isSymbolicLink":false,"fileMetaData":{"size":946,"lastModifiedTime":1716457195379}},{"hashValue":"de39b47ee37dd476f8d2f224550de183","name":"LoginPage.ets","path":"/Users/jepson/Desktop/Harmony/projects/Part4Demo/entry/src/main/ets/随堂代码/08-路由pages/LoginPage.ets","type":"file","isSymbolicLink":false,"fileMetaData":{"size":665,"lastModifiedTime":1716456841519}}]},{"hashValue":"45d65be966cbe0d224a2e23bc419caf4","name":"09-生命周期-pages","path":"/Users/jepson/Desktop/Harmony/projects/Part4Demo/entry/src/main/ets/随堂代码/09-生命周期-pages","type":"directory","isSymbolicLink":false,"children":[{"hashValue":"bf67a81af4d77976e8269c8ce1afcc13","name":"Index.ets","path":"/Users/jepson/Desktop/Harmony/projects/Part4Demo/entry/src/main/ets/随堂代码/09-生命周期-pages/Index.ets","type":"file","isSymbolicLink":false,"fileMetaData":{"size":955,"lastModifiedTime":1716522906649}},{"hashValue":"ba8c51ce63e73c718662a032acc0660c","name":"LoginPage.ets","path":"/Users/jepson/Desktop/Harmony/projects/Part4Demo/entry/src/main/ets/随堂代码/09-生命周期-pages/LoginPage.ets","type":"file","isSymbolicLink":false,"fileMetaData":{"size":986,"lastModifiedTime":1716523105472}}]}]}]},"/Users/jepson/Desktop/Harmony/projects/Part4Demo/entry/build/default/intermediates/hap_metadata/default/output_metadata.json":{"hashValue":"fd4f4b734bf2b4718a117f53b78818a9","name":"output_metadata.json","path":"/Users/jepson/Desktop/Harmony/projects/Part4Demo/entry/build/default/intermediates/hap_metadata/default/output_metadata.json","type":"file","isSymbolicLink":false,"fileMetaData":{"size":100,"lastModifiedTime":1716797231528}},"/Users/jepson/Desktop/Harmony/projects/Part4Demo/entry/build/default/generated/profile/default/BuildProfile.ets":{"hashValue":"6b58ca85d4a77739a339a7741e03ca43","name":"BuildProfile.ets","path":"/Users/jepson/Desktop/Harmony/projects/Part4Demo/entry/build/default/generated/profile/default/BuildProfile.ets","type":"file","isSymbolicLink":false,"fileMetaData":{"size":374,"lastModifiedTime":1716795909520}},"/Users/jepson/Desktop/Harmony/projects/Part4Demo/entry/build/default/intermediates/merge_profile/default/module.json":{"hashValue":"5584abfc503cdd364fbe952ffe5e4213","name":"module.json","path":"/Users/jepson/Desktop/Harmony/projects/Part4Demo/entry/build/default/intermediates/merge_profile/default/module.json","type":"file","isSymbolicLink":false,"fileMetaData":{"size":1487,"lastModifiedTime":1716797231533}},"/Users/jepson/Desktop/Harmony/projects/Part4Demo/entry/build/default/intermediates/loader/default/loader.json":{"hashValue":"9730fac77a41fa2c54ff8e461b92dc9c","name":"loader.json","path":"/Users/jepson/Desktop/Harmony/projects/Part4Demo/entry/build/default/intermediates/loader/default/loader.json","type":"file","isSymbolicLink":false,"fileMetaData":{"size":655,"lastModifiedTime":1716795909583}},"/Users/jepson/Desktop/Harmony/harmony_sdk/HarmonyOS-NEXT-DP2/base/toolchains/syscap_tool":{"hashValue":"08ecceb85770a7b7009feed64bb730e1","name":"syscap_tool","path":"/Users/jepson/Desktop/Harmony/harmony_sdk/HarmonyOS-NEXT-DP2/base/toolchains/syscap_tool","type":"file","isSymbolicLink":false,"fileMetaData":{"size":388192,"lastModifiedTime":1710427914000}},"/Users/jepson/Desktop/Harmony/harmony_sdk/HarmonyOS-NEXT-DP2/base/ets/api/device-define":{"hashValue":"377895a91316283543229774f4eb363c","name":"device-define","path":"/Users/jepson/Desktop/Harmony/harmony_sdk/HarmonyOS-NEXT-DP2/base/ets/api/device-define","type":"directory","isSymbolicLink":false,"children":[{"hashValue":"8e9459aefd8ab7c0c1a7e367333c5b26","name":"default.json","path":"/Users/jepson/Desktop/Harmony/harmony_sdk/HarmonyOS-NEXT-DP2/base/ets/api/device-define/default.json","type":"file","isSymbolicLink":false,"fileMetaData":{"size":11040,"lastModifiedTime":978278400000}},{"hashValue":"ca0fae13a93136ee75a1fe3585788f42","name":"liteWearable.json","path":"/Users/jepson/Desktop/Harmony/harmony_sdk/HarmonyOS-NEXT-DP2/base/ets/api/device-define/liteWearable.json","type":"file","isSymbolicLink":false,"fileMetaData":{"size":669,"lastModifiedTime":978278400000}},{"hashValue":"69da60e123880e660b22facecfdfce85","name":"tablet.json","path":"/Users/jepson/Desktop/Harmony/harmony_sdk/HarmonyOS-NEXT-DP2/base/ets/api/device-define/tablet.json","type":"file","isSymbolicLink":false,"fileMetaData":{"size":10620,"lastModifiedTime":978278400000}}]},"/Users/jepson/Desktop/Harmony/projects/Part4Demo/entry/build/default/outputs/default/pack.info":{"hashValue":"6954cbeb26689d7945133f5394a5e368","name":"pack.info","path":"/Users/jepson/Desktop/Harmony/projects/Part4Demo/entry/build/default/outputs/default/pack.info","type":"file","isSymbolicLink":false,"fileMetaData":{"size":631,"lastModifiedTime":1716797231542}},"/Users/jepson/Desktop/Harmony/projects/Part4Demo/entry/build/default/intermediates/process_profile/default/module.json":{"hashValue":"770d3024398bca03aee48711c292954f","name":"module.json","path":"/Users/jepson/Desktop/Harmony/projects/Part4Demo/entry/build/default/intermediates/process_profile/default/module.json","type":"file","isSymbolicLink":false,"fileMetaData":{"size":1573,"lastModifiedTime":1716797231591}},"/Users/jepson/Desktop/Harmony/projects/Part4Demo/entry/build/default/intermediates/res/default/resConfig.json":{"hashValue":"1b382dc1f08dc4b02961f2d3b79ffc3b","name":"resConfig.json","path":"/Users/jepson/Desktop/Harmony/projects/Part4Demo/entry/build/default/intermediates/res/default/resConfig.json","type":"file","isSymbolicLink":false,"fileMetaData":{"size":906,"lastModifiedTime":1716543346314}},"/Users/jepson/Desktop/Harmony/projects/Part4Demo/entry/build/default/intermediates/libs/default":{"hashValue":"","name":"default","path":"/Users/jepson/Desktop/Harmony/projects/Part4Demo/entry/build/default/intermediates/libs/default","type":"directory","isSymbolicLink":false,"children":[]},"/Users/jepson/Desktop/Harmony/projects/Part4Demo/AppScope/resources":{"hashValue":"ba3664f776979715c3bcb30bcca40f06","name":"resources","path":"/Users/jepson/Desktop/Harmony/projects/Part4Demo/AppScope/resources","type":"directory","isSymbolicLink":false,"children":[{"hashValue":"28fc902cf62b793607b302c2d25d9d3c","name":"base","path":"/Users/jepson/Desktop/Harmony/projects/Part4Demo/AppScope/resources/base","type":"directory","isSymbolicLink":false,"children":[{"hashValue":"0bfabd64a7262832aac98ebd001791f6","name":"element","path":"/Users/jepson/Desktop/Harmony/projects/Part4Demo/AppScope/resources/base/element","type":"directory","isSymbolicLink":false,"children":[{"hashValue":"47c51df972eb063e48dfc3f5735b1b01","name":"string.json","path":"/Users/jepson/Desktop/Harmony/projects/Part4Demo/AppScope/resources/base/element/string.json","type":"file","isSymbolicLink":false,"fileMetaData":{"size":84,"lastModifiedTime":1716536246223}}]},{"hashValue":"ebbe0bce6067cb6f23e31e7a6116d49c","name":"media","path":"/Users/jepson/Desktop/Harmony/projects/Part4Demo/AppScope/resources/base/media","type":"directory","isSymbolicLink":false,"children":[{"hashValue":"2e3abba4d54cb38b54906d213949a627","name":"app_icon.png","path":"/Users/jepson/Desktop/Harmony/projects/Part4Demo/AppScope/resources/base/media/app_icon.png","type":"file","isSymbolicLink":false,"fileMetaData":{"size":2777,"lastModifiedTime":1716366654838}},{"hashValue":"cdb9c12162c3628167b9c306b64395de","name":"wechat.png","path":"/Users/jepson/Desktop/Harmony/projects/Part4Demo/AppScope/resources/base/media/wechat.png","type":"file","isSymbolicLink":false,"fileMetaData":{"size":33160,"lastModifiedTime":1716535081802}}]}]}]},"/Users/jepson/Desktop/Harmony/projects/Part4Demo/entry/build/default/intermediates/res/default":{"hashValue":"d3d893e9981b24d5befcb354d729792f","name":"default","path":"/Users/jepson/Desktop/Harmony/projects/Part4Demo/entry/build/default/intermediates/res/default","type":"directory","isSymbolicLink":false,"children":[{"hashValue":"004478768cc5029a7ac880b780726685","name":"ids_map","path":"/Users/jepson/Desktop/Harmony/projects/Part4Demo/entry/build/default/intermediates/res/default/ids_map","type":"directory","isSymbolicLink":false,"children":[{"hashValue":"bd049ffbc4186bad9508be1856ee7407","name":"id_defined.json","path":"/Users/jepson/Desktop/Harmony/projects/Part4Demo/entry/build/default/intermediates/res/default/ids_map/id_defined.json","type":"file","isSymbolicLink":false,"fileMetaData":{"size":1835,"lastModifiedTime":1716797231621}}]},{"hashValue":"a7a8a68c5d995769058c3e2529c76dea","name":"module.json","path":"/Users/jepson/Desktop/Harmony/projects/Part4Demo/entry/build/default/intermediates/res/default/module.json","type":"file","isSymbolicLink":false,"fileMetaData":{"size":2834,"lastModifiedTime":1716797231620}},{"hashValue":"1b382dc1f08dc4b02961f2d3b79ffc3b","name":"resConfig.json","path":"/Users/jepson/Desktop/Harmony/projects/Part4Demo/entry/build/default/intermediates/res/default/resConfig.json","type":"file","isSymbolicLink":false,"fileMetaData":{"size":906,"lastModifiedTime":1716543346314}},{"hashValue":"c260fb52ec41d6d2f1a32e007df9e9f6","name":"resources","path":"/Users/jepson/Desktop/Harmony/projects/Part4Demo/entry/build/default/intermediates/res/default/resources","type":"directory","isSymbolicLink":false,"children":[{"hashValue":"64d498600c782d1f9cf791a064dae24e","name":"base","path":"/Users/jepson/Desktop/Harmony/projects/Part4Demo/entry/build/default/intermediates/res/default/resources/base","type":"directory","isSymbolicLink":false,"children":[{"hashValue":"473d221fb39946cde98f42acf96a9b2d","name":"media","path":"/Users/jepson/Desktop/Harmony/projects/Part4Demo/entry/build/default/intermediates/res/default/resources/base/media","type":"directory","isSymbolicLink":false,"children":[{"hashValue":"de33aadb4248ba85b924a860032d9c86","name":"app_icon.png","path":"/Users/jepson/Desktop/Harmony/projects/Part4Demo/entry/build/default/intermediates/res/default/resources/base/media/app_icon.png","type":"file","isSymbolicLink":false,"fileMetaData":{"size":2777,"lastModifiedTime":1716797231615}},{"hashValue":"3511641d72b505ead7f9fa63ce54e2ef","name":"background.png","path":"/Users/jepson/Desktop/Harmony/projects/Part4Demo/entry/build/default/intermediates/res/default/resources/base/media/background.png","type":"file","isSymbolicLink":false,"fileMetaData":{"size":57364,"lastModifiedTime":1716797231618}},{"hashValue":"e9e6ecf893158c5fc8b392170192c110","name":"cai.jpg","path":"/Users/jepson/Desktop/Harmony/projects/Part4Demo/entry/build/default/intermediates/res/default/resources/base/media/cai.jpg","type":"file","isSymbolicLink":false,"fileMetaData":{"size":20240,"lastModifiedTime":1716797231618}},{"hashValue":"3f425484d322fb1f1775c3f5e4b6b142","name":"foreground.png","path":"/Users/jepson/Desktop/Harmony/projects/Part4Demo/entry/build/default/intermediates/res/default/resources/base/media/foreground.png","type":"file","isSymbolicLink":false,"fileMetaData":{"size":12430,"lastModifiedTime":1716797231619}},{"hashValue":"429a03a806894701139fc8a2cd5fadc9","name":"layered_image.json","path":"/Users/jepson/Desktop/Harmony/projects/Part4Demo/entry/build/default/intermediates/res/default/resources/base/media/layered_image.json","type":"file","isSymbolicLink":false,"fileMetaData":{"size":121,"lastModifiedTime":1716797231620}},{"hashValue":"4c645f8020271fe29f66ec55e61c17f2","name":"startIcon.png","path":"/Users/jepson/Desktop/Harmony/projects/Part4Demo/entry/build/default/intermediates/res/default/resources/base/media/startIcon.png","type":"file","isSymbolicLink":false,"fileMetaData":{"size":20093,"lastModifiedTime":1716797231619}},{"hashValue":"edcc200ece504ad5af85a271cb2d4af0","name":"wechat.png","path":"/Users/jepson/Desktop/Harmony/projects/Part4Demo/entry/build/default/intermediates/res/default/resources/base/media/wechat.png","type":"file","isSymbolicLink":false,"fileMetaData":{"size":33160,"lastModifiedTime":1716797231616}}]},{"hashValue":"745d4424083199a662b15f954782b6df","name":"profile","path":"/Users/jepson/Desktop/Harmony/projects/Part4Demo/entry/build/default/intermediates/res/default/resources/base/profile","type":"directory","isSymbolicLink":false,"children":[{"hashValue":"0250321ecfeafeb50c012ca15204291b","name":"main_pages.json","path":"/Users/jepson/Desktop/Harmony/projects/Part4Demo/entry/build/default/intermediates/res/default/resources/base/profile/main_pages.json","type":"file","isSymbolicLink":false,"fileMetaData":{"size":80,"lastModifiedTime":1716797231620}}]}]},{"hashValue":"","name":"rawfile","path":"/Users/jepson/Desktop/Harmony/projects/Part4Demo/entry/build/default/intermediates/res/default/resources/rawfile","type":"directory","isSymbolicLink":false,"children":[]}]},{"hashValue":"92220c06b2aef698df219dbad6211e4f","name":"resources.index","path":"/Users/jepson/Desktop/Harmony/projects/Part4Demo/entry/build/default/intermediates/res/default/resources.index","type":"file","isSymbolicLink":false,"fileMetaData":{"size":1694,"lastModifiedTime":1716797231621}},{"hashValue":"ae06b6fce84eb89e39fec0d07131b672","name":"ResourceTable.txt","path":"/Users/jepson/Desktop/Harmony/projects/Part4Demo/entry/build/default/intermediates/res/default/ResourceTable.txt","type":"file","isSymbolicLink":false,"fileMetaData":{"size":454,"lastModifiedTime":1716797231620}}]},"/Users/jepson/Desktop/Harmony/projects/Part4Demo/entry/build/default/generated/r/default/ResourceTable.h":{"hashValue":"1e033ce8418b373fc7320c8ba99caf35","name":"ResourceTable.h","path":"/Users/jepson/Desktop/Harmony/projects/Part4Demo/entry/build/default/generated/r/default/ResourceTable.h","type":"file","isSymbolicLink":false,"fileMetaData":{"size":1415,"lastModifiedTime":1716797231620}},"/Users/jepson/Desktop/Harmony/projects/Part4Demo/entry/build/default/generated/r/default":{"hashValue":"2212e6a7100458601235ea07fa2e8df1","name":"default","path":"/Users/jepson/Desktop/Harmony/projects/Part4Demo/entry/build/default/generated/r/default","type":"directory","isSymbolicLink":false,"children":[{"hashValue":"1e033ce8418b373fc7320c8ba99caf35","name":"ResourceTable.h","path":"/Users/jepson/Desktop/Harmony/projects/Part4Demo/entry/build/default/generated/r/default/ResourceTable.h","type":"file","isSymbolicLink":false,"fileMetaData":{"size":1415,"lastModifiedTime":1716797231620}}]},"/Users/jepson/Desktop/Harmony/projects/Part4Demo/entry/build/default/intermediates/stripped_native_libs/default":{"hashValue":"","name":"default","path":"/Users/jepson/Desktop/Harmony/projects/Part4Demo/entry/build/default/intermediates/stripped_native_libs/default","type":"directory","isSymbolicLink":false,"children":[]},"/Users/jepson/Desktop/Harmony/projects/Part4Demo/entry/build/default/intermediates/loader/default":{"hashValue":"32884445ab1e7c9a5db5a3b789ddd500","name":"default","path":"/Users/jepson/Desktop/Harmony/projects/Part4Demo/entry/build/default/intermediates/loader/default","type":"directory","isSymbolicLink":false,"children":[{"hashValue":"9730fac77a41fa2c54ff8e461b92dc9c","name":"loader.json","path":"/Users/jepson/Desktop/Harmony/projects/Part4Demo/entry/build/default/intermediates/loader/default/loader.json","type":"file","isSymbolicLink":false,"fileMetaData":{"size":655,"lastModifiedTime":1716795909583}}]},"/Users/jepson/Desktop/Harmony/projects/Part4Demo/entry/build/default/intermediates/res/default/resources/rawfile":{"hashValue":"","name":"rawfile","path":"/Users/jepson/Desktop/Harmony/projects/Part4Demo/entry/build/default/intermediates/res/default/resources/rawfile","type":"directory","isSymbolicLink":false,"children":[]},"/Users/jepson/Desktop/Harmony/projects/Part4Demo/entry/build/default/intermediates/res/default/ResourceTable.txt":{"hashValue":"ae06b6fce84eb89e39fec0d07131b672","name":"ResourceTable.txt","path":"/Users/jepson/Desktop/Harmony/projects/Part4Demo/entry/build/default/intermediates/res/default/ResourceTable.txt","type":"file","isSymbolicLink":false,"fileMetaData":{"size":454,"lastModifiedTime":1716797231620}},"/Users/jepson/Desktop/Harmony/projects/Part4Demo/entry/build/default/intermediates/res/default/module.json":{"hashValue":"a7a8a68c5d995769058c3e2529c76dea","name":"module.json","path":"/Users/jepson/Desktop/Harmony/projects/Part4Demo/entry/build/default/intermediates/res/default/module.json","type":"file","isSymbolicLink":false,"fileMetaData":{"size":2834,"lastModifiedTime":1716797231620}},"/Users/jepson/Desktop/Harmony/projects/Part4Demo/entry/build/default/intermediates/res/default/resources/base/profile":{"hashValue":"745d4424083199a662b15f954782b6df","name":"profile","path":"/Users/jepson/Desktop/Harmony/projects/Part4Demo/entry/build/default/intermediates/res/default/resources/base/profile","type":"directory","isSymbolicLink":false,"children":[{"hashValue":"0250321ecfeafeb50c012ca15204291b","name":"main_pages.json","path":"/Users/jepson/Desktop/Harmony/projects/Part4Demo/entry/build/default/intermediates/res/default/resources/base/profile/main_pages.json","type":"file","isSymbolicLink":false,"fileMetaData":{"size":80,"lastModifiedTime":1716797231620}}]},"/Users/jepson/Desktop/Harmony/projects/Part4Demo/entry/build/default/intermediates/loader_out/default/ets":{"hashValue":"1a55439f9a3223051b3ae412aafb6ab4","name":"ets","path":"/Users/jepson/Desktop/Harmony/projects/Part4Demo/entry/build/default/intermediates/loader_out/default/ets","type":"directory","isSymbolicLink":false,"children":[{"hashValue":"00d333e48507c6b247630856ce417830","name":"modules.abc","path":"/Users/jepson/Desktop/Harmony/projects/Part4Demo/entry/build/default/intermediates/loader_out/default/ets/modules.abc","type":"file","isSymbolicLink":false,"fileMetaData":{"size":41804,"lastModifiedTime":1716800535964}},{"hashValue":"bb1bedef563ed51b94cb2d0504cfb4ba","name":"sourceMaps.map","path":"/Users/jepson/Desktop/Harmony/projects/Part4Demo/entry/build/default/intermediates/loader_out/default/ets/sourceMaps.map","type":"file","isSymbolicLink":false,"fileMetaData":{"size":5938,"lastModifiedTime":1716800535946}}]},"/Users/jepson/Desktop/Harmony/projects/Part4Demo/entry/build/default/intermediates/patch/default/base_native_libs.json":{"hashValue":"2829c9e427f9264b77e6e288dc8e32ce","name":"base_native_libs.json","path":"/Users/jepson/Desktop/Harmony/projects/Part4Demo/entry/build/default/intermediates/patch/default/base_native_libs.json","type":"file","isSymbolicLink":false,"fileMetaData":{"size":25,"lastModifiedTime":1716534335774}},"/Users/jepson/Desktop/Harmony/projects/Part4Demo/entry/build/default/intermediates/res/default/resources":{"hashValue":"c260fb52ec41d6d2f1a32e007df9e9f6","name":"resources","path":"/Users/jepson/Desktop/Harmony/projects/Part4Demo/entry/build/default/intermediates/res/default/resources","type":"directory","isSymbolicLink":false,"children":[{"hashValue":"64d498600c782d1f9cf791a064dae24e","name":"base","path":"/Users/jepson/Desktop/Harmony/projects/Part4Demo/entry/build/default/intermediates/res/default/resources/base","type":"directory","isSymbolicLink":false,"children":[{"hashValue":"473d221fb39946cde98f42acf96a9b2d","name":"media","path":"/Users/jepson/Desktop/Harmony/projects/Part4Demo/entry/build/default/intermediates/res/default/resources/base/media","type":"directory","isSymbolicLink":false,"children":[{"hashValue":"de33aadb4248ba85b924a860032d9c86","name":"app_icon.png","path":"/Users/jepson/Desktop/Harmony/projects/Part4Demo/entry/build/default/intermediates/res/default/resources/base/media/app_icon.png","type":"file","isSymbolicLink":false,"fileMetaData":{"size":2777,"lastModifiedTime":1716797231615}},{"hashValue":"3511641d72b505ead7f9fa63ce54e2ef","name":"background.png","path":"/Users/jepson/Desktop/Harmony/projects/Part4Demo/entry/build/default/intermediates/res/default/resources/base/media/background.png","type":"file","isSymbolicLink":false,"fileMetaData":{"size":57364,"lastModifiedTime":1716797231618}},{"hashValue":"e9e6ecf893158c5fc8b392170192c110","name":"cai.jpg","path":"/Users/jepson/Desktop/Harmony/projects/Part4Demo/entry/build/default/intermediates/res/default/resources/base/media/cai.jpg","type":"file","isSymbolicLink":false,"fileMetaData":{"size":20240,"lastModifiedTime":1716797231618}},{"hashValue":"3f425484d322fb1f1775c3f5e4b6b142","name":"foreground.png","path":"/Users/jepson/Desktop/Harmony/projects/Part4Demo/entry/build/default/intermediates/res/default/resources/base/media/foreground.png","type":"file","isSymbolicLink":false,"fileMetaData":{"size":12430,"lastModifiedTime":1716797231619}},{"hashValue":"429a03a806894701139fc8a2cd5fadc9","name":"layered_image.json","path":"/Users/jepson/Desktop/Harmony/projects/Part4Demo/entry/build/default/intermediates/res/default/resources/base/media/layered_image.json","type":"file","isSymbolicLink":false,"fileMetaData":{"size":121,"lastModifiedTime":1716797231620}},{"hashValue":"4c645f8020271fe29f66ec55e61c17f2","name":"startIcon.png","path":"/Users/jepson/Desktop/Harmony/projects/Part4Demo/entry/build/default/intermediates/res/default/resources/base/media/startIcon.png","type":"file","isSymbolicLink":false,"fileMetaData":{"size":20093,"lastModifiedTime":1716797231619}},{"hashValue":"edcc200ece504ad5af85a271cb2d4af0","name":"wechat.png","path":"/Users/jepson/Desktop/Harmony/projects/Part4Demo/entry/build/default/intermediates/res/default/resources/base/media/wechat.png","type":"file","isSymbolicLink":false,"fileMetaData":{"size":33160,"lastModifiedTime":1716797231616}}]},{"hashValue":"745d4424083199a662b15f954782b6df","name":"profile","path":"/Users/jepson/Desktop/Harmony/projects/Part4Demo/entry/build/default/intermediates/res/default/resources/base/profile","type":"directory","isSymbolicLink":false,"children":[{"hashValue":"0250321ecfeafeb50c012ca15204291b","name":"main_pages.json","path":"/Users/jepson/Desktop/Harmony/projects/Part4Demo/entry/build/default/intermediates/res/default/resources/base/profile/main_pages.json","type":"file","isSymbolicLink":false,"fileMetaData":{"size":80,"lastModifiedTime":1716797231620}}]}]},{"hashValue":"","name":"rawfile","path":"/Users/jepson/Desktop/Harmony/projects/Part4Demo/entry/build/default/intermediates/res/default/resources/rawfile","type":"directory","isSymbolicLink":false,"children":[]}]},"/Users/jepson/Desktop/Harmony/projects/Part4Demo/entry/build/default/intermediates/res/default/resources.index":{"hashValue":"92220c06b2aef698df219dbad6211e4f","name":"resources.index","path":"/Users/jepson/Desktop/Harmony/projects/Part4Demo/entry/build/default/intermediates/res/default/resources.index","type":"file","isSymbolicLink":false,"fileMetaData":{"size":1694,"lastModifiedTime":1716797231621}},"/Users/jepson/Desktop/Harmony/projects/Part4Demo/entry/build/default/outputs/default/entry-default-unsigned.hap":{"hashValue":"ed93e082dc68f80b86a7f572cb90763b","name":"entry-default-unsigned.hap","path":"/Users/jepson/Desktop/Harmony/projects/Part4Demo/entry/build/default/outputs/default/entry-default-unsigned.hap","type":"file","isSymbolicLink":false,"fileMetaData":{"size":199944,"lastModifiedTime":1716800536159}},"/Users/jepson/Desktop/Harmony/projects/Part4Demo/TestModule/src/main/module.json5":{"hashValue":"e9339465a8d801eaaf9a2fe90dc600cc","name":"module.json5","path":"/Users/jepson/Desktop/Harmony/projects/Part4Demo/TestModule/src/main/module.json5","type":"file","isSymbolicLink":false,"fileMetaData":{"size":759,"lastModifiedTime":1716800139258}},"/Users/jepson/Desktop/Harmony/projects/Part4Demo/TestModule/build-profile.json5":{"hashValue":"9d24ada37005a633c864aa2e7677dab7","name":"build-profile.json5","path":"/Users/jepson/Desktop/Harmony/projects/Part4Demo/TestModule/build-profile.json5","type":"file","isSymbolicLink":false,"fileMetaData":{"size":421,"lastModifiedTime":1716543282361}},"/Users/jepson/Desktop/Harmony/projects/Part4Demo/TestModule/src/main/resources/base/profile/main_pages.json":{"hashValue":"b4c8a447fe2499b5fe22762762303d24","name":"main_pages.json","path":"/Users/jepson/Desktop/Harmony/projects/Part4Demo/TestModule/src/main/resources/base/profile/main_pages.json","type":"file","isSymbolicLink":false,"fileMetaData":{"size":37,"lastModifiedTime":1716543282244}},"/Users/jepson/Desktop/Harmony/projects/Part4Demo/TestModule/oh-package.json5":{"hashValue":"2403e65106561ec24ba044881c888330","name":"oh-package.json5","path":"/Users/jepson/Desktop/Harmony/projects/Part4Demo/TestModule/oh-package.json5","type":"file","isSymbolicLink":false,"fileMetaData":{"size":178,"lastModifiedTime":1716543282081}},"/Users/jepson/Desktop/Harmony/projects/Part4Demo/TestModule/build/default/intermediates/hap_metadata/default/output_metadata.json":{"hashValue":"8f3fa7356d91963670ca5dbce695db98","name":"output_metadata.json","path":"/Users/jepson/Desktop/Harmony/projects/Part4Demo/TestModule/build/default/intermediates/hap_metadata/default/output_metadata.json","type":"file","isSymbolicLink":false,"fileMetaData":{"size":105,"lastModifiedTime":1716800352132}},"/Users/jepson/Desktop/Harmony/projects/Part4Demo/TestModule/build/default/generated/profile/default/BuildProfile.ets":{"hashValue":"41a7744cf08eecf6beb99de920f2ddfb","name":"BuildProfile.ets","path":"/Users/jepson/Desktop/Harmony/projects/Part4Demo/TestModule/build/default/generated/profile/default/BuildProfile.ets","type":"file","isSymbolicLink":false,"fileMetaData":{"size":374,"lastModifiedTime":1716543327851}},"/Users/jepson/Desktop/Harmony/projects/Part4Demo/TestModule/build/default/intermediates/merge_profile/default/module.json":{"hashValue":"aa4e47bd041241cb43cef68ebfd4d54a","name":"module.json","path":"/Users/jepson/Desktop/Harmony/projects/Part4Demo/TestModule/build/default/intermediates/merge_profile/default/module.json","type":"file","isSymbolicLink":false,"fileMetaData":{"size":1076,"lastModifiedTime":1716800352136}},"/Users/jepson/Desktop/Harmony/projects/Part4Demo/TestModule/build/default/intermediates/loader/default/loader.json":{"hashValue":"c724a94d751ab974f28f4b87849fd4e3","name":"loader.json","path":"/Users/jepson/Desktop/Harmony/projects/Part4Demo/TestModule/build/default/intermediates/loader/default/loader.json","type":"file","isSymbolicLink":false,"fileMetaData":{"size":670,"lastModifiedTime":1716543327915}},"/Users/jepson/Desktop/Harmony/projects/Part4Demo/TestModule/build/default/outputs/default/pack.info":{"hashValue":"ca5185162db28ce043c2a2d14e3f728d","name":"pack.info","path":"/Users/jepson/Desktop/Harmony/projects/Part4Demo/TestModule/build/default/outputs/default/pack.info","type":"file","isSymbolicLink":false,"fileMetaData":{"size":603,"lastModifiedTime":1716800352143}},"/Users/jepson/Desktop/Harmony/projects/Part4Demo/TestModule/build/default/intermediates/process_profile/default/module.json":{"hashValue":"aabc2494c2adfb590f5566cf03cdf139","name":"module.json","path":"/Users/jepson/Desktop/Harmony/projects/Part4Demo/TestModule/build/default/intermediates/process_profile/default/module.json","type":"file","isSymbolicLink":false,"fileMetaData":{"size":1162,"lastModifiedTime":1716800352194}},"/Users/jepson/Desktop/Harmony/projects/Part4Demo/TestModule/src/mock/mock-config.json5":{"hashValue":"b14a24c45594489dce3a85a5ceab0254","name":"mock-config.json5","path":"/Users/jepson/Desktop/Harmony/projects/Part4Demo/TestModule/src/mock/mock-config.json5","type":"file","isSymbolicLink":false,"fileMetaData":{"size":3,"lastModifiedTime":1716543282195}},"/Users/jepson/Desktop/Harmony/projects/Part4Demo/TestModule/build/default/intermediates/res/default/resConfig.json":{"hashValue":"12f9030b31897db6aa267da03a7e7452","name":"resConfig.json","path":"/Users/jepson/Desktop/Harmony/projects/Part4Demo/TestModule/build/default/intermediates/res/default/resConfig.json","type":"file","isSymbolicLink":false,"fileMetaData":{"size":936,"lastModifiedTime":1716543327920}},"/Users/jepson/Desktop/Harmony/projects/Part4Demo/TestModule/build/default/intermediates/libs/default":{"hashValue":"","name":"default","path":"/Users/jepson/Desktop/Harmony/projects/Part4Demo/TestModule/build/default/intermediates/libs/default","type":"directory","isSymbolicLink":false,"children":[]},"/Users/jepson/Desktop/Harmony/projects/Part4Demo/TestModule/src/main/resources":{"hashValue":"215e01f7eb128ccbae7dbeca606c4da2","name":"resources","path":"/Users/jepson/Desktop/Harmony/projects/Part4Demo/TestModule/src/main/resources","type":"directory","isSymbolicLink":false,"children":[{"hashValue":"1afa5e2937a6a80f52d2015335a9054c","name":"base","path":"/Users/jepson/Desktop/Harmony/projects/Part4Demo/TestModule/src/main/resources/base","type":"directory","isSymbolicLink":false,"children":[{"hashValue":"4b5a5b58ac320e1ebbbb2e9d4eb1f92f","name":"element","path":"/Users/jepson/Desktop/Harmony/projects/Part4Demo/TestModule/src/main/resources/base/element","type":"directory","isSymbolicLink":false,"children":[{"hashValue":"e11f9a74196e9eb29ba267ccf01a26b6","name":"color.json","path":"/Users/jepson/Desktop/Harmony/projects/Part4Demo/TestModule/src/main/resources/base/element/color.json","type":"file","isSymbolicLink":false,"fileMetaData":{"size":98,"lastModifiedTime":1716543282216}},{"hashValue":"d845c8317e86698dac42eca92711382e","name":"string.json","path":"/Users/jepson/Desktop/Harmony/projects/Part4Demo/TestModule/src/main/resources/base/element/string.json","type":"file","isSymbolicLink":false,"fileMetaData":{"size":257,"lastModifiedTime":1716543282357}}]},{"hashValue":"cf4b7e196cb41bc236dbf5a86f06b737","name":"media","path":"/Users/jepson/Desktop/Harmony/projects/Part4Demo/TestModule/src/main/resources/base/media","type":"directory","isSymbolicLink":false,"children":[{"hashValue":"8aaf6c22e3ed3844a14e05328e8aef3a","name":"background.png","path":"/Users/jepson/Desktop/Harmony/projects/Part4Demo/TestModule/src/main/resources/base/media/background.png","type":"file","isSymbolicLink":false,"fileMetaData":{"size":57364,"lastModifiedTime":1716543282221}},{"hashValue":"9b115c6adcd018a3fef66acf6eb42cbd","name":"foreground.png","path":"/Users/jepson/Desktop/Harmony/projects/Part4Demo/TestModule/src/main/resources/base/media/foreground.png","type":"file","isSymbolicLink":false,"fileMetaData":{"size":12430,"lastModifiedTime":1716543282225}},{"hashValue":"ff28f1b8c2c365fa844aac5bbd521c51","name":"layered_image.json","path":"/Users/jepson/Desktop/Harmony/projects/Part4Demo/TestModule/src/main/resources/base/media/layered_image.json","type":"file","isSymbolicLink":false,"fileMetaData":{"size":109,"lastModifiedTime":1716543282229}},{"hashValue":"08d161c4f0c0dcb71e94eaf54f90d720","name":"startIcon.png","path":"/Users/jepson/Desktop/Harmony/projects/Part4Demo/TestModule/src/main/resources/base/media/startIcon.png","type":"file","isSymbolicLink":false,"fileMetaData":{"size":20093,"lastModifiedTime":1716543282235}},{"hashValue":"7ccbac0bc9cf010da47fc8b8049c33be","name":"wegame.jpeg","path":"/Users/jepson/Desktop/Harmony/projects/Part4Demo/TestModule/src/main/resources/base/media/wegame.jpeg","type":"file","isSymbolicLink":false,"fileMetaData":{"size":24040,"lastModifiedTime":1716540596039}}]},{"hashValue":"40e794989ec055e7d4bb400d71c36cc1","name":"profile","path":"/Users/jepson/Desktop/Harmony/projects/Part4Demo/TestModule/src/main/resources/base/profile","type":"directory","isSymbolicLink":false,"children":[{"hashValue":"b4c8a447fe2499b5fe22762762303d24","name":"main_pages.json","path":"/Users/jepson/Desktop/Harmony/projects/Part4Demo/TestModule/src/main/resources/base/profile/main_pages.json","type":"file","isSymbolicLink":false,"fileMetaData":{"size":37,"lastModifiedTime":1716543282244}}]}]},{"hashValue":"3d7986fde4cac90d705eda850eb1426f","name":"en_US","path":"/Users/jepson/Desktop/Harmony/projects/Part4Demo/TestModule/src/main/resources/en_US","type":"directory","isSymbolicLink":false,"children":[{"hashValue":"5b6258f2c158452c98ff418b37507034","name":"element","path":"/Users/jepson/Desktop/Harmony/projects/Part4Demo/TestModule/src/main/resources/en_US/element","type":"directory","isSymbolicLink":false,"children":[{"hashValue":"f63a14534e37ada543926e3d32d03721","name":"string.json","path":"/Users/jepson/Desktop/Harmony/projects/Part4Demo/TestModule/src/main/resources/en_US/element/string.json","type":"file","isSymbolicLink":false,"fileMetaData":{"size":257,"lastModifiedTime":1716800159741}}]}]},{"hashValue":"","name":"rawfile","path":"/Users/jepson/Desktop/Harmony/projects/Part4Demo/TestModule/src/main/resources/rawfile","type":"directory","isSymbolicLink":false,"children":[]},{"hashValue":"3a66863d2fecc746c7b6777fb262258f","name":"zh_CN","path":"/Users/jepson/Desktop/Harmony/projects/Part4Demo/TestModule/src/main/resources/zh_CN","type":"directory","isSymbolicLink":false,"children":[{"hashValue":"5218a2792e801e31d36f6dea3fd19506","name":"element","path":"/Users/jepson/Desktop/Harmony/projects/Part4Demo/TestModule/src/main/resources/zh_CN/element","type":"directory","isSymbolicLink":false,"children":[{"hashValue":"c43b5a3cc90c97ad257b93f45462566e","name":"string.json","path":"/Users/jepson/Desktop/Harmony/projects/Part4Demo/TestModule/src/main/resources/zh_CN/element/string.json","type":"file","isSymbolicLink":false,"fileMetaData":{"size":251,"lastModifiedTime":1716800159744}}]}]}]},"/Users/jepson/Desktop/Harmony/projects/Part4Demo/TestModule/build/default/intermediates/res/default":{"hashValue":"bd2ef50972c25680c6b040589006bd70","name":"default","path":"/Users/jepson/Desktop/Harmony/projects/Part4Demo/TestModule/build/default/intermediates/res/default","type":"directory","isSymbolicLink":false,"children":[{"hashValue":"532eace1fc89f004165ab5d1305dbe86","name":"ids_map","path":"/Users/jepson/Desktop/Harmony/projects/Part4Demo/TestModule/build/default/intermediates/res/default/ids_map","type":"directory","isSymbolicLink":false,"children":[{"hashValue":"4655eb9f3520c5e20138196fed9f427d","name":"id_defined.json","path":"/Users/jepson/Desktop/Harmony/projects/Part4Demo/TestModule/build/default/intermediates/res/default/ids_map/id_defined.json","type":"file","isSymbolicLink":false,"fileMetaData":{"size":1599,"lastModifiedTime":1716800352224}}]},{"hashValue":"4e3b7562e327532238e357b503691388","name":"module.json","path":"/Users/jepson/Desktop/Harmony/projects/Part4Demo/TestModule/build/default/intermediates/res/default/module.json","type":"file","isSymbolicLink":false,"fileMetaData":{"size":1855,"lastModifiedTime":1716800352224}},{"hashValue":"12f9030b31897db6aa267da03a7e7452","name":"resConfig.json","path":"/Users/jepson/Desktop/Harmony/projects/Part4Demo/TestModule/build/default/intermediates/res/default/resConfig.json","type":"file","isSymbolicLink":false,"fileMetaData":{"size":936,"lastModifiedTime":1716543327920}},{"hashValue":"6db040c51840966169befed0fa701179","name":"resources","path":"/Users/jepson/Desktop/Harmony/projects/Part4Demo/TestModule/build/default/intermediates/res/default/resources","type":"directory","isSymbolicLink":false,"children":[{"hashValue":"c963a73bebf0ab472b654b82c009bae2","name":"base","path":"/Users/jepson/Desktop/Harmony/projects/Part4Demo/TestModule/build/default/intermediates/res/default/resources/base","type":"directory","isSymbolicLink":false,"children":[{"hashValue":"4bbb1d5d0d0751141235bd910f761476","name":"media","path":"/Users/jepson/Desktop/Harmony/projects/Part4Demo/TestModule/build/default/intermediates/res/default/resources/base/media","type":"directory","isSymbolicLink":false,"children":[{"hashValue":"bdf862484e93467bb39edd52742c4f16","name":"app_icon.png","path":"/Users/jepson/Desktop/Harmony/projects/Part4Demo/TestModule/build/default/intermediates/res/default/resources/base/media/app_icon.png","type":"file","isSymbolicLink":false,"fileMetaData":{"size":2777,"lastModifiedTime":1716800352218}},{"hashValue":"5f19eb20b0c4a5c2055d292d293f9a1b","name":"background.png","path":"/Users/jepson/Desktop/Harmony/projects/Part4Demo/TestModule/build/default/intermediates/res/default/resources/base/media/background.png","type":"file","isSymbolicLink":false,"fileMetaData":{"size":57364,"lastModifiedTime":1716800352221}},{"hashValue":"ecd6095cacb9854ff8224305339ef7dc","name":"foreground.png","path":"/Users/jepson/Desktop/Harmony/projects/Part4Demo/TestModule/build/default/intermediates/res/default/resources/base/media/foreground.png","type":"file","isSymbolicLink":false,"fileMetaData":{"size":12430,"lastModifiedTime":1716800352221}},{"hashValue":"16c9d22a8ddbb1c73c7d71dfaf8574e2","name":"layered_image.json","path":"/Users/jepson/Desktop/Harmony/projects/Part4Demo/TestModule/build/default/intermediates/res/default/resources/base/media/layered_image.json","type":"file","isSymbolicLink":false,"fileMetaData":{"size":121,"lastModifiedTime":1716800352223}},{"hashValue":"a1e3f8c4108ab0765d7be867f35b1eda","name":"startIcon.png","path":"/Users/jepson/Desktop/Harmony/projects/Part4Demo/TestModule/build/default/intermediates/res/default/resources/base/media/startIcon.png","type":"file","isSymbolicLink":false,"fileMetaData":{"size":20093,"lastModifiedTime":1716800352222}},{"hashValue":"9c72a5ced2daa706eb2929b67f59b1d7","name":"wechat.png","path":"/Users/jepson/Desktop/Harmony/projects/Part4Demo/TestModule/build/default/intermediates/res/default/resources/base/media/wechat.png","type":"file","isSymbolicLink":false,"fileMetaData":{"size":33160,"lastModifiedTime":1716800352218}},{"hashValue":"fad2a498adc33729c0c500581b83f907","name":"wegame.jpeg","path":"/Users/jepson/Desktop/Harmony/projects/Part4Demo/TestModule/build/default/intermediates/res/default/resources/base/media/wegame.jpeg","type":"file","isSymbolicLink":false,"fileMetaData":{"size":24040,"lastModifiedTime":1716800352223}}]},{"hashValue":"191e2747b1c399359cbbb561c2736c23","name":"profile","path":"/Users/jepson/Desktop/Harmony/projects/Part4Demo/TestModule/build/default/intermediates/res/default/resources/base/profile","type":"directory","isSymbolicLink":false,"children":[{"hashValue":"13f59f342e3eded3af3f43c8cd6d7bf3","name":"main_pages.json","path":"/Users/jepson/Desktop/Harmony/projects/Part4Demo/TestModule/build/default/intermediates/res/default/resources/base/profile/main_pages.json","type":"file","isSymbolicLink":false,"fileMetaData":{"size":37,"lastModifiedTime":1716800352223}}]}]},{"hashValue":"","name":"rawfile","path":"/Users/jepson/Desktop/Harmony/projects/Part4Demo/TestModule/build/default/intermediates/res/default/resources/rawfile","type":"directory","isSymbolicLink":false,"children":[]}]},{"hashValue":"90fc6bd1b45e443bff17f84b7bd0a265","name":"resources.index","path":"/Users/jepson/Desktop/Harmony/projects/Part4Demo/TestModule/build/default/intermediates/res/default/resources.index","type":"file","isSymbolicLink":false,"fileMetaData":{"size":1467,"lastModifiedTime":1716800352224}},{"hashValue":"6700ee47ca13561a455ef45e89bc3b7f","name":"ResourceTable.txt","path":"/Users/jepson/Desktop/Harmony/projects/Part4Demo/TestModule/build/default/intermediates/res/default/ResourceTable.txt","type":"file","isSymbolicLink":false,"fileMetaData":{"size":398,"lastModifiedTime":1716800352224}}]},"/Users/jepson/Desktop/Harmony/projects/Part4Demo/TestModule/build/default/generated/r/default/ResourceTable.h":{"hashValue":"24637a28574305a670ba8a1fa82211e7","name":"ResourceTable.h","path":"/Users/jepson/Desktop/Harmony/projects/Part4Demo/TestModule/build/default/generated/r/default/ResourceTable.h","type":"file","isSymbolicLink":false,"fileMetaData":{"size":1325,"lastModifiedTime":1716800352224}},"/Users/jepson/Desktop/Harmony/projects/Part4Demo/TestModule/build/default/generated/r/default":{"hashValue":"84de0f8b85aca79205be260dd2771cb2","name":"default","path":"/Users/jepson/Desktop/Harmony/projects/Part4Demo/TestModule/build/default/generated/r/default","type":"directory","isSymbolicLink":false,"children":[{"hashValue":"24637a28574305a670ba8a1fa82211e7","name":"ResourceTable.h","path":"/Users/jepson/Desktop/Harmony/projects/Part4Demo/TestModule/build/default/generated/r/default/ResourceTable.h","type":"file","isSymbolicLink":false,"fileMetaData":{"size":1325,"lastModifiedTime":1716800352224}}]},"/Users/jepson/Desktop/Harmony/projects/Part4Demo/TestModule/build/default/intermediates/stripped_native_libs/default":{"hashValue":"","name":"default","path":"/Users/jepson/Desktop/Harmony/projects/Part4Demo/TestModule/build/default/intermediates/stripped_native_libs/default","type":"directory","isSymbolicLink":false,"children":[]},"/Users/jepson/Desktop/Harmony/projects/Part4Demo/TestModule/build/default/intermediates/loader/default":{"hashValue":"8914e70bb170ffd176416e7e181202ab","name":"default","path":"/Users/jepson/Desktop/Harmony/projects/Part4Demo/TestModule/build/default/intermediates/loader/default","type":"directory","isSymbolicLink":false,"children":[{"hashValue":"c724a94d751ab974f28f4b87849fd4e3","name":"loader.json","path":"/Users/jepson/Desktop/Harmony/projects/Part4Demo/TestModule/build/default/intermediates/loader/default/loader.json","type":"file","isSymbolicLink":false,"fileMetaData":{"size":670,"lastModifiedTime":1716543327915}}]},"/Users/jepson/Desktop/Harmony/projects/Part4Demo/TestModule/build/default/intermediates/res/default/resources/rawfile":{"hashValue":"","name":"rawfile","path":"/Users/jepson/Desktop/Harmony/projects/Part4Demo/TestModule/build/default/intermediates/res/default/resources/rawfile","type":"directory","isSymbolicLink":false,"children":[]},"/Users/jepson/Desktop/Harmony/projects/Part4Demo/TestModule/build/default/intermediates/res/default/ResourceTable.txt":{"hashValue":"6700ee47ca13561a455ef45e89bc3b7f","name":"ResourceTable.txt","path":"/Users/jepson/Desktop/Harmony/projects/Part4Demo/TestModule/build/default/intermediates/res/default/ResourceTable.txt","type":"file","isSymbolicLink":false,"fileMetaData":{"size":398,"lastModifiedTime":1716800352224}},"/Users/jepson/Desktop/Harmony/projects/Part4Demo/TestModule/build/default/intermediates/res/default/module.json":{"hashValue":"4e3b7562e327532238e357b503691388","name":"module.json","path":"/Users/jepson/Desktop/Harmony/projects/Part4Demo/TestModule/build/default/intermediates/res/default/module.json","type":"file","isSymbolicLink":false,"fileMetaData":{"size":1855,"lastModifiedTime":1716800352224}},"/Users/jepson/Desktop/Harmony/projects/Part4Demo/TestModule/build/default/intermediates/res/default/resources/base/profile":{"hashValue":"191e2747b1c399359cbbb561c2736c23","name":"profile","path":"/Users/jepson/Desktop/Harmony/projects/Part4Demo/TestModule/build/default/intermediates/res/default/resources/base/profile","type":"directory","isSymbolicLink":false,"children":[{"hashValue":"13f59f342e3eded3af3f43c8cd6d7bf3","name":"main_pages.json","path":"/Users/jepson/Desktop/Harmony/projects/Part4Demo/TestModule/build/default/intermediates/res/default/resources/base/profile/main_pages.json","type":"file","isSymbolicLink":false,"fileMetaData":{"size":37,"lastModifiedTime":1716800352223}}]},"/Users/jepson/Desktop/Harmony/projects/Part4Demo/TestModule/src/main/ets":{"hashValue":"361d5f6109c35fedf3595b75917dc617","name":"ets","path":"/Users/jepson/Desktop/Harmony/projects/Part4Demo/TestModule/src/main/ets","type":"directory","isSymbolicLink":false,"children":[{"hashValue":"5340e70123d734f2966c3ccd753a0799","name":"pages","path":"/Users/jepson/Desktop/Harmony/projects/Part4Demo/TestModule/src/main/ets/pages","type":"directory","isSymbolicLink":false,"children":[{"hashValue":"8640ce676e9d284c52d778324df3a482","name":"Index.ets","path":"/Users/jepson/Desktop/Harmony/projects/Part4Demo/TestModule/src/main/ets/pages/Index.ets","type":"file","isSymbolicLink":false,"fileMetaData":{"size":266,"lastModifiedTime":1716800115500}}]},{"hashValue":"13181f9c253137e8d350d516f8a84c00","name":"testmoduleability","path":"/Users/jepson/Desktop/Harmony/projects/Part4Demo/TestModule/src/main/ets/testmoduleability","type":"directory","isSymbolicLink":false,"children":[{"hashValue":"96b6751a3c111f352b9a29808ca57500","name":"TestModuleAbility.ets","path":"/Users/jepson/Desktop/Harmony/projects/Part4Demo/TestModule/src/main/ets/testmoduleability/TestModuleAbility.ets","type":"file","isSymbolicLink":false,"fileMetaData":{"size":1438,"lastModifiedTime":1716543282359}}]}]},"/Users/jepson/Desktop/Harmony/projects/Part4Demo/TestModule/build/default/intermediates/loader_out/default/ets":{"hashValue":"39a8cf239e1314f0b590b009970bb25b","name":"ets","path":"/Users/jepson/Desktop/Harmony/projects/Part4Demo/TestModule/build/default/intermediates/loader_out/default/ets","type":"directory","isSymbolicLink":false,"children":[{"hashValue":"3b1c50feb42f8bf9a63a25652963cab4","name":"modules.abc","path":"/Users/jepson/Desktop/Harmony/projects/Part4Demo/TestModule/build/default/intermediates/loader_out/default/ets/modules.abc","type":"file","isSymbolicLink":false,"fileMetaData":{"size":15732,"lastModifiedTime":1716800352658}},{"hashValue":"3951817c00f54bdbf5580c5ddd629a70","name":"sourceMaps.map","path":"/Users/jepson/Desktop/Harmony/projects/Part4Demo/TestModule/build/default/intermediates/loader_out/default/ets/sourceMaps.map","type":"file","isSymbolicLink":false,"fileMetaData":{"size":1979,"lastModifiedTime":1716800352651}}]},"/Users/jepson/Desktop/Harmony/projects/Part4Demo/TestModule/build/default/intermediates/patch/default/base_native_libs.json":{"hashValue":"7d9215079783483a81c69ebca30c9a0b","name":"base_native_libs.json","path":"/Users/jepson/Desktop/Harmony/projects/Part4Demo/TestModule/build/default/intermediates/patch/default/base_native_libs.json","type":"file","isSymbolicLink":false,"fileMetaData":{"size":25,"lastModifiedTime":1716543327959}},"/Users/jepson/Desktop/Harmony/projects/Part4Demo/TestModule/build/default/intermediates/res/default/resources":{"hashValue":"6db040c51840966169befed0fa701179","name":"resources","path":"/Users/jepson/Desktop/Harmony/projects/Part4Demo/TestModule/build/default/intermediates/res/default/resources","type":"directory","isSymbolicLink":false,"children":[{"hashValue":"c963a73bebf0ab472b654b82c009bae2","name":"base","path":"/Users/jepson/Desktop/Harmony/projects/Part4Demo/TestModule/build/default/intermediates/res/default/resources/base","type":"directory","isSymbolicLink":false,"children":[{"hashValue":"4bbb1d5d0d0751141235bd910f761476","name":"media","path":"/Users/jepson/Desktop/Harmony/projects/Part4Demo/TestModule/build/default/intermediates/res/default/resources/base/media","type":"directory","isSymbolicLink":false,"children":[{"hashValue":"bdf862484e93467bb39edd52742c4f16","name":"app_icon.png","path":"/Users/jepson/Desktop/Harmony/projects/Part4Demo/TestModule/build/default/intermediates/res/default/resources/base/media/app_icon.png","type":"file","isSymbolicLink":false,"fileMetaData":{"size":2777,"lastModifiedTime":1716800352218}},{"hashValue":"5f19eb20b0c4a5c2055d292d293f9a1b","name":"background.png","path":"/Users/jepson/Desktop/Harmony/projects/Part4Demo/TestModule/build/default/intermediates/res/default/resources/base/media/background.png","type":"file","isSymbolicLink":false,"fileMetaData":{"size":57364,"lastModifiedTime":1716800352221}},{"hashValue":"ecd6095cacb9854ff8224305339ef7dc","name":"foreground.png","path":"/Users/jepson/Desktop/Harmony/projects/Part4Demo/TestModule/build/default/intermediates/res/default/resources/base/media/foreground.png","type":"file","isSymbolicLink":false,"fileMetaData":{"size":12430,"lastModifiedTime":1716800352221}},{"hashValue":"16c9d22a8ddbb1c73c7d71dfaf8574e2","name":"layered_image.json","path":"/Users/jepson/Desktop/Harmony/projects/Part4Demo/TestModule/build/default/intermediates/res/default/resources/base/media/layered_image.json","type":"file","isSymbolicLink":false,"fileMetaData":{"size":121,"lastModifiedTime":1716800352223}},{"hashValue":"a1e3f8c4108ab0765d7be867f35b1eda","name":"startIcon.png","path":"/Users/jepson/Desktop/Harmony/projects/Part4Demo/TestModule/build/default/intermediates/res/default/resources/base/media/startIcon.png","type":"file","isSymbolicLink":false,"fileMetaData":{"size":20093,"lastModifiedTime":1716800352222}},{"hashValue":"9c72a5ced2daa706eb2929b67f59b1d7","name":"wechat.png","path":"/Users/jepson/Desktop/Harmony/projects/Part4Demo/TestModule/build/default/intermediates/res/default/resources/base/media/wechat.png","type":"file","isSymbolicLink":false,"fileMetaData":{"size":33160,"lastModifiedTime":1716800352218}},{"hashValue":"fad2a498adc33729c0c500581b83f907","name":"wegame.jpeg","path":"/Users/jepson/Desktop/Harmony/projects/Part4Demo/TestModule/build/default/intermediates/res/default/resources/base/media/wegame.jpeg","type":"file","isSymbolicLink":false,"fileMetaData":{"size":24040,"lastModifiedTime":1716800352223}}]},{"hashValue":"191e2747b1c399359cbbb561c2736c23","name":"profile","path":"/Users/jepson/Desktop/Harmony/projects/Part4Demo/TestModule/build/default/intermediates/res/default/resources/base/profile","type":"directory","isSymbolicLink":false,"children":[{"hashValue":"13f59f342e3eded3af3f43c8cd6d7bf3","name":"main_pages.json","path":"/Users/jepson/Desktop/Harmony/projects/Part4Demo/TestModule/build/default/intermediates/res/default/resources/base/profile/main_pages.json","type":"file","isSymbolicLink":false,"fileMetaData":{"size":37,"lastModifiedTime":1716800352223}}]}]},{"hashValue":"","name":"rawfile","path":"/Users/jepson/Desktop/Harmony/projects/Part4Demo/TestModule/build/default/intermediates/res/default/resources/rawfile","type":"directory","isSymbolicLink":false,"children":[]}]},"/Users/jepson/Desktop/Harmony/projects/Part4Demo/TestModule/build/default/intermediates/res/default/resources.index":{"hashValue":"90fc6bd1b45e443bff17f84b7bd0a265","name":"resources.index","path":"/Users/jepson/Desktop/Harmony/projects/Part4Demo/TestModule/build/default/intermediates/res/default/resources.index","type":"file","isSymbolicLink":false,"fileMetaData":{"size":1467,"lastModifiedTime":1716800352224}},"/Users/jepson/Desktop/Harmony/projects/Part4Demo/TestModule/build/default/outputs/default/TestModule-default-unsigned.hap":{"hashValue":"cb4534dfd299e964a8398838d81abfd4","name":"TestModule-default-unsigned.hap","path":"/Users/jepson/Desktop/Harmony/projects/Part4Demo/TestModule/build/default/outputs/default/TestModule-default-unsigned.hap","type":"file","isSymbolicLink":false,"fileMetaData":{"size":172987,"lastModifiedTime":1716800352859}},"/Users/jepson/Desktop/Harmony/projects/Part4Demo/entry/.cxx/default/default/hvigor":{"hashValue":"","name":"emptyroot","path":"","type":"unknown","isSymbolicLink":false,"children":[]},"/Users/jepson/Desktop/Harmony/projects/Part4Demo/entry/build/default/intermediates/syscap/default/rpcid.sc":{"hashValue":"","name":"emptyroot","path":"","type":"unknown","isSymbolicLink":false,"children":[]},"/Users/jepson/Desktop/Harmony/projects/Part4Demo/TestModule/.cxx/default/default/hvigor":{"hashValue":"","name":"emptyroot","path":"","type":"unknown","isSymbolicLink":false,"children":[]},"/Users/jepson/Desktop/Harmony/projects/Part4Demo/TestModule/build/default/intermediates/syscap/default/rpcid.sc":{"hashValue":"","name":"emptyroot","path":"","type":"unknown","isSymbolicLink":false,"children":[]},"/Users/jepson/Desktop/Harmony/projects/Part4Demo/entry/build/default/intermediates/loader_out/default/js":{"hashValue":"","name":"emptyroot","path":"","type":"unknown","isSymbolicLink":false,"children":[]},"/Users/jepson/Desktop/Harmony/projects/Part4Demo/TestModule/build/default/intermediates/loader_out/default/js":{"hashValue":"","name":"emptyroot","path":"","type":"unknown","isSymbolicLink":false,"children":[]},"/Users/jepson/Desktop/Harmony/projects/Part4Demo/TestModule/build/default/outputs/default/TestModule-default-signed.hap":{"hashValue":"","name":"emptyroot","path":"","type":"unknown","isSymbolicLink":false,"children":[]},"/Users/jepson/Desktop/Harmony/projects/Part4Demo/entry/build/default/outputs/default/entry-default-signed.hap":{"hashValue":"","name":"emptyroot","path":"","type":"unknown","isSymbolicLink":false,"children":[]}}