{":Part4Demo:entry:default@PreBuild":{"_inputs":[{"dataType":"ValueEntry","value":"{\"_name\":\"BUILTIN_TASK_COMMAND\",\"_value\":\"\",\"_valueType\":\"string\",\"_hash\":\"0b5d05294fdf4e78e8482ef53eb64ac0\"}"},{"dataType":"ValueEntry","value":"{\"_name\":\"BUILTIN_TASK_ENV\",\"_value\":\"\",\"_valueType\":\"string\",\"_hash\":\"cdcdc2ec8062ca9ec1de46dbf2bbc053\"}"},{"dataType":"ValueEntry","value":"{\"_name\":\"BUILTIN_TASK_TOOLCHAIN\",\"_value\":\"\",\"_valueType\":\"string\",\"_hash\":\"e7f94a9422a8bc317a7d90b58efcb5f6\"}"},{"dataType":"ValueEntry","value":"{\"_name\":\"apiType\",\"_value\":\"stageMode\",\"_valueType\":\"string\",\"_hash\":\"699c7565645ea3ea8c88551a4926a3d5\"}"},{"dataType":"ValueEntry","value":"{\"_name\":\"codeType\",\"_value\":true,\"_valueType\":\"boolean\",\"_hash\":\"d6dcf21a9f078b661283507536e57ce8\"}"},{"dataType":"ValueEntry","value":"{\"_name\":\"compatibleApiVersion\",\"_value\":11,\"_valueType\":\"number\",\"_hash\":\"93f5cd3d75ef7f4c00083401b682d592\"}"},{"dataType":"ValueEntry","value":"{\"_name\":\"compileApiVersion\",\"_value\":11,\"_valueType\":\"number\",\"_hash\":\"e44e5a65058824d789a8244107920ae0\"}"},{"dataType":"ValueEntry","value":"{\"_name\":\"customTypes\",\"_value\":\"\",\"_valueType\":\"string\",\"_hash\":\"970a2695bffac1c5a4fa283dc36050e3\"}"},{"dataType":"ValueEntry","value":"{\"_name\":\"deviceType\",\"_value\":[\"phone\",\"tablet\",\"2in1\"],\"_valueType\":\"object\",\"_hash\":\"82734343919a9219c848a93ce88dfb4d\"}"},{"dataType":"ValueEntry","value":"{\"_name\":\"isSupportOhpmProj\",\"_value\":true,\"_valueType\":\"boolean\",\"_hash\":\"f3a249d7e3f751316e931b8a08b074b4\"}"},{"dataType":"ValueEntry","value":"{\"_name\":\"profileModuleName\",\"_value\":\"entry\",\"_valueType\":\"string\",\"_hash\":\"b174ea6ff5824844dde5ad92f6b3ef2b\"}"},{"dataType":"ValueEntry","value":"{\"_name\":\"sdkToolchainsComponentVersion\",\"_value\":\"4.1.0.71\",\"_valueType\":\"string\",\"_hash\":\"87f584290b6fbd40ec1c9cafe12605db\"}"},{"dataType":"ValueEntry","value":"{\"_name\":\"targetStatusCode\",\"_value\":2,\"_valueType\":\"number\",\"_hash\":\"5a9255c0f4ee50904a9349ebafca8369\"}"}],"_successful":true,"_projectName":"Part4Demo","_moduleName":"entry","_taskName":"default@PreBuild","_key":":Part4Demo:entry:default@PreBuild","_executionId":":Part4Demo:entry:default@PreBuild:1716797231519","_inputFiles":{"dataType":"Map","value":[["/Users/jepson/Desktop/Harmony/projects/Part4Demo/AppScope/app.json5",{"isDirectory":false,"fileSnapShotHashValue":"27670c4bfef43ed5de010af3c9ad2095"}],["/Users/jepson/Desktop/Harmony/projects/Part4Demo/entry/src/main/module.json5",{"isDirectory":false,"fileSnapShotHashValue":"f05ddb2f67ac2a969cdf6cb3167a3780"}],["/Users/jepson/Desktop/Harmony/projects/Part4Demo/build-profile.json5",{"fileSnapShotHashValue":"7ce8b399e160afe2deb7104ade64bb51"}],["/Users/jepson/Desktop/Harmony/projects/Part4Demo/entry/build-profile.json5",{"fileSnapShotHashValue":"fc83c0241acf3e62265d12e9852440bc"}],["/Users/jepson/Desktop/Harmony/projects/Part4Demo/entry/src/main/resources/base/profile/main_pages.json",{"fileSnapShotHashValue":"4bfc840b053a3e5972a6c55521445ab5"}],["/Users/jepson/Desktop/Harmony/projects/Part4Demo/entry/oh-package.json5",{"fileSnapShotHashValue":"0aa2ad8358bea263f834c96d5203ec6b"}]]},"_outputFiles":{"dataType":"Map","value":[]}},":Part4Demo:entry:default@CreateBuildProfile":{"_inputs":[{"dataType":"ValueEntry","value":"{\"_name\":\"BUILTIN_TASK_COMMAND\",\"_value\":\"\",\"_valueType\":\"string\",\"_hash\":\"0b5d05294fdf4e78e8482ef53eb64ac0\"}"},{"dataType":"ValueEntry","value":"{\"_name\":\"BUILTIN_TASK_ENV\",\"_value\":\"\",\"_valueType\":\"string\",\"_hash\":\"cdcdc2ec8062ca9ec1de46dbf2bbc053\"}"},{"dataType":"ValueEntry","value":"{\"_name\":\"BUILTIN_TASK_TOOLCHAIN\",\"_value\":\"\",\"_valueType\":\"string\",\"_hash\":\"e7f94a9422a8bc317a7d90b58efcb5f6\"}"},{"dataType":"ValueEntry","value":"{\"_name\":\"buildMode\",\"_value\":\"Debug\",\"_valueType\":\"string\",\"_hash\":\"8120d22ada0d6de22b101e1f4ea16e81\"}"},{"dataType":"ValueEntry","value":"{\"_name\":\"buildModeName\",\"_value\":\"debug\",\"_valueType\":\"string\",\"_hash\":\"3f0246ea410fd9efa9fc7196cca045e3\"}"},{"dataType":"ValueEntry","value":"{\"_name\":\"projectOhosConfigAppOpt\",\"_valueType\":\"undefined\",\"_hash\":\"d55b976f16f2e6ec7261b64755922538\"}"}],"_successful":true,"_projectName":"Part4Demo","_moduleName":"entry","_taskName":"default@CreateBuildProfile","_key":":Part4Demo:entry:default@CreateBuildProfile","_executionId":":Part4Demo:entry:default@CreateBuildProfile:1716795909519","_inputFiles":{"dataType":"Map","value":[["/Users/jepson/Desktop/Harmony/projects/Part4Demo/AppScope/app.json5",{"fileSnapShotHashValue":"27670c4bfef43ed5de010af3c9ad2095"}],["/Users/jepson/Desktop/Harmony/projects/Part4Demo/build-profile.json5",{"fileSnapShotHashValue":"7ce8b399e160afe2deb7104ade64bb51"}]]},"_outputFiles":{"dataType":"Map","value":[["/Users/jepson/Desktop/Harmony/projects/Part4Demo/entry/build/default/generated/profile/default/BuildProfile.ets",{"fileSnapShotHashValue":"6b58ca85d4a77739a339a7741e03ca43"}]]}},":Part4Demo:entry:default@MergeProfile":{"_inputs":[{"dataType":"ValueEntry","value":"{\"_name\":\"BUILTIN_TASK_COMMAND\",\"_value\":\"\",\"_valueType\":\"string\",\"_hash\":\"0b5d05294fdf4e78e8482ef53eb64ac0\"}"},{"dataType":"ValueEntry","value":"{\"_name\":\"BUILTIN_TASK_ENV\",\"_value\":\"\",\"_valueType\":\"string\",\"_hash\":\"cdcdc2ec8062ca9ec1de46dbf2bbc053\"}"},{"dataType":"ValueEntry","value":"{\"_name\":\"BUILTIN_TASK_TOOLCHAIN\",\"_value\":\"\",\"_valueType\":\"string\",\"_hash\":\"e7f94a9422a8bc317a7d90b58efcb5f6\"}"},{"dataType":"ValueEntry","value":"{\"_name\":\"asanEnable\",\"_value\":false,\"_valueType\":\"boolean\",\"_hash\":\"bc2129ba20a21b7e5234139ede1b4d7b\"}"},{"dataType":"ValueEntry","value":"{\"_name\":\"buildRoot\",\"_value\":\"build\",\"_valueType\":\"string\",\"_hash\":\"4c2dd7bb7507f74001ec27f2936db7f9\"}"},{"dataType":"ValueEntry","value":"{\"_name\":\"compatibleSdkVersion\",\"_value\":11,\"_valueType\":\"number\",\"_hash\":\"0a9ae1c2a584e001c6822783c8cf9636\"}"},{"dataType":"ValueEntry","value":"{\"_name\":\"isDebug\",\"_value\":true,\"_valueType\":\"boolean\",\"_hash\":\"edbf05a2d2be2c385e75d9565a48d419\"}"},{"dataType":"ValueEntry","value":"{\"_name\":\"isHarModule\",\"_value\":false,\"_valueType\":\"boolean\",\"_hash\":\"a15b7a3ed818faa99a4a10d67f52cb72\"}"},{"dataType":"ValueEntry","value":"{\"_name\":\"multiProjects\",\"_value\":false,\"_valueType\":\"boolean\",\"_hash\":\"555604752defc243b4e4c55d1549fc06\"}"},{"dataType":"ValueEntry","value":"{\"_name\":\"projectConfigAppOpt\",\"_valueType\":\"undefined\",\"_hash\":\"b52997704fa206ed96a13a1f2e464a85\"}"},{"dataType":"ValueEntry","value":"{\"_name\":\"releaseType\",\"_value\":\"Release\",\"_valueType\":\"string\",\"_hash\":\"bbcabdda034e97584f8c36f85b3ec517\"}"},{"dataType":"ValueEntry","value":"{\"_name\":\"targetSdkVersion\",\"_value\":11,\"_valueType\":\"number\",\"_hash\":\"578c4c0926086069dd411e7d59783372\"}"}],"_successful":true,"_projectName":"Part4Demo","_moduleName":"entry","_taskName":"default@MergeProfile","_key":":Part4Demo:entry:default@MergeProfile","_executionId":":Part4Demo:entry:default@MergeProfile:1716797231532","_inputFiles":{"dataType":"Map","value":[["/Users/jepson/Desktop/Harmony/projects/Part4Demo/AppScope/app.json5",{"fileSnapShotHashValue":"27670c4bfef43ed5de010af3c9ad2095"}],["/Users/jepson/Desktop/Harmony/projects/Part4Demo/build-profile.json5",{"fileSnapShotHashValue":"7ce8b399e160afe2deb7104ade64bb51"}],["/Users/jepson/Desktop/Harmony/projects/Part4Demo/entry/src/main/module.json5",{"fileSnapShotHashValue":"f05ddb2f67ac2a969cdf6cb3167a3780"}]]},"_outputFiles":{"dataType":"Map","value":[["/Users/jepson/Desktop/Harmony/projects/Part4Demo/entry/build/default/intermediates/merge_profile/default/module.json",{"fileSnapShotHashValue":"5584abfc503cdd364fbe952ffe5e4213"}]]}},":Part4Demo:entry:default@ProcessRouterMap":{"_inputs":[{"dataType":"ValueEntry","value":"{\"_name\":\"BUILTIN_TASK_COMMAND\",\"_value\":\"\",\"_valueType\":\"string\",\"_hash\":\"0b5d05294fdf4e78e8482ef53eb64ac0\"}"},{"dataType":"ValueEntry","value":"{\"_name\":\"BUILTIN_TASK_ENV\",\"_value\":\"\",\"_valueType\":\"string\",\"_hash\":\"cdcdc2ec8062ca9ec1de46dbf2bbc053\"}"},{"dataType":"ValueEntry","value":"{\"_name\":\"BUILTIN_TASK_TOOLCHAIN\",\"_value\":\"\",\"_valueType\":\"string\",\"_hash\":\"e7f94a9422a8bc317a7d90b58efcb5f6\"}"},{"dataType":"ValueEntry","value":"{\"_name\":\"obfuscated\",\"_value\":true,\"_valueType\":\"boolean\",\"_hash\":\"a69c27b9cf01a6710d3662cfe180239f\"}"}],"_successful":true,"_projectName":"Part4Demo","_moduleName":"entry","_taskName":"default@ProcessRouterMap","_key":":Part4Demo:entry:default@ProcessRouterMap","_executionId":":Part4Demo:entry:default@ProcessRouterMap:1716797231534","_inputFiles":{"dataType":"Map","value":[["/Users/jepson/Desktop/Harmony/projects/Part4Demo/entry/oh-package.json5",{"fileSnapShotHashValue":"0aa2ad8358bea263f834c96d5203ec6b"}],["/Users/jepson/Desktop/Harmony/projects/Part4Demo/oh-package.json5",{"fileSnapShotHashValue":"3eb2a2df1a5771804bb05e2f29e5179f"}],["/Users/jepson/Desktop/Harmony/projects/Part4Demo/entry/src/main/module.json5",{"fileSnapShotHashValue":"f05ddb2f67ac2a969cdf6cb3167a3780"}]]},"_outputFiles":{"dataType":"Map","value":[["/Users/jepson/Desktop/Harmony/projects/Part4Demo/entry/build/default/intermediates/loader/default/loader.json",{"fileSnapShotHashValue":"9730fac77a41fa2c54ff8e461b92dc9c"}]]}},":Part4Demo:entry:default@ProcessProfile":{"_inputs":[{"dataType":"ValueEntry","value":"{\"_name\":\"BUILTIN_TASK_COMMAND\",\"_value\":\"\",\"_valueType\":\"string\",\"_hash\":\"0b5d05294fdf4e78e8482ef53eb64ac0\"}"},{"dataType":"ValueEntry","value":"{\"_name\":\"BUILTIN_TASK_ENV\",\"_value\":\"\",\"_valueType\":\"string\",\"_hash\":\"cdcdc2ec8062ca9ec1de46dbf2bbc053\"}"},{"dataType":"ValueEntry","value":"{\"_name\":\"BUILTIN_TASK_TOOLCHAIN\",\"_value\":\"\",\"_valueType\":\"string\",\"_hash\":\"e7f94a9422a8bc317a7d90b58efcb5f6\"}"},{"dataType":"ValueEntry","value":"{\"_name\":\"arkEnable\",\"_value\":true,\"_valueType\":\"boolean\",\"_hash\":\"750b4bda198545a67903dfb3f6a00a95\"}"},{"dataType":"ValueEntry","value":"{\"_name\":\"compileMode\",\"_value\":\"esmodule\",\"_valueType\":\"string\",\"_hash\":\"dacafc8e0b77a950178a0b4d142dc32c\"}"},{"dataType":"ValueEntry","value":"{\"_name\":\"dependency\",\"_value\":\"[]\",\"_valueType\":\"string\",\"_hash\":\"ac54f3d4ced2d4c1d666d40e4f7c454a\"}"},{"dataType":"ValueEntry","value":"{\"_name\":\"deviceTypes\",\"_value\":[\"phone\",\"tablet\",\"2in1\"],\"_valueType\":\"object\",\"_hash\":\"955f8760c6b7289b81ed107c2c4df075\"}"}],"_successful":true,"_projectName":"Part4Demo","_moduleName":"entry","_taskName":"default@ProcessProfile","_key":":Part4Demo:entry:default@ProcessProfile","_executionId":":Part4Demo:entry:default@ProcessProfile:1716797231543","_inputFiles":{"dataType":"Map","value":[["/Users/jepson/Desktop/Harmony/projects/Part4Demo/entry/build/default/intermediates/merge_profile/default/module.json",{"fileSnapShotHashValue":"5584abfc503cdd364fbe952ffe5e4213"}]]},"_outputFiles":{"dataType":"Map","value":[["/Users/jepson/Desktop/Harmony/projects/Part4Demo/entry/build/default/intermediates/process_profile/default/module.json",{"fileSnapShotHashValue":"770d3024398bca03aee48711c292954f"}]]}},":Part4Demo:entry:default@GenerateLoaderJson":{"_inputs":[{"dataType":"ValueEntry","value":"{\"_name\":\"BUILTIN_TASK_COMMAND\",\"_value\":\"\",\"_valueType\":\"string\",\"_hash\":\"0b5d05294fdf4e78e8482ef53eb64ac0\"}"},{"dataType":"ValueEntry","value":"{\"_name\":\"BUILTIN_TASK_ENV\",\"_value\":\"\",\"_valueType\":\"string\",\"_hash\":\"cdcdc2ec8062ca9ec1de46dbf2bbc053\"}"},{"dataType":"ValueEntry","value":"{\"_name\":\"BUILTIN_TASK_TOOLCHAIN\",\"_value\":\"\",\"_valueType\":\"string\",\"_hash\":\"e7f94a9422a8bc317a7d90b58efcb5f6\"}"},{"dataType":"ValueEntry","value":"{\"_name\":\"anBuildMode\",\"_value\":\"type\",\"_valueType\":\"string\",\"_hash\":\"de241a1eec94a2a622ff1c89f32846a2\"}"},{"dataType":"ValueEntry","value":"{\"_name\":\"apPath\",\"_value\":\"/Users/jepson/Desktop/Harmony/projects/Part4Demo/entry/modules.ap\",\"_valueType\":\"string\",\"_hash\":\"b7e76d7afcd52bd891d08750fddf9ab4\"}"},{"dataType":"ValueEntry","value":"{\"_name\":\"compileMode\",\"_value\":\"esmodule\",\"_valueType\":\"string\",\"_hash\":\"dacafc8e0b77a950178a0b4d142dc32c\"}"},{"dataType":"ValueEntry","value":"{\"_name\":\"fallbackAnBuild\",\"_value\":false,\"_valueType\":\"boolean\",\"_hash\":\"a63e98bb3f368ced6ed4d5579ea7ca39\"}"},{"dataType":"ValueEntry","value":"{\"_name\":\"harNameOhmMap\",\"_value\":\"{}\",\"_valueType\":\"string\",\"_hash\":\"0faf006bccbcdc2c7f04ff2d8c87894f\"}"},{"dataType":"ValueEntry","value":"{\"_name\":\"modulePathMap\",\"_value\":\"{\\\"entry\\\":\\\"/Users/jepson/Desktop/Harmony/projects/Part4Demo/entry\\\",\\\"TestModule\\\":\\\"/Users/jepson/Desktop/Harmony/projects/Part4Demo/TestModule\\\"}\",\"_valueType\":\"string\",\"_hash\":\"c5412e81d24ee2a3009f7d659f1e9313\"}"},{"dataType":"ValueEntry","value":"{\"_name\":\"nodeModulesPath\",\"_value\":\"/Users/jepson/Desktop/Harmony/projects/Part4Demo/entry/build/default/intermediates/loader_out/default/node_modules\",\"_valueType\":\"string\",\"_hash\":\"7ad5dec4d60aea18df0529ca94a9be10\"}"},{"dataType":"ValueEntry","value":"{\"_name\":\"projectRootPath\",\"_value\":\"/Users/jepson/Desktop/Harmony/projects/Part4Demo\",\"_valueType\":\"string\",\"_hash\":\"fd4eab9e027f244da958e14266d47424\"}"},{"dataType":"ValueEntry","value":"{\"_name\":\"targetConfig\",\"_value\":\"{\\\"name\\\":\\\"default\\\"}\",\"_valueType\":\"string\",\"_hash\":\"44f0c01d44e2bbf4013c5bb1f232e1fe\"}"}],"_successful":true,"_projectName":"Part4Demo","_moduleName":"entry","_taskName":"default@GenerateLoaderJson","_key":":Part4Demo:entry:default@GenerateLoaderJson","_executionId":":Part4Demo:entry:default@GenerateLoaderJson:1716795909581","_inputFiles":{"dataType":"Map","value":[["/Users/jepson/Desktop/Harmony/projects/Part4Demo/entry/src/mock/mock-config.json5",{"fileSnapShotHashValue":"159d34269ed0a064d8526c0ea623a604"}]]},"_outputFiles":{"dataType":"Map","value":[["/Users/jepson/Desktop/Harmony/projects/Part4Demo/entry/build/default/intermediates/loader/default/loader.json",{"isDirectory":false,"fileSnapShotHashValue":"9730fac77a41fa2c54ff8e461b92dc9c"}]]}},":Part4Demo:entry:default@PreviewCompileResource":{"_inputs":[{"dataType":"ValueEntry","value":"{\"_name\":\"PREVIEWER_REPLACE_PAGE\",\"_valueType\":\"undefined\"}"},{"dataType":"ValueEntry","value":"{\"_name\":\"PREVIEWER_REPLACE_SRCPATH\",\"_valueType\":\"undefined\"}"},{"dataType":"ValueEntry","value":"{\"_name\":\"TARGET_CONFIG\",\"_value\":\"{\\\"name\\\":\\\"default\\\"}\",\"_valueType\":\"string\"}"},{"dataType":"ValueEntry","value":"{\"_name\":\"BUILTIN_TASK_COMMAND\",\"_value\":\"\",\"_valueType\":\"string\"}"},{"dataType":"ValueEntry","value":"{\"_name\":\"BUILTIN_TASK_TOOLCHAIN\",\"_value\":\"/Users/jepson/Desktop/Harmony/harmony_sdk/HarmonyOS-NEXT-DP2/base/toolchains/restool\",\"_valueType\":\"string\"}"},{"dataType":"ValueEntry","value":"{\"_name\":\"BUILTIN_TASK_ENV\",\"_value\":\"\",\"_valueType\":\"string\"}"}],"_successful":true,"_projectName":"Part4Demo","_moduleName":"entry","_taskName":"default@PreviewCompileResource","_key":":Part4Demo:entry:default@PreviewCompileResource","_executionId":":Part4Demo:entry:default@PreviewCompileResource:1716795797320","_inputFiles":{"dataType":"Map","value":[["/Users/jepson/Desktop/Harmony/projects/Part4Demo/entry/src/main/resources",{"fileSnapShotHashValue":"a534ca7a1618c5b65d231da8f73e47b4"}],["/Users/jepson/Desktop/Harmony/projects/Part4Demo/entry/.preview/default/intermediates/merge_profile/default/module.json",{"fileSnapShotHashValue":"df255321f7a4e8ee54e31ce9212c7228"}]]},"_outputFiles":{"dataType":"Map","value":[["/Users/jepson/Desktop/Harmony/projects/Part4Demo/entry/.preview/default/intermediates/res/default",{"isDirectory":true,"fileSnapShotHashValue":"6073067993e8900854e932672e649d56"}],["/Users/jepson/Desktop/Harmony/projects/Part4Demo/entry/.preview/default/generated/r/default",{"isDirectory":true,"fileSnapShotHashValue":"c69dc1c475c1f2f41a5fd830b6db29f8"}]]}},":Part4Demo:entry:default@CopyPreviewProfile":{"_inputs":[{"dataType":"ValueEntry","value":"{\"_name\":\"BUILTIN_TASK_COMMAND\",\"_value\":\"\",\"_valueType\":\"string\"}"},{"dataType":"ValueEntry","value":"{\"_name\":\"BUILTIN_TASK_TOOLCHAIN\",\"_value\":\"\",\"_valueType\":\"string\"}"},{"dataType":"ValueEntry","value":"{\"_name\":\"BUILTIN_TASK_ENV\",\"_value\":\"\",\"_valueType\":\"string\"}"}],"_successful":true,"_projectName":"Part4Demo","_moduleName":"entry","_taskName":"default@CopyPreviewProfile","_key":":Part4Demo:entry:default@CopyPreviewProfile","_executionId":":Part4Demo:entry:default@CopyPreviewProfile:1716795797361","_inputFiles":{"dataType":"Map","value":[["/Users/jepson/Desktop/Harmony/projects/Part4Demo/entry/src/main/resources/base/profile",{"fileSnapShotHashValue":"8e3b2db04258067ccc45056d6a817f84"}]]},"_outputFiles":{"dataType":"Map","value":[["/Users/jepson/Desktop/Harmony/projects/Part4Demo/entry/.preview/default/intermediates/res/default/resources/base/profile",{"fileSnapShotHashValue":"ba0ebd4d8937339f399bde4170c7950f"}]]}},":Part4Demo:entry:default@PreviewUpdateAssets":{"_inputs":[{"dataType":"ValueEntry","value":"{\"_name\":\"previewBuildConfigJson\",\"_value\":\"{\\\"deviceType\\\":\\\"phone,tablet,2in1\\\",\\\"checkEntry\\\":\\\"true\\\",\\\"localPropertiesPath\\\":\\\"/Users/jepson/Desktop/Harmony/projects/Part4Demo/local.properties\\\",\\\"PATH\\\":\\\"/Users/jepson/node/node-18.14.1/bin/\\\",\\\"note\\\":\\\"false\\\",\\\"aceProfilePath\\\":\\\"/Users/jepson/Desktop/Harmony/projects/Part4Demo/entry/.preview/default/intermediates/res/default/resources/base/profile\\\",\\\"isPreview\\\":\\\"true\\\",\\\"hapMode\\\":\\\"false\\\",\\\"buildMode\\\":\\\"debug\\\",\\\"img2bin\\\":\\\"true\\\",\\\"projectProfilePath\\\":\\\"/Users/jepson/Desktop/Harmony/projects/Part4Demo/build-profile.json5\\\",\\\"watchMode\\\":\\\"true\\\",\\\"appResource\\\":\\\"/Users/jepson/Desktop/Harmony/projects/Part4Demo/entry/.preview/default/intermediates/res/default/ResourceTable.txt\\\",\\\"logLevel\\\":\\\"3\\\",\\\"stageRouterConfig\\\":{\\\"contents\\\":[\\\"{\\\\\\\"module\\\\\\\":{\\\\\\\"pages\\\\\\\":\\\\\\\"$profile:main_pages\\\\\\\",\\\\\\\"name\\\\\\\":\\\\\\\"entry\\\\\\\"}}\\\",\\\"{\\\\\\\"src\\\\\\\":[\\\\\\\"pages/Index\\\\\\\",\\\\\\\"pages/LoginPage\\\\\\\",\\\\\\\"pages/TwoPage\\\\\\\"]}\\\"],\\\"paths\\\":[\\\"/Users/jepson/Desktop/Harmony/projects/Part4Demo/entry/.preview/default/intermediates/res/default/module.json\\\",\\\"/Users/jepson/Desktop/Harmony/projects/Part4Demo/entry/.preview/default/intermediates/res/default/resources/base/profile/main_pages.json\\\"]},\\\"aceBuildJson\\\":\\\"/Users/jepson/Desktop/Harmony/projects/Part4Demo/entry/.preview/default/intermediates/loader/default/loader.json\\\",\\\"aceModuleRoot\\\":\\\"/Users/jepson/Desktop/Harmony/projects/Part4Demo/entry/src/main/ets\\\",\\\"aceSoPath\\\":\\\"/Users/jepson/Desktop/Harmony/projects/Part4Demo/entry/.preview/cache/nativeDependencies.txt\\\",\\\"cachePath\\\":\\\"/Users/jepson/Desktop/Harmony/projects/Part4Demo/entry/.preview/cache/.default\\\",\\\"aceModuleBuild\\\":\\\"/Users/jepson/Desktop/Harmony/projects/Part4Demo/entry/.preview/default/intermediates/assets/default/ets\\\",\\\"aceModuleJsonPath\\\":\\\"/Users/jepson/Desktop/Harmony/projects/Part4Demo/entry/.preview/default/intermediates/res/default/module.json\\\"}\",\"_valueType\":\"string\"}"},{"dataType":"ValueEntry","value":"{\"_name\":\"BUILTIN_TASK_COMMAND\",\"_value\":\"\",\"_valueType\":\"string\"}"},{"dataType":"ValueEntry","value":"{\"_name\":\"BUILTIN_TASK_TOOLCHAIN\",\"_value\":\"\",\"_valueType\":\"string\"}"},{"dataType":"ValueEntry","value":"{\"_name\":\"BUILTIN_TASK_ENV\",\"_value\":\"\",\"_valueType\":\"string\"}"}],"_successful":true,"_projectName":"Part4Demo","_moduleName":"entry","_taskName":"default@PreviewUpdateAssets","_key":":Part4Demo:entry:default@PreviewUpdateAssets","_executionId":":Part4Demo:entry:default@PreviewUpdateAssets:1716795797365","_inputFiles":{"dataType":"Map","value":[]},"_outputFiles":{"dataType":"Map","value":[["/Users/jepson/Desktop/Harmony/projects/Part4Demo/entry/.preview/default/intermediates/res/default/module.json",{"isDirectory":false,"fileSnapShotHashValue":"ceec36759a4741aeffa3e482726b314c"}],["/Users/jepson/Desktop/Harmony/projects/Part4Demo/entry/.preview/default/intermediates/res/default/resources/base/profile/main_pages.json",{"isDirectory":false,"fileSnapShotHashValue":"5616e0e42fec3855d264fafeff5dd570"}]]}},":Part4Demo:entry:default@PreviewArkTS":{"_inputs":[{"dataType":"ValueEntry","value":"{\"_name\":\"debuggable\",\"_value\":true,\"_valueType\":\"boolean\"}"},{"dataType":"ValueEntry","value":"{\"_name\":\"isArk\",\"_value\":true,\"_valueType\":\"boolean\"}"},{"dataType":"ValueEntry","value":"{\"_name\":\"needCoverageInsert\",\"_value\":false,\"_valueType\":\"boolean\"}"},{"dataType":"ValueEntry","value":"{\"_name\":\"customTypes\",\"_value\":\"\",\"_valueType\":\"string\"}"},{"dataType":"ValueEntry","value":"{\"_name\":\"arkTsWdiget\",\"_value\":false,\"_valueType\":\"boolean\"}"},{"dataType":"ValueEntry","value":"{\"_name\":\"OBFUSCATION_ENABLE\",\"_value\":\"undefined\",\"_valueType\":\"string\"}"},{"dataType":"ValueEntry","value":"{\"_name\":\"noExternalImportByPath\",\"_value\":false,\"_valueType\":\"boolean\"}"},{"dataType":"ValueEntry","value":"{\"_name\":\"BUILTIN_TASK_COMMAND\",\"_value\":\"\",\"_valueType\":\"string\"}"},{"dataType":"ValueEntry","value":"{\"_name\":\"BUILTIN_TASK_TOOLCHAIN\",\"_value\":\"\",\"_valueType\":\"string\"}"},{"dataType":"ValueEntry","value":"{\"_name\":\"BUILTIN_TASK_ENV\",\"_value\":\"\",\"_valueType\":\"string\"}"}],"_successful":true,"_projectName":"Part4Demo","_moduleName":"entry","_taskName":"default@PreviewArkTS","_key":":Part4Demo:entry:default@PreviewArkTS","_executionId":":Part4Demo:entry:default@PreviewArkTS:1716795797370","_inputFiles":{"dataType":"Map","value":[["/Users/jepson/Desktop/Harmony/projects/Part4Demo/entry/.preview/default/intermediates/loader/default",{"isDirectory":true,"fileSnapShotHashValue":"51fd8899bf0486c3873d445725601fdb"}],["/Users/jepson/Desktop/Harmony/projects/Part4Demo/entry/.preview/default/intermediates/res/default/ResourceTable.txt",{"fileSnapShotHashValue":"6ccb8b7bd61daa06ce9bba68eca9b2df"}],["/Users/jepson/Desktop/Harmony/projects/Part4Demo/entry/.preview/default/intermediates/res/default/module.json",{"fileSnapShotHashValue":"ceec36759a4741aeffa3e482726b314c"}],["/Users/jepson/Desktop/Harmony/projects/Part4Demo/entry/.preview/default/intermediates/res/default/resources/base/profile",{"isDirectory":true,"fileSnapShotHashValue":"ba0ebd4d8937339f399bde4170c7950f"}],["/Users/jepson/Desktop/Harmony/projects/Part4Demo/entry/src/main/ets",{"isDirectory":true,"fileSnapShotHashValue":"2cd399edccd087a3cf94d7ce34fe1eb4"}],["/Users/jepson/Desktop/Harmony/projects/Part4Demo/entry/.preview/default/generated/profile/default/BuildProfile.ets",{"fileSnapShotHashValue":"76cd12e3d194343d781c4f872349dde0"}]]},"_outputFiles":{"dataType":"Map","value":[["/Users/jepson/Desktop/Harmony/projects/Part4Demo/entry/.preview/default/intermediates/loader_out/default/ets",{"isDirectory":true,"fileSnapShotHashValue":""}]]}},":Part4Demo:entry:default@GenerateMetadata":{"_inputs":[{"dataType":"ValueEntry","value":"{\"_name\":\"BUILTIN_TASK_COMMAND\",\"_value\":\"\",\"_valueType\":\"string\",\"_hash\":\"0b5d05294fdf4e78e8482ef53eb64ac0\"}"},{"dataType":"ValueEntry","value":"{\"_name\":\"BUILTIN_TASK_ENV\",\"_value\":\"\",\"_valueType\":\"string\",\"_hash\":\"cdcdc2ec8062ca9ec1de46dbf2bbc053\"}"},{"dataType":"ValueEntry","value":"{\"_name\":\"BUILTIN_TASK_TOOLCHAIN\",\"_value\":\"\",\"_valueType\":\"string\",\"_hash\":\"e7f94a9422a8bc317a7d90b58efcb5f6\"}"},{"dataType":"ValueEntry","value":"{\"_name\":\"allRemoteHspPathList\",\"_value\":[],\"_valueType\":\"object\",\"_hash\":\"211fb88ebae7b5ddeb7bc8e1a43ab73b\"}"},{"dataType":"ValueEntry","value":"{\"_name\":\"enableSignTask\",\"_value\":true,\"_valueType\":\"boolean\",\"_hash\":\"910298825388ce24c00cb3c1aeb80caa\"}"},{"dataType":"ValueEntry","value":"{\"_name\":\"entryModules\",\"_value\":[],\"_valueType\":\"object\",\"_hash\":\"aea18c73616ef065de1f5734ffcfeacd\"}"},{"dataType":"ValueEntry","value":"{\"_name\":\"existSigningConfig\",\"_value\":false,\"_valueType\":\"boolean\",\"_hash\":\"1577ffedb088f641d0438ac50d5978d5\"}"},{"dataType":"ValueEntry","value":"{\"_name\":\"moduleDeviceType\",\"_value\":[\"phone\",\"tablet\",\"2in1\"],\"_valueType\":\"object\",\"_hash\":\"66b05e14942328cd2607b98a4b94245d\"}"},{"dataType":"ValueEntry","value":"{\"_name\":\"product\",\"_value\":\"default\",\"_valueType\":\"string\",\"_hash\":\"c78efd675257060e500cc4a185c4a166\"}"},{"dataType":"ValueEntry","value":"{\"_name\":\"sdkToolchainsComponentVersion\",\"_value\":\"4.1.0.71\",\"_valueType\":\"string\",\"_hash\":\"87f584290b6fbd40ec1c9cafe12605db\"}"},{"dataType":"ValueEntry","value":"{\"_name\":\"targetConfig\",\"_value\":\"{\\\"name\\\":\\\"default\\\"}\",\"_valueType\":\"string\",\"_hash\":\"44f0c01d44e2bbf4013c5bb1f232e1fe\"}"}],"_successful":true,"_projectName":"Part4Demo","_moduleName":"entry","_taskName":"default@GenerateMetadata","_key":":Part4Demo:entry:default@GenerateMetadata","_executionId":":Part4Demo:entry:default@GenerateMetadata:1716797231525","_inputFiles":{"dataType":"Map","value":[["/Users/jepson/Desktop/Harmony/projects/Part4Demo/entry/src/main/module.json5",{"fileSnapShotHashValue":"f05ddb2f67ac2a969cdf6cb3167a3780"}]]},"_outputFiles":{"dataType":"Map","value":[["/Users/jepson/Desktop/Harmony/projects/Part4Demo/entry/build/default/intermediates/hap_metadata/default/output_metadata.json",{"fileSnapShotHashValue":"fd4f4b734bf2b4718a117f53b78818a9"}]]}},":Part4Demo:entry:default@ConfigureCmake":{"_inputs":[{"dataType":"ValueEntry","value":"{\"_name\":\"BUILTIN_TASK_COMMAND\",\"_value\":\"\",\"_valueType\":\"string\"}"},{"dataType":"ValueEntry","value":"{\"_name\":\"BUILTIN_TASK_TOOLCHAIN\",\"_value\":\"\",\"_valueType\":\"string\"}"},{"dataType":"ValueEntry","value":"{\"_name\":\"BUILTIN_TASK_ENV\",\"_value\":\"\",\"_valueType\":\"string\"}"}],"_successful":false,"_projectName":"Part4Demo","_moduleName":"entry","_taskName":"default@ConfigureCmake","_key":":Part4Demo:entry:default@ConfigureCmake","_executionId":":Part4Demo:entry:default@ConfigureCmake:1716800535574","_inputFiles":{"dataType":"Map","value":[]},"_outputFiles":{"dataType":"Map","value":[["/Users/jepson/Desktop/Harmony/projects/Part4Demo/entry/.cxx/default/default/hvigor",{"fileSnapShotHashValue":""}]]}},":Part4Demo:entry:default@SyscapTransform":{"_inputs":[{"dataType":"ValueEntry","value":"{\"_name\":\"deviceTypes\",\"_value\":[\"phone\",\"tablet\",\"2in1\"],\"_valueType\":\"object\"}"},{"dataType":"ValueEntry","value":"{\"_name\":\"BUILTIN_TASK_COMMAND\",\"_value\":\"\",\"_valueType\":\"string\"}"},{"dataType":"ValueEntry","value":"{\"_name\":\"BUILTIN_TASK_TOOLCHAIN\",\"_value\":\"\",\"_valueType\":\"string\"}"},{"dataType":"ValueEntry","value":"{\"_name\":\"BUILTIN_TASK_ENV\",\"_value\":\"\",\"_valueType\":\"string\"}"}],"_successful":true,"_projectName":"Part4Demo","_moduleName":"entry","_taskName":"default@SyscapTransform","_key":":Part4Demo:entry:default@SyscapTransform","_executionId":":Part4Demo:entry:default@SyscapTransform:1716800535578","_inputFiles":{"dataType":"Map","value":[["/Users/jepson/Desktop/Harmony/harmony_sdk/HarmonyOS-NEXT-DP2/base/toolchains/syscap_tool",{"fileSnapShotHashValue":"08ecceb85770a7b7009feed64bb730e1"}],["/Users/jepson/Desktop/Harmony/harmony_sdk/HarmonyOS-NEXT-DP2/base/ets/api/device-define",{"fileSnapShotHashValue":"377895a91316283543229774f4eb363c"}]]},"_outputFiles":{"dataType":"Map","value":[["/Users/jepson/Desktop/Harmony/projects/Part4Demo/entry/build/default/intermediates/syscap/default/rpcid.sc",{"fileSnapShotHashValue":""}]]}},":Part4Demo:entry:default@MakePackInfo":{"_inputs":[{"dataType":"ValueEntry","value":"{\"_name\":\"BUILTIN_TASK_COMMAND\",\"_value\":\"\",\"_valueType\":\"string\",\"_hash\":\"0b5d05294fdf4e78e8482ef53eb64ac0\"}"},{"dataType":"ValueEntry","value":"{\"_name\":\"BUILTIN_TASK_ENV\",\"_value\":\"\",\"_valueType\":\"string\",\"_hash\":\"cdcdc2ec8062ca9ec1de46dbf2bbc053\"}"},{"dataType":"ValueEntry","value":"{\"_name\":\"BUILTIN_TASK_TOOLCHAIN\",\"_value\":\"\",\"_valueType\":\"string\",\"_hash\":\"e7f94a9422a8bc317a7d90b58efcb5f6\"}"},{"dataType":"ValueEntry","value":"{\"_name\":\"compatibleSdkVersion\",\"_value\":11,\"_valueType\":\"number\",\"_hash\":\"0a9ae1c2a584e001c6822783c8cf9636\"}"},{"dataType":"ValueEntry","value":"{\"_name\":\"compileSdkVersion\",\"_value\":11,\"_valueType\":\"number\",\"_hash\":\"f738de07bdb112564f20ca187b9c53c8\"}"},{"dataType":"ValueEntry","value":"{\"_name\":\"deviceTypes\",\"_value\":[\"phone\",\"tablet\",\"2in1\"],\"_valueType\":\"object\",\"_hash\":\"955f8760c6b7289b81ed107c2c4df075\"}"},{"dataType":"ValueEntry","value":"{\"_name\":\"projectConfigAppOpt\",\"_valueType\":\"undefined\",\"_hash\":\"b52997704fa206ed96a13a1f2e464a85\"}"},{"dataType":"ValueEntry","value":"{\"_name\":\"releaseType\",\"_value\":\"Release\",\"_valueType\":\"string\",\"_hash\":\"bbcabdda034e97584f8c36f85b3ec517\"}"}],"_successful":true,"_projectName":"Part4Demo","_moduleName":"entry","_taskName":"default@MakePackInfo","_key":":Part4Demo:entry:default@MakePackInfo","_executionId":":Part4Demo:entry:default@MakePackInfo:1716797231539","_inputFiles":{"dataType":"Map","value":[["/Users/jepson/Desktop/Harmony/projects/Part4Demo/AppScope/app.json5",{"fileSnapShotHashValue":"27670c4bfef43ed5de010af3c9ad2095"}],["/Users/jepson/Desktop/Harmony/projects/Part4Demo/entry/src/main/module.json5",{"fileSnapShotHashValue":"f05ddb2f67ac2a969cdf6cb3167a3780"}],["/Users/jepson/Desktop/Harmony/projects/Part4Demo/build-profile.json5",{"fileSnapShotHashValue":"7ce8b399e160afe2deb7104ade64bb51"}]]},"_outputFiles":{"dataType":"Map","value":[["/Users/jepson/Desktop/Harmony/projects/Part4Demo/entry/build/default/outputs/default/pack.info",{"fileSnapShotHashValue":"6954cbeb26689d7945133f5394a5e368"}]]}},":Part4Demo:entry:default@ProcessResource":{"_inputs":[{"dataType":"ValueEntry","value":"{\"_name\":\"BUILTIN_TASK_COMMAND\",\"_value\":\"\",\"_valueType\":\"string\",\"_hash\":\"0b5d05294fdf4e78e8482ef53eb64ac0\"}"},{"dataType":"ValueEntry","value":"{\"_name\":\"BUILTIN_TASK_ENV\",\"_value\":\"\",\"_valueType\":\"string\",\"_hash\":\"cdcdc2ec8062ca9ec1de46dbf2bbc053\"}"},{"dataType":"ValueEntry","value":"{\"_name\":\"BUILTIN_TASK_TOOLCHAIN\",\"_value\":\"\",\"_valueType\":\"string\",\"_hash\":\"e7f94a9422a8bc317a7d90b58efcb5f6\"}"},{"dataType":"ValueEntry","value":"{\"_name\":\"resConfigJsonContent\",\"_value\":\"{\\\"configPath\\\":\\\"/Users/jepson/Desktop/Harmony/projects/Part4Demo/entry/build/default/intermediates/process_profile/default/module.json\\\",\\\"packageName\\\":\\\"com.example.part4demo\\\",\\\"output\\\":\\\"/Users/jepson/Desktop/Harmony/projects/Part4Demo/entry/build/default/intermediates/res/default\\\",\\\"moduleNames\\\":\\\"entry,TestModule\\\",\\\"ResourceTable\\\":[\\\"/Users/jepson/Desktop/Harmony/projects/Part4Demo/entry/build/default/generated/r/default/ResourceTable.h\\\"],\\\"applicationResource\\\":\\\"/Users/jepson/Desktop/Harmony/projects/Part4Demo/AppScope/resources\\\",\\\"moduleResources\\\":[\\\"/Users/jepson/Desktop/Harmony/projects/Part4Demo/entry/src/main/resources\\\"],\\\"dependencies\\\":[],\\\"iconCheck\\\":true,\\\"ids\\\":\\\"/Users/jepson/Desktop/Harmony/projects/Part4Demo/entry/build/default/intermediates/res/default/ids_map\\\",\\\"definedIds\\\":\\\"/Users/jepson/Desktop/Harmony/projects/Part4Demo/entry/build/default/intermediates/res/default/ids_map/id_defined.json\\\"}\",\"_valueType\":\"string\",\"_hash\":\"2b2692b93aa9be07953d89e21844e393\"}"}],"_successful":true,"_projectName":"Part4Demo","_moduleName":"entry","_taskName":"default@ProcessResource","_key":":Part4Demo:entry:default@ProcessResource","_executionId":":Part4Demo:entry:default@ProcessResource:1716543346313","_inputFiles":{"dataType":"Map","value":[]},"_outputFiles":{"dataType":"Map","value":[["/Users/jepson/Desktop/Harmony/projects/Part4Demo/entry/build/default/intermediates/res/default/resConfig.json",{"isDirectory":false,"fileSnapShotHashValue":"1b382dc1f08dc4b02961f2d3b79ffc3b"}]]}},":Part4Demo:entry:default@ProcessLibs":{"_inputs":[{"dataType":"ValueEntry","value":"{\"_name\":\"BUILTIN_TASK_COMMAND\",\"_value\":\"\",\"_valueType\":\"string\",\"_hash\":\"0b5d05294fdf4e78e8482ef53eb64ac0\"}"},{"dataType":"ValueEntry","value":"{\"_name\":\"BUILTIN_TASK_ENV\",\"_value\":\"\",\"_valueType\":\"string\",\"_hash\":\"cdcdc2ec8062ca9ec1de46dbf2bbc053\"}"},{"dataType":"ValueEntry","value":"{\"_name\":\"BUILTIN_TASK_TOOLCHAIN\",\"_value\":\"\",\"_valueType\":\"string\",\"_hash\":\"e7f94a9422a8bc317a7d90b58efcb5f6\"}"}],"_successful":true,"_projectName":"Part4Demo","_moduleName":"entry","_taskName":"default@ProcessLibs","_key":":Part4Demo:entry:default@ProcessLibs","_executionId":":Part4Demo:entry:default@ProcessLibs:1716534335730","_inputFiles":{"dataType":"Map","value":[]},"_outputFiles":{"dataType":"Map","value":[["/Users/jepson/Desktop/Harmony/projects/Part4Demo/entry/build/default/intermediates/libs/default",{"isDirectory":true,"fileSnapShotHashValue":""}]]}},":Part4Demo:entry:default@CompileResource":{"_inputs":[{"dataType":"ValueEntry","value":"{\"_name\":\"BUILTIN_TASK_COMMAND\",\"_value\":\"/Users/jepson/Desktop/Harmony/harmony_sdk/HarmonyOS-NEXT-DP2/base/toolchains/restool,-l,/Users/jepson/Desktop/Harmony/projects/Part4Demo/entry/build/default/intermediates/res/default/resConfig.json\",\"_valueType\":\"string\",\"_hash\":\"decc00465a3d5da86cff8ac9228e13f9\"}"},{"dataType":"ValueEntry","value":"{\"_name\":\"BUILTIN_TASK_ENV\",\"_value\":\"\",\"_valueType\":\"string\",\"_hash\":\"cdcdc2ec8062ca9ec1de46dbf2bbc053\"}"},{"dataType":"ValueEntry","value":"{\"_name\":\"BUILTIN_TASK_TOOLCHAIN\",\"_value\":\"/Users/jepson/Desktop/Harmony/harmony_sdk/HarmonyOS-NEXT-DP2/base/toolchains/restool\",\"_valueType\":\"string\",\"_hash\":\"3143c00ec51b63cfa5b474f810f8ee1e\"}"},{"dataType":"ValueEntry","value":"{\"_name\":\"TARGET_CONFIG\",\"_value\":\"{\\\"name\\\":\\\"default\\\"}\",\"_valueType\":\"string\",\"_hash\":\"ebe85c5c20c0e5d9e03bc5dc7135f953\"}"}],"_successful":true,"_projectName":"Part4Demo","_moduleName":"entry","_taskName":"default@CompileResource","_key":":Part4Demo:entry:default@CompileResource","_executionId":":Part4Demo:entry:default@CompileResource:1716797231600","_inputFiles":{"dataType":"Map","value":[["/Users/jepson/Desktop/Harmony/projects/Part4Demo/entry/src/main/resources",{"fileSnapShotHashValue":"a534ca7a1618c5b65d231da8f73e47b4"}],["/Users/jepson/Desktop/Harmony/projects/Part4Demo/AppScope/resources",{"fileSnapShotHashValue":"ba3664f776979715c3bcb30bcca40f06"}],["/Users/jepson/Desktop/Harmony/projects/Part4Demo/entry/build/default/intermediates/process_profile/default/module.json",{"isDirectory":false,"fileSnapShotHashValue":"770d3024398bca03aee48711c292954f"}],["/Users/jepson/Desktop/Harmony/projects/Part4Demo/entry/build/default/intermediates/res/default/resConfig.json",{"isDirectory":false,"fileSnapShotHashValue":"1b382dc1f08dc4b02961f2d3b79ffc3b"}]]},"_outputFiles":{"dataType":"Map","value":[["/Users/jepson/Desktop/Harmony/projects/Part4Demo/entry/build/default/intermediates/res/default",{"isDirectory":true,"fileSnapShotHashValue":"d3d893e9981b24d5befcb354d729792f"}],["/Users/jepson/Desktop/Harmony/projects/Part4Demo/entry/build/default/generated/r/default/ResourceTable.h",{"isDirectory":false,"fileSnapShotHashValue":"1e033ce8418b373fc7320c8ba99caf35"}],["/Users/jepson/Desktop/Harmony/projects/Part4Demo/entry/build/default/generated/r/default",{"isDirectory":true,"fileSnapShotHashValue":"2212e6a7100458601235ea07fa2e8df1"}]]}},":Part4Demo:entry:default@DoNativeStrip":{"_inputs":[{"dataType":"ValueEntry","value":"{\"_name\":\"BUILTIN_TASK_COMMAND\",\"_value\":\"\",\"_valueType\":\"string\",\"_hash\":\"0b5d05294fdf4e78e8482ef53eb64ac0\"}"},{"dataType":"ValueEntry","value":"{\"_name\":\"BUILTIN_TASK_ENV\",\"_value\":\"\",\"_valueType\":\"string\",\"_hash\":\"cdcdc2ec8062ca9ec1de46dbf2bbc053\"}"},{"dataType":"ValueEntry","value":"{\"_name\":\"BUILTIN_TASK_TOOLCHAIN\",\"_value\":\"\",\"_valueType\":\"string\",\"_hash\":\"e7f94a9422a8bc317a7d90b58efcb5f6\"}"}],"_successful":true,"_projectName":"Part4Demo","_moduleName":"entry","_taskName":"default@DoNativeStrip","_key":":Part4Demo:entry:default@DoNativeStrip","_executionId":":Part4Demo:entry:default@DoNativeStrip:1716534335754","_inputFiles":{"dataType":"Map","value":[["/Users/jepson/Desktop/Harmony/projects/Part4Demo/entry/build/default/intermediates/libs/default",{"isDirectory":true,"fileSnapShotHashValue":""}]]},"_outputFiles":{"dataType":"Map","value":[["/Users/jepson/Desktop/Harmony/projects/Part4Demo/entry/build/default/intermediates/stripped_native_libs/default",{"isDirectory":true,"fileSnapShotHashValue":""}]]}},":Part4Demo:entry:default@CompileArkTS":{"_inputs":[{"dataType":"ValueEntry","value":"{\"_name\":\"debuggable\",\"_value\":true,\"_valueType\":\"boolean\"}"},{"dataType":"ValueEntry","value":"{\"_name\":\"isArk\",\"_value\":true,\"_valueType\":\"boolean\"}"},{"dataType":"ValueEntry","value":"{\"_name\":\"needCoverageInsert\",\"_value\":false,\"_valueType\":\"boolean\"}"},{"dataType":"ValueEntry","value":"{\"_name\":\"customTypes\",\"_value\":\"\",\"_valueType\":\"string\"}"},{"dataType":"ValueEntry","value":"{\"_name\":\"arkTsWdiget\",\"_value\":false,\"_valueType\":\"boolean\"}"},{"dataType":"ValueEntry","value":"{\"_name\":\"OBFUSCATION_ENABLE\",\"_value\":\"undefined\",\"_valueType\":\"string\"}"},{"dataType":"ValueEntry","value":"{\"_name\":\"noExternalImportByPath\",\"_value\":false,\"_valueType\":\"boolean\"}"},{"dataType":"ValueEntry","value":"{\"_name\":\"BUILTIN_TASK_COMMAND\",\"_value\":\"\",\"_valueType\":\"string\"}"},{"dataType":"ValueEntry","value":"{\"_name\":\"BUILTIN_TASK_TOOLCHAIN\",\"_value\":\"\",\"_valueType\":\"string\"}"},{"dataType":"ValueEntry","value":"{\"_name\":\"BUILTIN_TASK_ENV\",\"_value\":\"\",\"_valueType\":\"string\"}"}],"_successful":true,"_projectName":"Part4Demo","_moduleName":"entry","_taskName":"default@CompileArkTS","_key":":Part4Demo:entry:default@CompileArkTS","_executionId":":Part4Demo:entry:default@CompileArkTS:1716800535617","_inputFiles":{"dataType":"Map","value":[["/Users/jepson/Desktop/Harmony/projects/Part4Demo/entry/build/default/intermediates/loader/default",{"isDirectory":true,"fileSnapShotHashValue":"32884445ab1e7c9a5db5a3b789ddd500"}],["/Users/jepson/Desktop/Harmony/projects/Part4Demo/entry/build/default/intermediates/res/default/resources/rawfile",{"isDirectory":true,"fileSnapShotHashValue":""}],["/Users/jepson/Desktop/Harmony/projects/Part4Demo/entry/build/default/intermediates/res/default/ResourceTable.txt",{"fileSnapShotHashValue":"ae06b6fce84eb89e39fec0d07131b672"}],["/Users/jepson/Desktop/Harmony/projects/Part4Demo/entry/build/default/intermediates/res/default/module.json",{"fileSnapShotHashValue":"a7a8a68c5d995769058c3e2529c76dea"}],["/Users/jepson/Desktop/Harmony/projects/Part4Demo/entry/build/default/intermediates/res/default/resources/base/profile",{"isDirectory":true,"fileSnapShotHashValue":"745d4424083199a662b15f954782b6df"}],["/Users/jepson/Desktop/Harmony/projects/Part4Demo/entry/src/main/ets",{"isDirectory":true,"fileSnapShotHashValue":"99c1e29e3e53ac13b515ee2563582ab0"}],["/Users/jepson/Desktop/Harmony/projects/Part4Demo/entry/build/default/generated/profile/default/BuildProfile.ets",{"fileSnapShotHashValue":"6b58ca85d4a77739a339a7741e03ca43"}]]},"_outputFiles":{"dataType":"Map","value":[["/Users/jepson/Desktop/Harmony/projects/Part4Demo/entry/build/default/intermediates/loader_out/default/ets",{"isDirectory":true,"fileSnapShotHashValue":"1a55439f9a3223051b3ae412aafb6ab4"}]]}},":Part4Demo:entry:default@BuildJS":{"_inputs":[{"dataType":"ValueEntry","value":"{\"_name\":\"debuggable\",\"_value\":true,\"_valueType\":\"boolean\"}"},{"dataType":"ValueEntry","value":"{\"_name\":\"isArk\",\"_value\":true,\"_valueType\":\"boolean\"}"},{"dataType":"ValueEntry","value":"{\"_name\":\"needCoverageInsert\",\"_value\":false,\"_valueType\":\"boolean\"}"},{"dataType":"ValueEntry","value":"{\"_name\":\"customTypes\",\"_value\":\"\",\"_valueType\":\"string\"}"},{"dataType":"ValueEntry","value":"{\"_name\":\"BUILTIN_TASK_COMMAND\",\"_value\":\"\",\"_valueType\":\"string\"}"},{"dataType":"ValueEntry","value":"{\"_name\":\"BUILTIN_TASK_TOOLCHAIN\",\"_value\":\"\",\"_valueType\":\"string\"}"},{"dataType":"ValueEntry","value":"{\"_name\":\"BUILTIN_TASK_ENV\",\"_value\":\"\",\"_valueType\":\"string\"}"}],"_successful":false,"_projectName":"Part4Demo","_moduleName":"entry","_taskName":"default@BuildJS","_key":":Part4Demo:entry:default@BuildJS","_executionId":":Part4Demo:entry:default@BuildJS:1716800535624","_inputFiles":{"dataType":"Map","value":[["/Users/jepson/Desktop/Harmony/projects/Part4Demo/entry/build/default/intermediates/loader/default",{"isDirectory":true,"fileSnapShotHashValue":"32884445ab1e7c9a5db5a3b789ddd500"}],["/Users/jepson/Desktop/Harmony/projects/Part4Demo/entry/build/default/intermediates/res/default/resources/rawfile",{"isDirectory":true,"fileSnapShotHashValue":""}],["/Users/jepson/Desktop/Harmony/projects/Part4Demo/entry/build/default/intermediates/res/default/ResourceTable.txt",{"fileSnapShotHashValue":"ae06b6fce84eb89e39fec0d07131b672"}],["/Users/jepson/Desktop/Harmony/projects/Part4Demo/entry/build/default/intermediates/res/default/module.json",{"fileSnapShotHashValue":"a7a8a68c5d995769058c3e2529c76dea"}],["/Users/jepson/Desktop/Harmony/projects/Part4Demo/entry/build/default/intermediates/res/default/resources/base/profile",{"isDirectory":true,"fileSnapShotHashValue":"745d4424083199a662b15f954782b6df"}]]},"_outputFiles":{"dataType":"Map","value":[["/Users/jepson/Desktop/Harmony/projects/Part4Demo/entry/build/default/intermediates/loader_out/default/js",{"isDirectory":true,"fileSnapShotHashValue":""}]]}},":Part4Demo:entry:default@CacheNativeLibs":{"_inputs":[{"dataType":"ValueEntry","value":"{\"_name\":\"BUILTIN_TASK_COMMAND\",\"_value\":\"\",\"_valueType\":\"string\",\"_hash\":\"0b5d05294fdf4e78e8482ef53eb64ac0\"}"},{"dataType":"ValueEntry","value":"{\"_name\":\"BUILTIN_TASK_ENV\",\"_value\":\"\",\"_valueType\":\"string\",\"_hash\":\"cdcdc2ec8062ca9ec1de46dbf2bbc053\"}"},{"dataType":"ValueEntry","value":"{\"_name\":\"BUILTIN_TASK_TOOLCHAIN\",\"_value\":\"\",\"_valueType\":\"string\",\"_hash\":\"e7f94a9422a8bc317a7d90b58efcb5f6\"}"}],"_successful":true,"_projectName":"Part4Demo","_moduleName":"entry","_taskName":"default@CacheNativeLibs","_key":":Part4Demo:entry:default@CacheNativeLibs","_executionId":":Part4Demo:entry:default@CacheNativeLibs:1716534335771","_inputFiles":{"dataType":"Map","value":[["/Users/jepson/Desktop/Harmony/projects/Part4Demo/entry/build/default/intermediates/libs/default",{"isDirectory":true,"fileSnapShotHashValue":""}],["/Users/jepson/Desktop/Harmony/projects/Part4Demo/entry/build/default/intermediates/stripped_native_libs/default",{"isDirectory":true,"fileSnapShotHashValue":""}]]},"_outputFiles":{"dataType":"Map","value":[["/Users/jepson/Desktop/Harmony/projects/Part4Demo/entry/build/default/intermediates/patch/default/base_native_libs.json",{"isDirectory":false,"fileSnapShotHashValue":"2829c9e427f9264b77e6e288dc8e32ce"}]]}},":Part4Demo:entry:default@PackageHap":{"_inputs":[{"dataType":"ValueEntry","value":"{\"_name\":\"hotReload\",\"_value\":false,\"_valueType\":\"boolean\"}"},{"dataType":"ValueEntry","value":"{\"_name\":\"projectConfigAppOpt\",\"_valueType\":\"undefined\"}"},{"dataType":"ValueEntry","value":"{\"_name\":\"bundleType\",\"_value\":\"app\",\"_valueType\":\"string\"}"},{"dataType":"ValueEntry","value":"{\"_name\":\"BUILTIN_TASK_COMMAND\",\"_value\":\"java,-Dfile.encoding=utf-8,-jar,/Users/jepson/Desktop/Harmony/harmony_sdk/HarmonyOS-NEXT-DP2/base/toolchains/lib/app_packing_tool.jar,--mode,hap,--force,true,--lib-path,/Users/jepson/Desktop/Harmony/projects/Part4Demo/entry/build/default/intermediates/stripped_native_libs/default,--json-path,/Users/jepson/Desktop/Harmony/projects/Part4Demo/entry/build/default/intermediates/res/default/module.json,--resources-path,/Users/jepson/Desktop/Harmony/projects/Part4Demo/entry/build/default/intermediates/res/default/resources,--index-path,/Users/jepson/Desktop/Harmony/projects/Part4Demo/entry/build/default/intermediates/res/default/resources.index,--pack-info-path,/Users/jepson/Desktop/Harmony/projects/Part4Demo/entry/build/default/outputs/default/pack.info,--out-path,/Users/jepson/Desktop/Harmony/projects/Part4Demo/entry/build/default/outputs/default/entry-default-unsigned.hap,--ets-path,/Users/jepson/Desktop/Harmony/projects/Part4Demo/entry/build/default/intermediates/loader_out/default/ets\",\"_valueType\":\"string\"}"},{"dataType":"ValueEntry","value":"{\"_name\":\"BUILTIN_TASK_TOOLCHAIN\",\"_value\":\"/Users/jepson/Desktop/Harmony/harmony_sdk/HarmonyOS-NEXT-DP2/base/toolchains/lib/app_packing_tool.jar\",\"_valueType\":\"string\"}"},{"dataType":"ValueEntry","value":"{\"_name\":\"BUILTIN_TASK_ENV\",\"_value\":\"\",\"_valueType\":\"string\"}"}],"_successful":true,"_projectName":"Part4Demo","_moduleName":"entry","_taskName":"default@PackageHap","_key":":Part4Demo:entry:default@PackageHap","_executionId":":Part4Demo:entry:default@PackageHap:1716800535969","_inputFiles":{"dataType":"Map","value":[["/Users/jepson/Desktop/Harmony/projects/Part4Demo/entry/build/default/intermediates/stripped_native_libs/default",{"isDirectory":false,"fileSnapShotHashValue":""}],["/Users/jepson/Desktop/Harmony/projects/Part4Demo/entry/build/default/intermediates/res/default/module.json",{"isDirectory":false,"fileSnapShotHashValue":"a7a8a68c5d995769058c3e2529c76dea"}],["/Users/jepson/Desktop/Harmony/projects/Part4Demo/entry/build/default/intermediates/res/default/resources",{"isDirectory":false,"fileSnapShotHashValue":"c260fb52ec41d6d2f1a32e007df9e9f6"}],["/Users/jepson/Desktop/Harmony/projects/Part4Demo/entry/build/default/intermediates/res/default/resources.index",{"isDirectory":false,"fileSnapShotHashValue":"92220c06b2aef698df219dbad6211e4f"}],["/Users/jepson/Desktop/Harmony/projects/Part4Demo/entry/build/default/outputs/default/pack.info",{"isDirectory":false,"fileSnapShotHashValue":"6954cbeb26689d7945133f5394a5e368"}],["/Users/jepson/Desktop/Harmony/projects/Part4Demo/entry/build/default/intermediates/loader_out/default/ets",{"isDirectory":false,"fileSnapShotHashValue":"1a55439f9a3223051b3ae412aafb6ab4"}],["/Users/jepson/Desktop/Harmony/projects/Part4Demo/entry/build/default/generated/profile/default/BuildProfile.ets",{"fileSnapShotHashValue":"6b58ca85d4a77739a339a7741e03ca43"}]]},"_outputFiles":{"dataType":"Map","value":[["/Users/jepson/Desktop/Harmony/projects/Part4Demo/entry/build/default/outputs/default/entry-default-unsigned.hap",{"isDirectory":false,"fileSnapShotHashValue":"ed93e082dc68f80b86a7f572cb90763b"}]]}},":Part4Demo:entry:default@SignHap":{"_inputs":[{"dataType":"ValueEntry","value":"{\"_name\":\"enableSignTask\",\"_value\":true,\"_valueType\":\"boolean\"}"},{"dataType":"ValueEntry","value":"{\"_name\":\"sdkToolchainsComponentVersion\",\"_value\":\"4.1.0.71\",\"_valueType\":\"string\"}"},{"dataType":"ValueEntry","value":"{\"_name\":\"existSigningConfig\",\"_value\":false,\"_valueType\":\"boolean\"}"},{"dataType":"ValueEntry","value":"{\"_name\":\"BUILTIN_TASK_COMMAND\",\"_value\":\"\",\"_valueType\":\"string\"}"},{"dataType":"ValueEntry","value":"{\"_name\":\"BUILTIN_TASK_TOOLCHAIN\",\"_value\":\"\",\"_valueType\":\"string\"}"},{"dataType":"ValueEntry","value":"{\"_name\":\"BUILTIN_TASK_ENV\",\"_value\":\"\",\"_valueType\":\"string\"}"}],"_successful":true,"_projectName":"Part4Demo","_moduleName":"entry","_taskName":"default@SignHap","_key":":Part4Demo:entry:default@SignHap","_executionId":":Part4Demo:entry:default@SignHap:1716800536165","_inputFiles":{"dataType":"Map","value":[["/Users/jepson/Desktop/Harmony/projects/Part4Demo/entry/build/default/outputs/default/entry-default-unsigned.hap",{"isDirectory":false,"fileSnapShotHashValue":"ed93e082dc68f80b86a7f572cb90763b"}]]},"_outputFiles":{"dataType":"Map","value":[["/Users/jepson/Desktop/Harmony/projects/Part4Demo/entry/build/default/outputs/default/entry-default-signed.hap",{"isDirectory":false,"fileSnapShotHashValue":""}]]}},":Part4Demo:TestModule:default@PreBuild":{"_inputs":[{"dataType":"ValueEntry","value":"{\"_name\":\"BUILTIN_TASK_COMMAND\",\"_value\":\"\",\"_valueType\":\"string\",\"_hash\":\"0b5d05294fdf4e78e8482ef53eb64ac0\"}"},{"dataType":"ValueEntry","value":"{\"_name\":\"BUILTIN_TASK_ENV\",\"_value\":\"\",\"_valueType\":\"string\",\"_hash\":\"cdcdc2ec8062ca9ec1de46dbf2bbc053\"}"},{"dataType":"ValueEntry","value":"{\"_name\":\"BUILTIN_TASK_TOOLCHAIN\",\"_value\":\"\",\"_valueType\":\"string\",\"_hash\":\"e7f94a9422a8bc317a7d90b58efcb5f6\"}"},{"dataType":"ValueEntry","value":"{\"_name\":\"apiType\",\"_value\":\"stageMode\",\"_valueType\":\"string\",\"_hash\":\"699c7565645ea3ea8c88551a4926a3d5\"}"},{"dataType":"ValueEntry","value":"{\"_name\":\"codeType\",\"_value\":true,\"_valueType\":\"boolean\",\"_hash\":\"d6dcf21a9f078b661283507536e57ce8\"}"},{"dataType":"ValueEntry","value":"{\"_name\":\"compatibleApiVersion\",\"_value\":11,\"_valueType\":\"number\",\"_hash\":\"93f5cd3d75ef7f4c00083401b682d592\"}"},{"dataType":"ValueEntry","value":"{\"_name\":\"compileApiVersion\",\"_value\":11,\"_valueType\":\"number\",\"_hash\":\"e44e5a65058824d789a8244107920ae0\"}"},{"dataType":"ValueEntry","value":"{\"_name\":\"customTypes\",\"_value\":\"\",\"_valueType\":\"string\",\"_hash\":\"970a2695bffac1c5a4fa283dc36050e3\"}"},{"dataType":"ValueEntry","value":"{\"_name\":\"deviceType\",\"_value\":[\"phone\",\"tablet\",\"2in1\"],\"_valueType\":\"object\",\"_hash\":\"82734343919a9219c848a93ce88dfb4d\"}"},{"dataType":"ValueEntry","value":"{\"_name\":\"isSupportOhpmProj\",\"_value\":true,\"_valueType\":\"boolean\",\"_hash\":\"f3a249d7e3f751316e931b8a08b074b4\"}"},{"dataType":"ValueEntry","value":"{\"_name\":\"profileModuleName\",\"_value\":\"TestModule\",\"_valueType\":\"string\",\"_hash\":\"6a354bab145dc5e37760f9e2f070eeb5\"}"},{"dataType":"ValueEntry","value":"{\"_name\":\"sdkToolchainsComponentVersion\",\"_value\":\"4.1.0.71\",\"_valueType\":\"string\",\"_hash\":\"87f584290b6fbd40ec1c9cafe12605db\"}"},{"dataType":"ValueEntry","value":"{\"_name\":\"targetStatusCode\",\"_value\":2,\"_valueType\":\"number\",\"_hash\":\"5a9255c0f4ee50904a9349ebafca8369\"}"}],"_successful":true,"_projectName":"Part4Demo","_moduleName":"TestModule","_taskName":"default@PreBuild","_key":":Part4Demo:TestModule:default@PreBuild","_executionId":":Part4Demo:TestModule:default@PreBuild:1716800352125","_inputFiles":{"dataType":"Map","value":[["/Users/jepson/Desktop/Harmony/projects/Part4Demo/AppScope/app.json5",{"isDirectory":false,"fileSnapShotHashValue":"27670c4bfef43ed5de010af3c9ad2095"}],["/Users/jepson/Desktop/Harmony/projects/Part4Demo/TestModule/src/main/module.json5",{"isDirectory":false,"fileSnapShotHashValue":"e9339465a8d801eaaf9a2fe90dc600cc"}],["/Users/jepson/Desktop/Harmony/projects/Part4Demo/build-profile.json5",{"fileSnapShotHashValue":"7ce8b399e160afe2deb7104ade64bb51"}],["/Users/jepson/Desktop/Harmony/projects/Part4Demo/TestModule/build-profile.json5",{"fileSnapShotHashValue":"9d24ada37005a633c864aa2e7677dab7"}],["/Users/jepson/Desktop/Harmony/projects/Part4Demo/TestModule/src/main/resources/base/profile/main_pages.json",{"fileSnapShotHashValue":"b4c8a447fe2499b5fe22762762303d24"}],["/Users/jepson/Desktop/Harmony/projects/Part4Demo/TestModule/oh-package.json5",{"fileSnapShotHashValue":"2403e65106561ec24ba044881c888330"}]]},"_outputFiles":{"dataType":"Map","value":[]}},":Part4Demo:TestModule:default@GenerateMetadata":{"_inputs":[{"dataType":"ValueEntry","value":"{\"_name\":\"BUILTIN_TASK_COMMAND\",\"_value\":\"\",\"_valueType\":\"string\",\"_hash\":\"0b5d05294fdf4e78e8482ef53eb64ac0\"}"},{"dataType":"ValueEntry","value":"{\"_name\":\"BUILTIN_TASK_ENV\",\"_value\":\"\",\"_valueType\":\"string\",\"_hash\":\"cdcdc2ec8062ca9ec1de46dbf2bbc053\"}"},{"dataType":"ValueEntry","value":"{\"_name\":\"BUILTIN_TASK_TOOLCHAIN\",\"_value\":\"\",\"_valueType\":\"string\",\"_hash\":\"e7f94a9422a8bc317a7d90b58efcb5f6\"}"},{"dataType":"ValueEntry","value":"{\"_name\":\"allRemoteHspPathList\",\"_value\":[],\"_valueType\":\"object\",\"_hash\":\"211fb88ebae7b5ddeb7bc8e1a43ab73b\"}"},{"dataType":"ValueEntry","value":"{\"_name\":\"enableSignTask\",\"_value\":true,\"_valueType\":\"boolean\",\"_hash\":\"910298825388ce24c00cb3c1aeb80caa\"}"},{"dataType":"ValueEntry","value":"{\"_name\":\"entryModules\",\"_value\":[],\"_valueType\":\"object\",\"_hash\":\"aea18c73616ef065de1f5734ffcfeacd\"}"},{"dataType":"ValueEntry","value":"{\"_name\":\"existSigningConfig\",\"_value\":false,\"_valueType\":\"boolean\",\"_hash\":\"1577ffedb088f641d0438ac50d5978d5\"}"},{"dataType":"ValueEntry","value":"{\"_name\":\"moduleDeviceType\",\"_value\":[\"phone\",\"tablet\",\"2in1\"],\"_valueType\":\"object\",\"_hash\":\"66b05e14942328cd2607b98a4b94245d\"}"},{"dataType":"ValueEntry","value":"{\"_name\":\"product\",\"_value\":\"default\",\"_valueType\":\"string\",\"_hash\":\"c78efd675257060e500cc4a185c4a166\"}"},{"dataType":"ValueEntry","value":"{\"_name\":\"sdkToolchainsComponentVersion\",\"_value\":\"4.1.0.71\",\"_valueType\":\"string\",\"_hash\":\"87f584290b6fbd40ec1c9cafe12605db\"}"},{"dataType":"ValueEntry","value":"{\"_name\":\"targetConfig\",\"_value\":\"{\\\"name\\\":\\\"default\\\"}\",\"_valueType\":\"string\",\"_hash\":\"44f0c01d44e2bbf4013c5bb1f232e1fe\"}"}],"_successful":true,"_projectName":"Part4Demo","_moduleName":"TestModule","_taskName":"default@GenerateMetadata","_key":":Part4Demo:TestModule:default@GenerateMetadata","_executionId":":Part4Demo:TestModule:default@GenerateMetadata:1716800352129","_inputFiles":{"dataType":"Map","value":[["/Users/jepson/Desktop/Harmony/projects/Part4Demo/TestModule/src/main/module.json5",{"fileSnapShotHashValue":"e9339465a8d801eaaf9a2fe90dc600cc"}]]},"_outputFiles":{"dataType":"Map","value":[["/Users/jepson/Desktop/Harmony/projects/Part4Demo/TestModule/build/default/intermediates/hap_metadata/default/output_metadata.json",{"fileSnapShotHashValue":"8f3fa7356d91963670ca5dbce695db98"}]]}},":Part4Demo:TestModule:default@CreateBuildProfile":{"_inputs":[{"dataType":"ValueEntry","value":"{\"_name\":\"BUILTIN_TASK_COMMAND\",\"_value\":\"\",\"_valueType\":\"string\",\"_hash\":\"0b5d05294fdf4e78e8482ef53eb64ac0\"}"},{"dataType":"ValueEntry","value":"{\"_name\":\"BUILTIN_TASK_ENV\",\"_value\":\"\",\"_valueType\":\"string\",\"_hash\":\"cdcdc2ec8062ca9ec1de46dbf2bbc053\"}"},{"dataType":"ValueEntry","value":"{\"_name\":\"BUILTIN_TASK_TOOLCHAIN\",\"_value\":\"\",\"_valueType\":\"string\",\"_hash\":\"e7f94a9422a8bc317a7d90b58efcb5f6\"}"},{"dataType":"ValueEntry","value":"{\"_name\":\"buildMode\",\"_value\":\"Debug\",\"_valueType\":\"string\",\"_hash\":\"8120d22ada0d6de22b101e1f4ea16e81\"}"},{"dataType":"ValueEntry","value":"{\"_name\":\"buildModeName\",\"_value\":\"debug\",\"_valueType\":\"string\",\"_hash\":\"3f0246ea410fd9efa9fc7196cca045e3\"}"},{"dataType":"ValueEntry","value":"{\"_name\":\"projectOhosConfigAppOpt\",\"_valueType\":\"undefined\",\"_hash\":\"d55b976f16f2e6ec7261b64755922538\"}"}],"_successful":true,"_projectName":"Part4Demo","_moduleName":"TestModule","_taskName":"default@CreateBuildProfile","_key":":Part4Demo:TestModule:default@CreateBuildProfile","_executionId":":Part4Demo:TestModule:default@CreateBuildProfile:1716543327849","_inputFiles":{"dataType":"Map","value":[["/Users/jepson/Desktop/Harmony/projects/Part4Demo/AppScope/app.json5",{"fileSnapShotHashValue":"27670c4bfef43ed5de010af3c9ad2095"}],["/Users/jepson/Desktop/Harmony/projects/Part4Demo/build-profile.json5",{"fileSnapShotHashValue":"7ce8b399e160afe2deb7104ade64bb51"}]]},"_outputFiles":{"dataType":"Map","value":[["/Users/jepson/Desktop/Harmony/projects/Part4Demo/TestModule/build/default/generated/profile/default/BuildProfile.ets",{"fileSnapShotHashValue":"41a7744cf08eecf6beb99de920f2ddfb"}]]}},":Part4Demo:TestModule:default@ConfigureCmake":{"_inputs":[{"dataType":"ValueEntry","value":"{\"_name\":\"BUILTIN_TASK_COMMAND\",\"_value\":\"\",\"_valueType\":\"string\"}"},{"dataType":"ValueEntry","value":"{\"_name\":\"BUILTIN_TASK_TOOLCHAIN\",\"_value\":\"\",\"_valueType\":\"string\"}"},{"dataType":"ValueEntry","value":"{\"_name\":\"BUILTIN_TASK_ENV\",\"_value\":\"\",\"_valueType\":\"string\"}"}],"_successful":false,"_projectName":"Part4Demo","_moduleName":"TestModule","_taskName":"default@ConfigureCmake","_key":":Part4Demo:TestModule:default@ConfigureCmake","_executionId":":Part4Demo:TestModule:default@ConfigureCmake:1716800535579","_inputFiles":{"dataType":"Map","value":[]},"_outputFiles":{"dataType":"Map","value":[["/Users/jepson/Desktop/Harmony/projects/Part4Demo/TestModule/.cxx/default/default/hvigor",{"fileSnapShotHashValue":""}]]}},":Part4Demo:TestModule:default@MergeProfile":{"_inputs":[{"dataType":"ValueEntry","value":"{\"_name\":\"BUILTIN_TASK_COMMAND\",\"_value\":\"\",\"_valueType\":\"string\",\"_hash\":\"0b5d05294fdf4e78e8482ef53eb64ac0\"}"},{"dataType":"ValueEntry","value":"{\"_name\":\"BUILTIN_TASK_ENV\",\"_value\":\"\",\"_valueType\":\"string\",\"_hash\":\"cdcdc2ec8062ca9ec1de46dbf2bbc053\"}"},{"dataType":"ValueEntry","value":"{\"_name\":\"BUILTIN_TASK_TOOLCHAIN\",\"_value\":\"\",\"_valueType\":\"string\",\"_hash\":\"e7f94a9422a8bc317a7d90b58efcb5f6\"}"},{"dataType":"ValueEntry","value":"{\"_name\":\"asanEnable\",\"_value\":false,\"_valueType\":\"boolean\",\"_hash\":\"bc2129ba20a21b7e5234139ede1b4d7b\"}"},{"dataType":"ValueEntry","value":"{\"_name\":\"buildRoot\",\"_value\":\"build\",\"_valueType\":\"string\",\"_hash\":\"4c2dd7bb7507f74001ec27f2936db7f9\"}"},{"dataType":"ValueEntry","value":"{\"_name\":\"compatibleSdkVersion\",\"_value\":11,\"_valueType\":\"number\",\"_hash\":\"0a9ae1c2a584e001c6822783c8cf9636\"}"},{"dataType":"ValueEntry","value":"{\"_name\":\"isDebug\",\"_value\":true,\"_valueType\":\"boolean\",\"_hash\":\"edbf05a2d2be2c385e75d9565a48d419\"}"},{"dataType":"ValueEntry","value":"{\"_name\":\"isHarModule\",\"_value\":false,\"_valueType\":\"boolean\",\"_hash\":\"a15b7a3ed818faa99a4a10d67f52cb72\"}"},{"dataType":"ValueEntry","value":"{\"_name\":\"multiProjects\",\"_value\":false,\"_valueType\":\"boolean\",\"_hash\":\"555604752defc243b4e4c55d1549fc06\"}"},{"dataType":"ValueEntry","value":"{\"_name\":\"projectConfigAppOpt\",\"_valueType\":\"undefined\",\"_hash\":\"b52997704fa206ed96a13a1f2e464a85\"}"},{"dataType":"ValueEntry","value":"{\"_name\":\"releaseType\",\"_value\":\"Release\",\"_valueType\":\"string\",\"_hash\":\"bbcabdda034e97584f8c36f85b3ec517\"}"},{"dataType":"ValueEntry","value":"{\"_name\":\"targetSdkVersion\",\"_value\":11,\"_valueType\":\"number\",\"_hash\":\"578c4c0926086069dd411e7d59783372\"}"}],"_successful":true,"_projectName":"Part4Demo","_moduleName":"TestModule","_taskName":"default@MergeProfile","_key":":Part4Demo:TestModule:default@MergeProfile","_executionId":":Part4Demo:TestModule:default@MergeProfile:1716800352135","_inputFiles":{"dataType":"Map","value":[["/Users/jepson/Desktop/Harmony/projects/Part4Demo/AppScope/app.json5",{"fileSnapShotHashValue":"27670c4bfef43ed5de010af3c9ad2095"}],["/Users/jepson/Desktop/Harmony/projects/Part4Demo/build-profile.json5",{"fileSnapShotHashValue":"7ce8b399e160afe2deb7104ade64bb51"}],["/Users/jepson/Desktop/Harmony/projects/Part4Demo/TestModule/src/main/module.json5",{"fileSnapShotHashValue":"e9339465a8d801eaaf9a2fe90dc600cc"}]]},"_outputFiles":{"dataType":"Map","value":[["/Users/jepson/Desktop/Harmony/projects/Part4Demo/TestModule/build/default/intermediates/merge_profile/default/module.json",{"fileSnapShotHashValue":"aa4e47bd041241cb43cef68ebfd4d54a"}]]}},":Part4Demo:TestModule:default@ProcessRouterMap":{"_inputs":[{"dataType":"ValueEntry","value":"{\"_name\":\"BUILTIN_TASK_COMMAND\",\"_value\":\"\",\"_valueType\":\"string\",\"_hash\":\"0b5d05294fdf4e78e8482ef53eb64ac0\"}"},{"dataType":"ValueEntry","value":"{\"_name\":\"BUILTIN_TASK_ENV\",\"_value\":\"\",\"_valueType\":\"string\",\"_hash\":\"cdcdc2ec8062ca9ec1de46dbf2bbc053\"}"},{"dataType":"ValueEntry","value":"{\"_name\":\"BUILTIN_TASK_TOOLCHAIN\",\"_value\":\"\",\"_valueType\":\"string\",\"_hash\":\"e7f94a9422a8bc317a7d90b58efcb5f6\"}"},{"dataType":"ValueEntry","value":"{\"_name\":\"obfuscated\",\"_value\":true,\"_valueType\":\"boolean\",\"_hash\":\"a69c27b9cf01a6710d3662cfe180239f\"}"}],"_successful":true,"_projectName":"Part4Demo","_moduleName":"TestModule","_taskName":"default@ProcessRouterMap","_key":":Part4Demo:TestModule:default@ProcessRouterMap","_executionId":":Part4Demo:TestModule:default@ProcessRouterMap:1716800352136","_inputFiles":{"dataType":"Map","value":[["/Users/jepson/Desktop/Harmony/projects/Part4Demo/TestModule/oh-package.json5",{"fileSnapShotHashValue":"2403e65106561ec24ba044881c888330"}],["/Users/jepson/Desktop/Harmony/projects/Part4Demo/oh-package.json5",{"fileSnapShotHashValue":"3eb2a2df1a5771804bb05e2f29e5179f"}],["/Users/jepson/Desktop/Harmony/projects/Part4Demo/TestModule/src/main/module.json5",{"fileSnapShotHashValue":"e9339465a8d801eaaf9a2fe90dc600cc"}]]},"_outputFiles":{"dataType":"Map","value":[["/Users/jepson/Desktop/Harmony/projects/Part4Demo/TestModule/build/default/intermediates/loader/default/loader.json",{"fileSnapShotHashValue":"c724a94d751ab974f28f4b87849fd4e3"}]]}},":Part4Demo:TestModule:default@SyscapTransform":{"_inputs":[{"dataType":"ValueEntry","value":"{\"_name\":\"deviceTypes\",\"_value\":[\"phone\",\"tablet\",\"2in1\"],\"_valueType\":\"object\"}"},{"dataType":"ValueEntry","value":"{\"_name\":\"BUILTIN_TASK_COMMAND\",\"_value\":\"\",\"_valueType\":\"string\"}"},{"dataType":"ValueEntry","value":"{\"_name\":\"BUILTIN_TASK_TOOLCHAIN\",\"_value\":\"\",\"_valueType\":\"string\"}"},{"dataType":"ValueEntry","value":"{\"_name\":\"BUILTIN_TASK_ENV\",\"_value\":\"\",\"_valueType\":\"string\"}"}],"_successful":true,"_projectName":"Part4Demo","_moduleName":"TestModule","_taskName":"default@SyscapTransform","_key":":Part4Demo:TestModule:default@SyscapTransform","_executionId":":Part4Demo:TestModule:default@SyscapTransform:1716800535583","_inputFiles":{"dataType":"Map","value":[["/Users/jepson/Desktop/Harmony/harmony_sdk/HarmonyOS-NEXT-DP2/base/toolchains/syscap_tool",{"fileSnapShotHashValue":"08ecceb85770a7b7009feed64bb730e1"}],["/Users/jepson/Desktop/Harmony/harmony_sdk/HarmonyOS-NEXT-DP2/base/ets/api/device-define",{"fileSnapShotHashValue":"377895a91316283543229774f4eb363c"}]]},"_outputFiles":{"dataType":"Map","value":[["/Users/jepson/Desktop/Harmony/projects/Part4Demo/TestModule/build/default/intermediates/syscap/default/rpcid.sc",{"fileSnapShotHashValue":""}]]}},":Part4Demo:TestModule:default@MakePackInfo":{"_inputs":[{"dataType":"ValueEntry","value":"{\"_name\":\"BUILTIN_TASK_COMMAND\",\"_value\":\"\",\"_valueType\":\"string\",\"_hash\":\"0b5d05294fdf4e78e8482ef53eb64ac0\"}"},{"dataType":"ValueEntry","value":"{\"_name\":\"BUILTIN_TASK_ENV\",\"_value\":\"\",\"_valueType\":\"string\",\"_hash\":\"cdcdc2ec8062ca9ec1de46dbf2bbc053\"}"},{"dataType":"ValueEntry","value":"{\"_name\":\"BUILTIN_TASK_TOOLCHAIN\",\"_value\":\"\",\"_valueType\":\"string\",\"_hash\":\"e7f94a9422a8bc317a7d90b58efcb5f6\"}"},{"dataType":"ValueEntry","value":"{\"_name\":\"compatibleSdkVersion\",\"_value\":11,\"_valueType\":\"number\",\"_hash\":\"0a9ae1c2a584e001c6822783c8cf9636\"}"},{"dataType":"ValueEntry","value":"{\"_name\":\"compileSdkVersion\",\"_value\":11,\"_valueType\":\"number\",\"_hash\":\"f738de07bdb112564f20ca187b9c53c8\"}"},{"dataType":"ValueEntry","value":"{\"_name\":\"deviceTypes\",\"_value\":[\"phone\",\"tablet\",\"2in1\"],\"_valueType\":\"object\",\"_hash\":\"955f8760c6b7289b81ed107c2c4df075\"}"},{"dataType":"ValueEntry","value":"{\"_name\":\"projectConfigAppOpt\",\"_valueType\":\"undefined\",\"_hash\":\"b52997704fa206ed96a13a1f2e464a85\"}"},{"dataType":"ValueEntry","value":"{\"_name\":\"releaseType\",\"_value\":\"Release\",\"_valueType\":\"string\",\"_hash\":\"bbcabdda034e97584f8c36f85b3ec517\"}"}],"_successful":true,"_projectName":"Part4Demo","_moduleName":"TestModule","_taskName":"default@MakePackInfo","_key":":Part4Demo:TestModule:default@MakePackInfo","_executionId":":Part4Demo:TestModule:default@MakePackInfo:1716800352141","_inputFiles":{"dataType":"Map","value":[["/Users/jepson/Desktop/Harmony/projects/Part4Demo/AppScope/app.json5",{"fileSnapShotHashValue":"27670c4bfef43ed5de010af3c9ad2095"}],["/Users/jepson/Desktop/Harmony/projects/Part4Demo/TestModule/src/main/module.json5",{"fileSnapShotHashValue":"e9339465a8d801eaaf9a2fe90dc600cc"}],["/Users/jepson/Desktop/Harmony/projects/Part4Demo/build-profile.json5",{"fileSnapShotHashValue":"7ce8b399e160afe2deb7104ade64bb51"}]]},"_outputFiles":{"dataType":"Map","value":[["/Users/jepson/Desktop/Harmony/projects/Part4Demo/TestModule/build/default/outputs/default/pack.info",{"fileSnapShotHashValue":"ca5185162db28ce043c2a2d14e3f728d"}]]}},":Part4Demo:TestModule:default@ProcessProfile":{"_inputs":[{"dataType":"ValueEntry","value":"{\"_name\":\"BUILTIN_TASK_COMMAND\",\"_value\":\"\",\"_valueType\":\"string\",\"_hash\":\"0b5d05294fdf4e78e8482ef53eb64ac0\"}"},{"dataType":"ValueEntry","value":"{\"_name\":\"BUILTIN_TASK_ENV\",\"_value\":\"\",\"_valueType\":\"string\",\"_hash\":\"cdcdc2ec8062ca9ec1de46dbf2bbc053\"}"},{"dataType":"ValueEntry","value":"{\"_name\":\"BUILTIN_TASK_TOOLCHAIN\",\"_value\":\"\",\"_valueType\":\"string\",\"_hash\":\"e7f94a9422a8bc317a7d90b58efcb5f6\"}"},{"dataType":"ValueEntry","value":"{\"_name\":\"arkEnable\",\"_value\":true,\"_valueType\":\"boolean\",\"_hash\":\"750b4bda198545a67903dfb3f6a00a95\"}"},{"dataType":"ValueEntry","value":"{\"_name\":\"compileMode\",\"_value\":\"esmodule\",\"_valueType\":\"string\",\"_hash\":\"dacafc8e0b77a950178a0b4d142dc32c\"}"},{"dataType":"ValueEntry","value":"{\"_name\":\"dependency\",\"_value\":\"[]\",\"_valueType\":\"string\",\"_hash\":\"ac54f3d4ced2d4c1d666d40e4f7c454a\"}"},{"dataType":"ValueEntry","value":"{\"_name\":\"deviceTypes\",\"_value\":[\"phone\",\"tablet\",\"2in1\"],\"_valueType\":\"object\",\"_hash\":\"955f8760c6b7289b81ed107c2c4df075\"}"}],"_successful":true,"_projectName":"Part4Demo","_moduleName":"TestModule","_taskName":"default@ProcessProfile","_key":":Part4Demo:TestModule:default@ProcessProfile","_executionId":":Part4Demo:TestModule:default@ProcessProfile:1716800352144","_inputFiles":{"dataType":"Map","value":[["/Users/jepson/Desktop/Harmony/projects/Part4Demo/TestModule/build/default/intermediates/merge_profile/default/module.json",{"fileSnapShotHashValue":"aa4e47bd041241cb43cef68ebfd4d54a"}]]},"_outputFiles":{"dataType":"Map","value":[["/Users/jepson/Desktop/Harmony/projects/Part4Demo/TestModule/build/default/intermediates/process_profile/default/module.json",{"fileSnapShotHashValue":"aabc2494c2adfb590f5566cf03cdf139"}]]}},":Part4Demo:TestModule:default@GenerateLoaderJson":{"_inputs":[{"dataType":"ValueEntry","value":"{\"_name\":\"BUILTIN_TASK_COMMAND\",\"_value\":\"\",\"_valueType\":\"string\",\"_hash\":\"0b5d05294fdf4e78e8482ef53eb64ac0\"}"},{"dataType":"ValueEntry","value":"{\"_name\":\"BUILTIN_TASK_ENV\",\"_value\":\"\",\"_valueType\":\"string\",\"_hash\":\"cdcdc2ec8062ca9ec1de46dbf2bbc053\"}"},{"dataType":"ValueEntry","value":"{\"_name\":\"BUILTIN_TASK_TOOLCHAIN\",\"_value\":\"\",\"_valueType\":\"string\",\"_hash\":\"e7f94a9422a8bc317a7d90b58efcb5f6\"}"},{"dataType":"ValueEntry","value":"{\"_name\":\"anBuildMode\",\"_value\":\"type\",\"_valueType\":\"string\",\"_hash\":\"de241a1eec94a2a622ff1c89f32846a2\"}"},{"dataType":"ValueEntry","value":"{\"_name\":\"apPath\",\"_value\":\"/Users/jepson/Desktop/Harmony/projects/Part4Demo/TestModule/modules.ap\",\"_valueType\":\"string\",\"_hash\":\"0a97445fe9f9a6c9c2d01237f6f2d00e\"}"},{"dataType":"ValueEntry","value":"{\"_name\":\"compileMode\",\"_value\":\"esmodule\",\"_valueType\":\"string\",\"_hash\":\"dacafc8e0b77a950178a0b4d142dc32c\"}"},{"dataType":"ValueEntry","value":"{\"_name\":\"fallbackAnBuild\",\"_value\":false,\"_valueType\":\"boolean\",\"_hash\":\"a63e98bb3f368ced6ed4d5579ea7ca39\"}"},{"dataType":"ValueEntry","value":"{\"_name\":\"harNameOhmMap\",\"_value\":\"{}\",\"_valueType\":\"string\",\"_hash\":\"0faf006bccbcdc2c7f04ff2d8c87894f\"}"},{"dataType":"ValueEntry","value":"{\"_name\":\"modulePathMap\",\"_value\":\"{\\\"entry\\\":\\\"/Users/jepson/Desktop/Harmony/projects/Part4Demo/entry\\\",\\\"TestModule\\\":\\\"/Users/jepson/Desktop/Harmony/projects/Part4Demo/TestModule\\\"}\",\"_valueType\":\"string\",\"_hash\":\"c5412e81d24ee2a3009f7d659f1e9313\"}"},{"dataType":"ValueEntry","value":"{\"_name\":\"nodeModulesPath\",\"_value\":\"/Users/jepson/Desktop/Harmony/projects/Part4Demo/TestModule/build/default/intermediates/loader_out/default/node_modules\",\"_valueType\":\"string\",\"_hash\":\"fb5e788b2ef6bd38f7d0ac4fa412211c\"}"},{"dataType":"ValueEntry","value":"{\"_name\":\"projectRootPath\",\"_value\":\"/Users/jepson/Desktop/Harmony/projects/Part4Demo\",\"_valueType\":\"string\",\"_hash\":\"fd4eab9e027f244da958e14266d47424\"}"},{"dataType":"ValueEntry","value":"{\"_name\":\"targetConfig\",\"_value\":\"{\\\"name\\\":\\\"default\\\"}\",\"_valueType\":\"string\",\"_hash\":\"44f0c01d44e2bbf4013c5bb1f232e1fe\"}"}],"_successful":true,"_projectName":"Part4Demo","_moduleName":"TestModule","_taskName":"default@GenerateLoaderJson","_key":":Part4Demo:TestModule:default@GenerateLoaderJson","_executionId":":Part4Demo:TestModule:default@GenerateLoaderJson:1716543327914","_inputFiles":{"dataType":"Map","value":[["/Users/jepson/Desktop/Harmony/projects/Part4Demo/TestModule/src/mock/mock-config.json5",{"fileSnapShotHashValue":"b14a24c45594489dce3a85a5ceab0254"}]]},"_outputFiles":{"dataType":"Map","value":[["/Users/jepson/Desktop/Harmony/projects/Part4Demo/TestModule/build/default/intermediates/loader/default/loader.json",{"isDirectory":false,"fileSnapShotHashValue":"c724a94d751ab974f28f4b87849fd4e3"}]]}},":Part4Demo:TestModule:default@ProcessResource":{"_inputs":[{"dataType":"ValueEntry","value":"{\"_name\":\"BUILTIN_TASK_COMMAND\",\"_value\":\"\",\"_valueType\":\"string\",\"_hash\":\"0b5d05294fdf4e78e8482ef53eb64ac0\"}"},{"dataType":"ValueEntry","value":"{\"_name\":\"BUILTIN_TASK_ENV\",\"_value\":\"\",\"_valueType\":\"string\",\"_hash\":\"cdcdc2ec8062ca9ec1de46dbf2bbc053\"}"},{"dataType":"ValueEntry","value":"{\"_name\":\"BUILTIN_TASK_TOOLCHAIN\",\"_value\":\"\",\"_valueType\":\"string\",\"_hash\":\"e7f94a9422a8bc317a7d90b58efcb5f6\"}"},{"dataType":"ValueEntry","value":"{\"_name\":\"resConfigJsonContent\",\"_value\":\"{\\\"configPath\\\":\\\"/Users/jepson/Desktop/Harmony/projects/Part4Demo/TestModule/build/default/intermediates/process_profile/default/module.json\\\",\\\"packageName\\\":\\\"com.example.part4demo\\\",\\\"output\\\":\\\"/Users/jepson/Desktop/Harmony/projects/Part4Demo/TestModule/build/default/intermediates/res/default\\\",\\\"moduleNames\\\":\\\"TestModule,entry\\\",\\\"ResourceTable\\\":[\\\"/Users/jepson/Desktop/Harmony/projects/Part4Demo/TestModule/build/default/generated/r/default/ResourceTable.h\\\"],\\\"applicationResource\\\":\\\"/Users/jepson/Desktop/Harmony/projects/Part4Demo/AppScope/resources\\\",\\\"moduleResources\\\":[\\\"/Users/jepson/Desktop/Harmony/projects/Part4Demo/TestModule/src/main/resources\\\"],\\\"dependencies\\\":[],\\\"iconCheck\\\":true,\\\"ids\\\":\\\"/Users/jepson/Desktop/Harmony/projects/Part4Demo/TestModule/build/default/intermediates/res/default/ids_map\\\",\\\"definedIds\\\":\\\"/Users/jepson/Desktop/Harmony/projects/Part4Demo/TestModule/build/default/intermediates/res/default/ids_map/id_defined.json\\\"}\",\"_valueType\":\"string\",\"_hash\":\"ca86e0aecc153d52f399a253b973bcd5\"}"}],"_successful":true,"_projectName":"Part4Demo","_moduleName":"TestModule","_taskName":"default@ProcessResource","_key":":Part4Demo:TestModule:default@ProcessResource","_executionId":":Part4Demo:TestModule:default@ProcessResource:1716543327919","_inputFiles":{"dataType":"Map","value":[]},"_outputFiles":{"dataType":"Map","value":[["/Users/jepson/Desktop/Harmony/projects/Part4Demo/TestModule/build/default/intermediates/res/default/resConfig.json",{"isDirectory":false,"fileSnapShotHashValue":"12f9030b31897db6aa267da03a7e7452"}]]}},":Part4Demo:TestModule:default@ProcessLibs":{"_inputs":[{"dataType":"ValueEntry","value":"{\"_name\":\"BUILTIN_TASK_COMMAND\",\"_value\":\"\",\"_valueType\":\"string\",\"_hash\":\"0b5d05294fdf4e78e8482ef53eb64ac0\"}"},{"dataType":"ValueEntry","value":"{\"_name\":\"BUILTIN_TASK_ENV\",\"_value\":\"\",\"_valueType\":\"string\",\"_hash\":\"cdcdc2ec8062ca9ec1de46dbf2bbc053\"}"},{"dataType":"ValueEntry","value":"{\"_name\":\"BUILTIN_TASK_TOOLCHAIN\",\"_value\":\"\",\"_valueType\":\"string\",\"_hash\":\"e7f94a9422a8bc317a7d90b58efcb5f6\"}"}],"_successful":true,"_projectName":"Part4Demo","_moduleName":"TestModule","_taskName":"default@ProcessLibs","_key":":Part4Demo:TestModule:default@ProcessLibs","_executionId":":Part4Demo:TestModule:default@ProcessLibs:1716543327922","_inputFiles":{"dataType":"Map","value":[]},"_outputFiles":{"dataType":"Map","value":[["/Users/jepson/Desktop/Harmony/projects/Part4Demo/TestModule/build/default/intermediates/libs/default",{"isDirectory":true,"fileSnapShotHashValue":""}]]}},":Part4Demo:TestModule:default@CompileResource":{"_inputs":[{"dataType":"ValueEntry","value":"{\"_name\":\"BUILTIN_TASK_COMMAND\",\"_value\":\"/Users/jepson/Desktop/Harmony/harmony_sdk/HarmonyOS-NEXT-DP2/base/toolchains/restool,-l,/Users/jepson/Desktop/Harmony/projects/Part4Demo/TestModule/build/default/intermediates/res/default/resConfig.json\",\"_valueType\":\"string\",\"_hash\":\"d6437bb6df4fe220e4f97d395f201427\"}"},{"dataType":"ValueEntry","value":"{\"_name\":\"BUILTIN_TASK_ENV\",\"_value\":\"\",\"_valueType\":\"string\",\"_hash\":\"cdcdc2ec8062ca9ec1de46dbf2bbc053\"}"},{"dataType":"ValueEntry","value":"{\"_name\":\"BUILTIN_TASK_TOOLCHAIN\",\"_value\":\"/Users/jepson/Desktop/Harmony/harmony_sdk/HarmonyOS-NEXT-DP2/base/toolchains/restool\",\"_valueType\":\"string\",\"_hash\":\"3143c00ec51b63cfa5b474f810f8ee1e\"}"},{"dataType":"ValueEntry","value":"{\"_name\":\"TARGET_CONFIG\",\"_value\":\"{\\\"name\\\":\\\"default\\\"}\",\"_valueType\":\"string\",\"_hash\":\"ebe85c5c20c0e5d9e03bc5dc7135f953\"}"}],"_successful":true,"_projectName":"Part4Demo","_moduleName":"TestModule","_taskName":"default@CompileResource","_key":":Part4Demo:TestModule:default@CompileResource","_executionId":":Part4Demo:TestModule:default@CompileResource:1716800352202","_inputFiles":{"dataType":"Map","value":[["/Users/jepson/Desktop/Harmony/projects/Part4Demo/TestModule/src/main/resources",{"fileSnapShotHashValue":"215e01f7eb128ccbae7dbeca606c4da2"}],["/Users/jepson/Desktop/Harmony/projects/Part4Demo/AppScope/resources",{"fileSnapShotHashValue":"ba3664f776979715c3bcb30bcca40f06"}],["/Users/jepson/Desktop/Harmony/projects/Part4Demo/TestModule/build/default/intermediates/process_profile/default/module.json",{"isDirectory":false,"fileSnapShotHashValue":"aabc2494c2adfb590f5566cf03cdf139"}],["/Users/jepson/Desktop/Harmony/projects/Part4Demo/TestModule/build/default/intermediates/res/default/resConfig.json",{"isDirectory":false,"fileSnapShotHashValue":"12f9030b31897db6aa267da03a7e7452"}]]},"_outputFiles":{"dataType":"Map","value":[["/Users/jepson/Desktop/Harmony/projects/Part4Demo/TestModule/build/default/intermediates/res/default",{"isDirectory":true,"fileSnapShotHashValue":"bd2ef50972c25680c6b040589006bd70"}],["/Users/jepson/Desktop/Harmony/projects/Part4Demo/TestModule/build/default/generated/r/default/ResourceTable.h",{"isDirectory":false,"fileSnapShotHashValue":"24637a28574305a670ba8a1fa82211e7"}],["/Users/jepson/Desktop/Harmony/projects/Part4Demo/TestModule/build/default/generated/r/default",{"isDirectory":true,"fileSnapShotHashValue":"84de0f8b85aca79205be260dd2771cb2"}]]}},":Part4Demo:TestModule:default@DoNativeStrip":{"_inputs":[{"dataType":"ValueEntry","value":"{\"_name\":\"BUILTIN_TASK_COMMAND\",\"_value\":\"\",\"_valueType\":\"string\",\"_hash\":\"0b5d05294fdf4e78e8482ef53eb64ac0\"}"},{"dataType":"ValueEntry","value":"{\"_name\":\"BUILTIN_TASK_ENV\",\"_value\":\"\",\"_valueType\":\"string\",\"_hash\":\"cdcdc2ec8062ca9ec1de46dbf2bbc053\"}"},{"dataType":"ValueEntry","value":"{\"_name\":\"BUILTIN_TASK_TOOLCHAIN\",\"_value\":\"\",\"_valueType\":\"string\",\"_hash\":\"e7f94a9422a8bc317a7d90b58efcb5f6\"}"}],"_successful":true,"_projectName":"Part4Demo","_moduleName":"TestModule","_taskName":"default@DoNativeStrip","_key":":Part4Demo:TestModule:default@DoNativeStrip","_executionId":":Part4Demo:TestModule:default@DoNativeStrip:1716543327948","_inputFiles":{"dataType":"Map","value":[["/Users/jepson/Desktop/Harmony/projects/Part4Demo/TestModule/build/default/intermediates/libs/default",{"isDirectory":true,"fileSnapShotHashValue":""}]]},"_outputFiles":{"dataType":"Map","value":[["/Users/jepson/Desktop/Harmony/projects/Part4Demo/TestModule/build/default/intermediates/stripped_native_libs/default",{"isDirectory":true,"fileSnapShotHashValue":""}]]}},":Part4Demo:TestModule:default@CompileArkTS":{"_inputs":[{"dataType":"ValueEntry","value":"{\"_name\":\"BUILTIN_TASK_COMMAND\",\"_value\":\"\",\"_valueType\":\"string\",\"_hash\":\"0b5d05294fdf4e78e8482ef53eb64ac0\"}"},{"dataType":"ValueEntry","value":"{\"_name\":\"BUILTIN_TASK_ENV\",\"_value\":\"\",\"_valueType\":\"string\",\"_hash\":\"cdcdc2ec8062ca9ec1de46dbf2bbc053\"}"},{"dataType":"ValueEntry","value":"{\"_name\":\"BUILTIN_TASK_TOOLCHAIN\",\"_value\":\"\",\"_valueType\":\"string\",\"_hash\":\"e7f94a9422a8bc317a7d90b58efcb5f6\"}"},{"dataType":"ValueEntry","value":"{\"_name\":\"OBFUSCATION_ENABLE\",\"_value\":\"undefined\",\"_valueType\":\"string\",\"_hash\":\"ff7227e14d015249a3e7d1c72a6f786b\"}"},{"dataType":"ValueEntry","value":"{\"_name\":\"arkTsWdiget\",\"_value\":false,\"_valueType\":\"boolean\",\"_hash\":\"b12526953df011fdbb1a10e071b0de01\"}"},{"dataType":"ValueEntry","value":"{\"_name\":\"customTypes\",\"_value\":\"\",\"_valueType\":\"string\",\"_hash\":\"970a2695bffac1c5a4fa283dc36050e3\"}"},{"dataType":"ValueEntry","value":"{\"_name\":\"debuggable\",\"_value\":true,\"_valueType\":\"boolean\",\"_hash\":\"9317e353a3dfc7a50e38661ad8ff5997\"}"},{"dataType":"ValueEntry","value":"{\"_name\":\"isArk\",\"_value\":true,\"_valueType\":\"boolean\",\"_hash\":\"17ecedf2dfb147b839a2b53bbdd3901b\"}"},{"dataType":"ValueEntry","value":"{\"_name\":\"needCoverageInsert\",\"_value\":false,\"_valueType\":\"boolean\",\"_hash\":\"581186029b4d8239f5770bb9c4a40772\"}"},{"dataType":"ValueEntry","value":"{\"_name\":\"noExternalImportByPath\",\"_value\":false,\"_valueType\":\"boolean\",\"_hash\":\"f6ce940efd71de0861cf1c11fa81b403\"}"}],"_successful":true,"_projectName":"Part4Demo","_moduleName":"TestModule","_taskName":"default@CompileArkTS","_key":":Part4Demo:TestModule:default@CompileArkTS","_executionId":":Part4Demo:TestModule:default@CompileArkTS:1716800352229","_inputFiles":{"dataType":"Map","value":[["/Users/jepson/Desktop/Harmony/projects/Part4Demo/TestModule/build/default/intermediates/loader/default",{"isDirectory":true,"fileSnapShotHashValue":"8914e70bb170ffd176416e7e181202ab"}],["/Users/jepson/Desktop/Harmony/projects/Part4Demo/TestModule/build/default/intermediates/res/default/resources/rawfile",{"isDirectory":true,"fileSnapShotHashValue":""}],["/Users/jepson/Desktop/Harmony/projects/Part4Demo/TestModule/build/default/intermediates/res/default/ResourceTable.txt",{"fileSnapShotHashValue":"6700ee47ca13561a455ef45e89bc3b7f"}],["/Users/jepson/Desktop/Harmony/projects/Part4Demo/TestModule/build/default/intermediates/res/default/module.json",{"fileSnapShotHashValue":"4e3b7562e327532238e357b503691388"}],["/Users/jepson/Desktop/Harmony/projects/Part4Demo/TestModule/build/default/intermediates/res/default/resources/base/profile",{"isDirectory":true,"fileSnapShotHashValue":"191e2747b1c399359cbbb561c2736c23"}],["/Users/jepson/Desktop/Harmony/projects/Part4Demo/TestModule/src/main/ets",{"isDirectory":true,"fileSnapShotHashValue":"361d5f6109c35fedf3595b75917dc617"}],["/Users/jepson/Desktop/Harmony/projects/Part4Demo/TestModule/build/default/generated/profile/default/BuildProfile.ets",{"fileSnapShotHashValue":"41a7744cf08eecf6beb99de920f2ddfb"}]]},"_outputFiles":{"dataType":"Map","value":[["/Users/jepson/Desktop/Harmony/projects/Part4Demo/TestModule/build/default/intermediates/loader_out/default/ets",{"isDirectory":true,"fileSnapShotHashValue":"39a8cf239e1314f0b590b009970bb25b"}]]}},":Part4Demo:TestModule:default@BuildJS":{"_inputs":[{"dataType":"ValueEntry","value":"{\"_name\":\"debuggable\",\"_value\":true,\"_valueType\":\"boolean\"}"},{"dataType":"ValueEntry","value":"{\"_name\":\"isArk\",\"_value\":true,\"_valueType\":\"boolean\"}"},{"dataType":"ValueEntry","value":"{\"_name\":\"needCoverageInsert\",\"_value\":false,\"_valueType\":\"boolean\"}"},{"dataType":"ValueEntry","value":"{\"_name\":\"customTypes\",\"_value\":\"\",\"_valueType\":\"string\"}"},{"dataType":"ValueEntry","value":"{\"_name\":\"BUILTIN_TASK_COMMAND\",\"_value\":\"\",\"_valueType\":\"string\"}"},{"dataType":"ValueEntry","value":"{\"_name\":\"BUILTIN_TASK_TOOLCHAIN\",\"_value\":\"\",\"_valueType\":\"string\"}"},{"dataType":"ValueEntry","value":"{\"_name\":\"BUILTIN_TASK_ENV\",\"_value\":\"\",\"_valueType\":\"string\"}"}],"_successful":false,"_projectName":"Part4Demo","_moduleName":"TestModule","_taskName":"default@BuildJS","_key":":Part4Demo:TestModule:default@BuildJS","_executionId":":Part4Demo:TestModule:default@BuildJS:1716800535632","_inputFiles":{"dataType":"Map","value":[["/Users/jepson/Desktop/Harmony/projects/Part4Demo/TestModule/build/default/intermediates/loader/default",{"isDirectory":true,"fileSnapShotHashValue":"8914e70bb170ffd176416e7e181202ab"}],["/Users/jepson/Desktop/Harmony/projects/Part4Demo/TestModule/build/default/intermediates/res/default/resources/rawfile",{"isDirectory":true,"fileSnapShotHashValue":""}],["/Users/jepson/Desktop/Harmony/projects/Part4Demo/TestModule/build/default/intermediates/res/default/ResourceTable.txt",{"fileSnapShotHashValue":"6700ee47ca13561a455ef45e89bc3b7f"}],["/Users/jepson/Desktop/Harmony/projects/Part4Demo/TestModule/build/default/intermediates/res/default/module.json",{"fileSnapShotHashValue":"4e3b7562e327532238e357b503691388"}],["/Users/jepson/Desktop/Harmony/projects/Part4Demo/TestModule/build/default/intermediates/res/default/resources/base/profile",{"isDirectory":true,"fileSnapShotHashValue":"191e2747b1c399359cbbb561c2736c23"}]]},"_outputFiles":{"dataType":"Map","value":[["/Users/jepson/Desktop/Harmony/projects/Part4Demo/TestModule/build/default/intermediates/loader_out/default/js",{"isDirectory":true,"fileSnapShotHashValue":""}]]}},":Part4Demo:TestModule:default@CacheNativeLibs":{"_inputs":[{"dataType":"ValueEntry","value":"{\"_name\":\"BUILTIN_TASK_COMMAND\",\"_value\":\"\",\"_valueType\":\"string\",\"_hash\":\"0b5d05294fdf4e78e8482ef53eb64ac0\"}"},{"dataType":"ValueEntry","value":"{\"_name\":\"BUILTIN_TASK_ENV\",\"_value\":\"\",\"_valueType\":\"string\",\"_hash\":\"cdcdc2ec8062ca9ec1de46dbf2bbc053\"}"},{"dataType":"ValueEntry","value":"{\"_name\":\"BUILTIN_TASK_TOOLCHAIN\",\"_value\":\"\",\"_valueType\":\"string\",\"_hash\":\"e7f94a9422a8bc317a7d90b58efcb5f6\"}"}],"_successful":true,"_projectName":"Part4Demo","_moduleName":"TestModule","_taskName":"default@CacheNativeLibs","_key":":Part4Demo:TestModule:default@CacheNativeLibs","_executionId":":Part4Demo:TestModule:default@CacheNativeLibs:1716543327958","_inputFiles":{"dataType":"Map","value":[["/Users/jepson/Desktop/Harmony/projects/Part4Demo/TestModule/build/default/intermediates/libs/default",{"isDirectory":true,"fileSnapShotHashValue":""}],["/Users/jepson/Desktop/Harmony/projects/Part4Demo/TestModule/build/default/intermediates/stripped_native_libs/default",{"isDirectory":true,"fileSnapShotHashValue":""}]]},"_outputFiles":{"dataType":"Map","value":[["/Users/jepson/Desktop/Harmony/projects/Part4Demo/TestModule/build/default/intermediates/patch/default/base_native_libs.json",{"isDirectory":false,"fileSnapShotHashValue":"7d9215079783483a81c69ebca30c9a0b"}]]}},":Part4Demo:TestModule:default@PackageHap":{"_inputs":[{"dataType":"ValueEntry","value":"{\"_name\":\"BUILTIN_TASK_COMMAND\",\"_value\":\"java,-Dfile.encoding=utf-8,-jar,/Users/jepson/Desktop/Harmony/harmony_sdk/HarmonyOS-NEXT-DP2/base/toolchains/lib/app_packing_tool.jar,--mode,hap,--force,true,--lib-path,/Users/jepson/Desktop/Harmony/projects/Part4Demo/TestModule/build/default/intermediates/stripped_native_libs/default,--json-path,/Users/jepson/Desktop/Harmony/projects/Part4Demo/TestModule/build/default/intermediates/res/default/module.json,--resources-path,/Users/jepson/Desktop/Harmony/projects/Part4Demo/TestModule/build/default/intermediates/res/default/resources,--index-path,/Users/jepson/Desktop/Harmony/projects/Part4Demo/TestModule/build/default/intermediates/res/default/resources.index,--pack-info-path,/Users/jepson/Desktop/Harmony/projects/Part4Demo/TestModule/build/default/outputs/default/pack.info,--out-path,/Users/jepson/Desktop/Harmony/projects/Part4Demo/TestModule/build/default/outputs/default/TestModule-default-unsigned.hap,--ets-path,/Users/jepson/Desktop/Harmony/projects/Part4Demo/TestModule/build/default/intermediates/loader_out/default/ets\",\"_valueType\":\"string\",\"_hash\":\"482e6ce5c3132bb071c87d58fe72a0a0\"}"},{"dataType":"ValueEntry","value":"{\"_name\":\"BUILTIN_TASK_ENV\",\"_value\":\"\",\"_valueType\":\"string\",\"_hash\":\"cdcdc2ec8062ca9ec1de46dbf2bbc053\"}"},{"dataType":"ValueEntry","value":"{\"_name\":\"BUILTIN_TASK_TOOLCHAIN\",\"_value\":\"/Users/jepson/Desktop/Harmony/harmony_sdk/HarmonyOS-NEXT-DP2/base/toolchains/lib/app_packing_tool.jar\",\"_valueType\":\"string\",\"_hash\":\"515634149acd1e6b51f6f7a58dfe3ced\"}"},{"dataType":"ValueEntry","value":"{\"_name\":\"bundleType\",\"_value\":\"app\",\"_valueType\":\"string\",\"_hash\":\"52d51b7a536b92694516aaef4862f108\"}"},{"dataType":"ValueEntry","value":"{\"_name\":\"hotReload\",\"_value\":false,\"_valueType\":\"boolean\",\"_hash\":\"5ac751c77a9acfe5e8b96c28ebdbaeed\"}"},{"dataType":"ValueEntry","value":"{\"_name\":\"projectConfigAppOpt\",\"_valueType\":\"undefined\",\"_hash\":\"b52997704fa206ed96a13a1f2e464a85\"}"}],"_successful":true,"_projectName":"Part4Demo","_moduleName":"TestModule","_taskName":"default@PackageHap","_key":":Part4Demo:TestModule:default@PackageHap","_executionId":":Part4Demo:TestModule:default@PackageHap:1716800352663","_inputFiles":{"dataType":"Map","value":[["/Users/jepson/Desktop/Harmony/projects/Part4Demo/TestModule/build/default/intermediates/stripped_native_libs/default",{"isDirectory":false,"fileSnapShotHashValue":""}],["/Users/jepson/Desktop/Harmony/projects/Part4Demo/TestModule/build/default/intermediates/res/default/module.json",{"isDirectory":false,"fileSnapShotHashValue":"4e3b7562e327532238e357b503691388"}],["/Users/jepson/Desktop/Harmony/projects/Part4Demo/TestModule/build/default/intermediates/res/default/resources",{"isDirectory":false,"fileSnapShotHashValue":"6db040c51840966169befed0fa701179"}],["/Users/jepson/Desktop/Harmony/projects/Part4Demo/TestModule/build/default/intermediates/res/default/resources.index",{"isDirectory":false,"fileSnapShotHashValue":"90fc6bd1b45e443bff17f84b7bd0a265"}],["/Users/jepson/Desktop/Harmony/projects/Part4Demo/TestModule/build/default/outputs/default/pack.info",{"isDirectory":false,"fileSnapShotHashValue":"ca5185162db28ce043c2a2d14e3f728d"}],["/Users/jepson/Desktop/Harmony/projects/Part4Demo/TestModule/build/default/intermediates/loader_out/default/ets",{"isDirectory":false,"fileSnapShotHashValue":"39a8cf239e1314f0b590b009970bb25b"}],["/Users/jepson/Desktop/Harmony/projects/Part4Demo/TestModule/build/default/generated/profile/default/BuildProfile.ets",{"fileSnapShotHashValue":"41a7744cf08eecf6beb99de920f2ddfb"}]]},"_outputFiles":{"dataType":"Map","value":[["/Users/jepson/Desktop/Harmony/projects/Part4Demo/TestModule/build/default/outputs/default/TestModule-default-unsigned.hap",{"isDirectory":false,"fileSnapShotHashValue":"cb4534dfd299e964a8398838d81abfd4"}]]}},":Part4Demo:TestModule:default@SignHap":{"_inputs":[{"dataType":"ValueEntry","value":"{\"_name\":\"enableSignTask\",\"_value\":true,\"_valueType\":\"boolean\"}"},{"dataType":"ValueEntry","value":"{\"_name\":\"sdkToolchainsComponentVersion\",\"_value\":\"4.1.0.71\",\"_valueType\":\"string\"}"},{"dataType":"ValueEntry","value":"{\"_name\":\"existSigningConfig\",\"_value\":false,\"_valueType\":\"boolean\"}"},{"dataType":"ValueEntry","value":"{\"_name\":\"BUILTIN_TASK_COMMAND\",\"_value\":\"\",\"_valueType\":\"string\"}"},{"dataType":"ValueEntry","value":"{\"_name\":\"BUILTIN_TASK_TOOLCHAIN\",\"_value\":\"\",\"_valueType\":\"string\"}"},{"dataType":"ValueEntry","value":"{\"_name\":\"BUILTIN_TASK_ENV\",\"_value\":\"\",\"_valueType\":\"string\"}"}],"_successful":true,"_projectName":"Part4Demo","_moduleName":"TestModule","_taskName":"default@SignHap","_key":":Part4Demo:TestModule:default@SignHap","_executionId":":Part4Demo:TestModule:default@SignHap:1716800535640","_inputFiles":{"dataType":"Map","value":[["/Users/jepson/Desktop/Harmony/projects/Part4Demo/TestModule/build/default/outputs/default/TestModule-default-unsigned.hap",{"isDirectory":false,"fileSnapShotHashValue":"cb4534dfd299e964a8398838d81abfd4"}]]},"_outputFiles":{"dataType":"Map","value":[["/Users/jepson/Desktop/Harmony/projects/Part4Demo/TestModule/build/default/outputs/default/TestModule-default-signed.hap",{"isDirectory":false,"fileSnapShotHashValue":""}]]}}}