{
  "id": "4548284",
  "name": "harmonyNext",
  "font_family": "iconfont",
  "css_prefix_text": "icon-",
  "description": "",
  "glyphs": [
    {
      "icon_id": "2076291",
      "name": " 火车票",
      "font_class": "huochepiao",
      "unicode": "e89a",
      "unicode_decimal": 59546
    },
    {
      "icon_id": "77697",
      "name": "点赞",
      "font_class": "dianzan",
      "unicode": "e600",
      "unicode_decimal": 58880
    },
    {
      "icon_id": "924711",
      "name": "收藏",
      "font_class": "shoucang",
      "unicode": "e61d",
      "unicode_decimal": 58909
    },
    {
      "icon_id": "8288824",
      "name": "编辑",
      "font_class": "bianji",
      "unicode": "e840",
      "unicode_decimal": 59456
    },
    {
      "icon_id": "33997763",
      "name": "电视机",
      "font_class": "dianshiji",
      "unicode": "e625",
      "unicode_decimal": 58917
    }
  ]
}
