{"deviceType":"phone,tablet,2in1","checkEntry":"true","localPropertiesPath":"/Users/jepson/Desktop/Harmony/projects/Part2Demo/local.properties","PATH":"/Users/jepson/node/node-18.14.1/bin/","note":"false","aceProfilePath":"/Users/jepson/Desktop/Harmony/projects/Part2Demo/entry/.preview/default/intermediates/res/default/resources/base/profile","isPreview":"true","hapMode":"false","buildMode":"debug","img2bin":"true","projectProfilePath":"/Users/jepson/Desktop/Harmony/projects/Part2Demo/build-profile.json5","watchMode":"true","appResource":"/Users/jepson/Desktop/Harmony/projects/Part2Demo/entry/.preview/default/intermediates/res/default/ResourceTable.txt","logLevel":"3","stageRouterConfig":{"contents":["{\"module\":{\"pages\":\"$profile:main_pages\",\"name\":\"entry\"}}","{\"src\":[\"pages/Index\"]}"],"paths":["/Users/jepson/Desktop/Harmony/projects/Part2Demo/entry/.preview/default/intermediates/res/default/module.json","/Users/jepson/Desktop/Harmony/projects/Part2Demo/entry/.preview/default/intermediates/res/default/resources/base/profile/main_pages.json"]},"port":"29912","aceBuildJson":"/Users/jepson/Desktop/Harmony/projects/Part2Demo/entry/.preview/default/intermediates/loader/default/loader.json","aceModuleRoot":"/Users/jepson/Desktop/Harmony/projects/Part2Demo/entry/src/main/ets","aceSoPath":"/Users/jepson/Desktop/Harmony/projects/Part2Demo/entry/.preview/cache/nativeDependencies.txt","cachePath":"/Users/jepson/Desktop/Harmony/projects/Part2Demo/entry/.preview/cache/.default","aceModuleBuild":"/Users/jepson/Desktop/Harmony/projects/Part2Demo/entry/.preview/default/intermediates/assets/default/ets","aceModuleJsonPath":"/Users/jepson/Desktop/Harmony/projects/Part2Demo/entry/.preview/default/intermediates/res/default/module.json"}