{
  "HVIGOR_OHOS_PLUGIN": {
    "MODULE_CONFIG": [
      {
        "MODULE_NAME": "entry",
        "API_TYPE": "stageMode",
        "TARGETS": [
          {
            "name": "default"
          },
          {
            "name": "ohosTest"
          }
        ],
        "DEVICE_TYPES": [
          "phone",
          "tablet",
          "2in1"
        ]
      },
      {
        "MODULE_NAME": "TestModule",
        "API_TYPE": "stageMode",
        "TARGETS": [
          {
            "name": "default"
          },
          {
            "name": "ohosTest"
          }
        ],
        "DEVICE_TYPES": [
          "phone",
          "tablet",
          "2in1"
        ]
      }
    ],
    "PROJECT_CONFIG": {
      "PRODUCTS": [
        {
          "NAME": "default",
          "COMPILE_SDK_VERSION": "4.1.0(11)",
          "COMPATIBLE_SDK_VERSION": "4.1.0(11)",
          "RUNTIMEOS": "HarmonyOS"
        }
      ],
      "BUILD_MODE_SET": [
        {
          "NAME": "debug"
        },
        {
          "NAME": "release"
        }
      ],
      "MODULES": [
        {
          "TARGETS": [
            {
              "NAME": "default"
            }
          ]
        },
        {
          "TARGETS": [
            {
              "NAME": "default"
            }
          ]
        }
      ],
      "BUILD_MODE": "debug",
      "aotCompileMode": "type"
    }
  },
  "totalTime": 658429334,
  "moduleNum": 2,
  "taskTime": {
    "compileArkTS": 349638750,
    "buildArkTS": 0,
    "compileJS": 0,
    "buildJS": 933458,
    "compileResource": 0,
    "packageHap": 194356500,
    "signHap": 604917
  },
  "isIncremental": true,
  "hasIncremental": true,
  "isParallel": true,
  "IS_DAEMON": true,
  "LOG_LEVEL": "INFO",
  "IS_HVIGORFILE_TYPE_CHECK": false
}